tam,tiempo,agentes,votos
1,3.679e-06,1,0
2,5.321e-06,2,0
3,1.277e-05,3,0
4,3.1878e-05,4,0
5,7.849e-05,5,0
6,0.000187748,6,0
7,0.00047546,7,0
8,0.00100739,8,0
9,0.0023202,9,0
10,0.00526605,10,0
11,0.0118118,11,0
12,0.0260176,12,0
13,0.0565245,13,0
14,0.123889,14,0
15,0.26958,15,0
16,0.587846,16,0
17,1.27294,17,0
18,2.81521,18,0
19,5.94785,19,0
20,12.506,20,0
