tam,tiempo,agentes,votos
1,3.592e-06,1,0
2,5.193e-06,2,0
3,1.2667e-05,3,0
4,3.2158e-05,4,0
5,7.8226e-05,5,0
6,0.000186771,6,0
7,0.000474548,7,0
8,0.00101265,8,0
9,0.00232483,9,0
10,0.00525173,10,0
11,0.0116516,11,0
12,0.0258612,12,0
13,0.0563973,13,0
14,0.123885,14,0
15,0.268547,15,0
16,0.584731,16,0
17,1.26837,17,0
18,2.71799,18,0
19,5.98423,19,0
20,12.6256,20,0
