tam,tiempo,agentes,votos
1,3.653e-06,1,0
2,5.21e-06,2,0
3,1.278e-05,3,0
4,3.1948e-05,4,0
5,7.8328e-05,5,0
6,0.000188071,6,0
7,0.000436385,7,0
8,0.00100936,8,0
9,0.00236449,9,0
10,0.00520523,10,0
11,0.0116757,11,0
12,0.0258494,12,0
13,0.056407,13,0
14,0.124427,14,0
15,0.275016,15,0
16,0.671253,16,0
17,1.27789,17,0
18,2.75679,18,0
19,5.81907,19,0
20,12.6416,20,0
