tam,tiempo,agentes,votos
1,3.603e-06,1,0
2,5.312e-06,2,0
3,1.2649e-05,3,0
4,3.1634e-05,4,0
5,7.8149e-05,5,0
6,0.000213509,6,0
7,0.000449401,7,0
8,0.00101053,8,0
9,0.00232399,9,0
10,0.00524439,10,0
11,0.0116841,11,0
12,0.0259171,12,0
13,0.0565042,13,0
14,0.123964,14,0
15,0.268737,15,0
16,0.58459,16,0
17,1.26955,17,0
18,2.80314,18,0
19,5.92182,19,0
20,12.5504,20,0
