tam,tiempo,agentes,votos
1,3.637e-06,1,0
2,5.335e-06,2,0
3,1.2559e-05,3,0
4,3.1865e-05,4,0
5,7.825e-05,5,0
6,0.0001871,6,0
7,0.000435563,7,0
8,0.0010499,8,0
9,0.00232271,9,0
10,0.00525138,10,0
11,0.0119258,11,0
12,0.0260493,12,0
13,0.0565088,13,0
14,0.123877,14,0
15,0.2686,15,0
16,0.58602,16,0
17,1.35388,17,0
18,2.78137,18,0
19,5.98257,19,0
20,12.7121,20,0
