tam,tiempo,agentes,votos
1,3.67e-06,1,0
2,5.29e-06,2,0
3,1.2676e-05,3,0
4,3.189e-05,4,0
5,7.8679e-05,5,0
6,0.000226888,6,0
7,0.000440551,7,0
8,0.00101105,8,0
9,0.00232589,9,0
10,0.00524843,10,0
11,0.0116653,11,0
12,0.0258954,12,0
13,0.0566765,13,0
14,0.125478,14,0
15,0.269771,15,0
16,0.583551,16,0
17,1.26535,17,0
18,2.71864,18,0
19,5.81342,19,0
20,12.8085,20,0
