tam,tiempo,agentes,votos
1,3.589e-06,1,0
2,5.331e-06,2,0
3,1.3047e-05,3,0
4,3.1779e-05,4,0
5,7.8253e-05,5,0
6,0.000186737,6,0
7,0.000434523,7,0
8,0.0010135,8,0
9,0.00237531,9,0
10,0.00522785,10,0
11,0.0116733,11,0
12,0.0259416,12,0
13,0.0565791,13,0
14,0.124098,14,0
15,0.268807,15,0
16,0.584606,16,0
17,1.26856,17,0
18,2.72025,18,0
19,6.09114,19,0
20,12.8185,20,0
