tam,tiempo,agentes,votos
1,3.687e-06,1,0
2,5.27e-06,2,0
3,1.2494e-05,3,0
4,3.2062e-05,4,0
5,7.8354e-05,5,0
6,0.000187765,6,0
7,0.000437002,7,0
8,0.00100951,8,0
9,0.00237148,9,0
10,0.00521008,10,0
11,0.0116735,11,0
12,0.0258617,12,0
13,0.0565923,13,0
14,0.131766,14,0
15,0.306222,15,0
16,0.668883,16,0
17,1.45683,17,0
18,2.78153,18,0
19,5.81155,19,0
20,12.9238,20,0
