tam,tiempo,agentes,votos
1,3.745e-06,1,0
2,5.361e-06,2,0
3,1.2676e-05,3,0
4,3.1896e-05,4,0
5,7.8876e-05,5,0
6,0.000186874,6,0
7,0.00046525,7,0
8,0.00104043,8,0
9,0.00242354,9,0
10,0.00554484,10,0
11,0.0122527,11,0
12,0.0270585,12,0
13,0.0584433,13,0
14,0.128553,14,0
15,0.279521,15,0
16,0.605183,16,0
17,1.31341,17,0
18,2.82852,18,0
19,6.02495,19,0
20,12.9193,20,0
