tam,tiempo,agentes,votos
1,3.663e-06,1,0
2,5.282e-06,2,0
3,1.2601e-05,3,0
4,3.2011e-05,4,0
5,7.852e-05,5,0
6,0.000188453,6,0
7,0.000435988,7,0
8,0.0010504,8,0
9,0.00233178,9,0
10,0.00529506,10,0
11,0.0120399,11,0
12,0.0262822,12,0
13,0.0592009,13,0
14,0.129966,14,0
15,0.281721,15,0
16,0.634498,16,0
17,1.33175,17,0
18,2.7521,18,0
19,5.88076,19,0
20,12.4948,20,0
