tam,tiempo,agentes,votos
1,3.524e-06,1,0
2,5.278e-06,2,0
3,1.2776e-05,3,0
4,3.1897e-05,4,0
5,7.8243e-05,5,0
6,0.000186647,6,0
7,0.00043647,7,0
8,0.00101274,8,0
9,0.00236354,9,0
10,0.00521116,10,0
11,0.0116467,11,0
12,0.0257741,12,0
13,0.0564091,13,0
14,0.124062,14,0
15,0.268672,15,0
16,0.58383,16,0
17,1.26519,17,0
18,2.71643,18,0
19,5.80986,19,0
20,12.9341,20,0
