tam,tiempo,agentes,votos
1,3.626e-06,1,0
2,5.248e-06,2,0
3,1.2742e-05,3,0
4,3.1737e-05,4,0
5,7.8388e-05,5,0
6,0.000187107,6,0
7,0.000474856,7,0
8,0.00100905,8,0
9,0.00231984,9,0
10,0.00524951,10,0
11,0.0116468,11,0
12,0.0257921,12,0
13,0.0564614,13,0
14,0.123914,14,0
15,0.268539,15,0
16,0.58511,16,0
17,1.30657,17,0
18,2.74453,18,0
19,6.03647,19,0
20,12.8833,20,0
