tam,tiempo,agentes,votos
1,3.598e-06,1,0
2,5.172e-06,2,0
3,1.2531e-05,3,0
4,3.1706e-05,4,0
5,7.8575e-05,5,0
6,0.000186531,6,0
7,0.000435867,7,0
8,0.0010077,8,0
9,0.00236734,9,0
10,0.0052515,10,0
11,0.0116574,11,0
12,0.0258887,12,0
13,0.0564943,13,0
14,0.123912,14,0
15,0.2692,15,0
16,0.58536,16,0
17,1.26627,17,0
18,2.72278,18,0
19,5.83133,19,0
20,12.9596,20,0
