tam,tiempo,agentes,votos
1,3.662e-06,1,0
2,5.303e-06,2,0
3,1.2647e-05,3,0
4,3.1739e-05,4,0
5,7.8775e-05,5,0
6,0.00018718,6,0
7,0.000481843,7,0
8,0.00103901,8,0
9,0.00241087,9,0
10,0.00553443,10,0
11,0.0122189,11,0
12,0.0269858,12,0
13,0.0585446,13,0
14,0.128864,14,0
15,0.278254,15,0
16,0.608821,16,0
17,1.41846,17,0
18,2.82552,18,0
19,5.8948,19,0
20,12.8753,20,0
