tam,tiempo,agentes,votos
1,3.622e-06,1,0
2,5.246e-06,2,0
3,1.2612e-05,3,0
4,3.1629e-05,4,0
5,7.8245e-05,5,0
6,0.000187049,6,0
7,0.000476626,7,0
8,0.00101088,8,0
9,0.00232358,9,0
10,0.00528547,10,0
11,0.011944,11,0
12,0.026758,12,0
13,0.0572622,13,0
14,0.12414,14,0
15,0.268616,15,0
16,0.58609,16,0
17,1.2677,17,0
18,2.89156,18,0
19,5.96072,19,0
20,12.5504,20,0
