tam,tiempo,agentes,votos
1,3.717e-06,1,0
2,5.232e-06,2,0
3,1.2614e-05,3,0
4,3.1846e-05,4,0
5,7.8958e-05,5,0
6,0.00018824,6,0
7,0.000438139,7,0
8,0.00105124,8,0
9,0.00233059,9,0
10,0.00524614,10,0
11,0.0116533,11,0
12,0.025864,12,0
13,0.0569231,13,0
14,0.124872,14,0
15,0.284271,15,0
16,0.634158,16,0
17,1.42249,17,0
18,2.90334,18,0
19,5.84165,19,0
20,12.5081,20,0
