tam,tiempo,agentes,votos
1,3.795e-06,1,0
2,5.607e-06,2,0
3,1.3417e-05,3,0
4,3.3502e-05,4,0
5,8.2011e-05,5,0
6,0.000196975,6,0
7,0.000456377,7,0
8,0.00106904,8,0
9,0.00245073,9,0
10,0.00547184,10,0
11,0.012145,11,0
12,0.0261247,12,0
13,0.0563219,13,0
14,0.123842,14,0
15,0.269455,15,0
16,0.584948,16,0
17,1.26643,17,0
18,2.77821,18,0
19,5.91945,19,0
20,12.6501,20,0
