tam,tiempo,agentes,votos
1,3.671e-06,1,0
2,5.303e-06,2,0
3,1.278e-05,3,0
4,3.1884e-05,4,0
5,7.8619e-05,5,0
6,0.000187422,6,0
7,0.000438051,7,0
8,0.00101285,8,0
9,0.00236543,9,0
10,0.00522374,10,0
11,0.0116582,11,0
12,0.0260009,12,0
13,0.0564479,13,0
14,0.123875,14,0
15,0.268631,15,0
16,0.615267,16,0
17,1.45088,17,0
18,2.95308,18,0
19,5.81744,19,0
20,12.5159,20,0
