tam,tiempo,agentes,votos
1,3.617e-06,1,0
2,5.129e-06,2,0
3,1.2646e-05,3,0
4,3.198e-05,4,0
5,7.8367e-05,5,0
6,0.00018754,6,0
7,0.000435859,7,0
8,0.0010489,8,0
9,0.00232079,9,0
10,0.00523858,10,0
11,0.0117529,11,0
12,0.0259973,12,0
13,0.0565642,13,0
14,0.123935,14,0
15,0.270544,15,0
16,0.585498,16,0
17,1.29399,17,0
18,2.75708,18,0
19,5.90974,19,0
20,12.4918,20,0
