tam,tiempo,agentes,votos
1,3.669e-06,1,0
2,5.25e-06,2,0
3,1.2491e-05,3,0
4,3.2039e-05,4,0
5,7.8668e-05,5,0
6,0.000187526,6,0
7,0.000436365,7,0
8,0.00101112,8,0
9,0.00236154,9,0
10,0.00523383,10,0
11,0.0116469,11,0
12,0.0258454,12,0
13,0.0564854,13,0
14,0.123856,14,0
15,0.269167,15,0
16,0.587114,16,0
17,1.27039,17,0
18,2.81058,18,0
19,6.02478,19,0
20,12.8241,20,0
