tam,tiempo,agentes,votos
1,3.925e-06,1,0
2,5.813e-06,2,0
3,1.3666e-05,3,0
4,3.4528e-05,4,0
5,8.594e-05,5,0
6,0.000206563,6,0
7,0.000483109,7,0
8,0.00116206,8,0
9,0.00259572,9,0
10,0.00587517,10,0
11,0.0131207,11,0
12,0.0291348,12,0
13,0.06387,13,0
14,0.140558,14,0
15,0.274766,15,0
16,0.584393,16,0
17,1.2668,17,0
18,2.71453,18,0
19,5.8712,19,0
20,12.5674,20,0
