tam,tiempo,agentes,votos
1,3.661e-06,1,0
2,5.271e-06,2,0
3,1.2712e-05,3,0
4,3.1786e-05,4,0
5,7.8955e-05,5,0
6,0.000187469,6,0
7,0.000435891,7,0
8,0.0010093,8,0
9,0.00235214,9,0
10,0.00520581,10,0
11,0.0116778,11,0
12,0.0258544,12,0
13,0.0565473,13,0
14,0.124871,14,0
15,0.269074,15,0
16,0.584105,16,0
17,1.2656,17,0
18,2.71696,18,0
19,5.94664,19,0
20,12.8841,20,0
