tam,tiempo,agentes,votos
1,3.624e-06,1,0
2,5.283e-06,2,0
3,1.2643e-05,3,0
4,3.1922e-05,4,0
5,7.8139e-05,5,0
6,0.000216397,6,0
7,0.000436108,7,0
8,0.00103815,8,0
9,0.0024433,9,0
10,0.00542958,10,0
11,0.0121753,11,0
12,0.0270191,12,0
13,0.0585722,13,0
14,0.128957,14,0
15,0.279946,15,0
16,0.614818,16,0
17,1.38075,17,0
18,2.81666,18,0
19,6.03656,19,0
20,13.2955,20,0
