tam,tiempo,agentes,votos
1,3.805e-06,1,0
2,5.22e-06,2,0
3,1.2698e-05,3,0
4,3.1701e-05,4,0
5,7.8213e-05,5,0
6,0.000187656,6,0
7,0.000436631,7,0
8,0.00100938,8,0
9,0.00235291,9,0
10,0.00522638,10,0
11,0.0118187,11,0
12,0.0260808,12,0
13,0.0566553,13,0
14,0.123881,14,0
15,0.271145,15,0
16,0.587259,16,0
17,1.26736,17,0
18,2.76719,18,0
19,5.84647,19,0
20,12.7538,20,0
