tam,tiempo,agentes,votos
1,3.796e-06,1,0
2,5.345e-06,2,0
3,1.249e-05,3,0
4,3.1682e-05,4,0
5,7.8473e-05,5,0
6,0.000187374,6,0
7,0.000436231,7,0
8,0.00106394,8,0
9,0.00232864,9,0
10,0.0052215,10,0
11,0.011655,11,0
12,0.0259595,12,0
13,0.0565687,13,0
14,0.123923,14,0
15,0.268553,15,0
16,0.588945,16,0
17,1.26764,17,0
18,2.7195,18,0
19,5.83822,19,0
20,12.5458,20,0
