tam,tiempo,agentes,votos
1,3.77e-06,1,0
2,5.346e-06,2,0
3,1.2968e-05,3,0
4,3.3119e-05,4,0
5,8.0547e-05,5,0
6,0.000234411,6,0
7,0.00044724,7,0
8,0.00103927,8,0
9,0.0023866,9,0
10,0.00540902,10,0
11,0.0119609,11,0
12,0.0264652,12,0
13,0.0577577,13,0
14,0.126813,14,0
15,0.274986,15,0
16,0.598283,16,0
17,1.29844,17,0
18,3.04236,18,0
19,6.04068,19,0
20,13.2498,20,0
