tam,tiempo,agentes,votos
1,3.719e-06,1,0
2,5.3e-06,2,0
3,1.2587e-05,3,0
4,3.2087e-05,4,0
5,7.8849e-05,5,0
6,0.000189077,6,0
7,0.000438715,7,0
8,0.00101224,8,0
9,0.00236343,9,0
10,0.00529891,10,0
11,0.0116582,11,0
12,0.0259427,12,0
13,0.0564125,13,0
14,0.12391,14,0
15,0.268768,15,0
16,0.584708,16,0
17,1.26769,17,0
18,2.75686,18,0
19,6.0171,19,0
20,12.5054,20,0
