tam,tiempo,agentes,votos
1,3.915e-06,1,0
2,5.386e-06,2,0
3,1.2669e-05,3,0
4,3.1781e-05,4,0
5,7.8707e-05,5,0
6,0.000186801,6,0
7,0.000450715,7,0
8,0.00109053,8,0
9,0.00240764,9,0
10,0.00536311,10,0
11,0.0121263,11,0
12,0.0268167,12,0
13,0.058511,13,0
14,0.128367,14,0
15,0.279188,15,0
16,0.605075,16,0
17,1.31099,17,0
18,2.83318,18,0
19,6.03523,19,0
20,13.0109,20,0
