tam,tiempo,agentes,votos
1,3.548e-06,1,0
2,5.275e-06,2,0
3,1.2673e-05,3,0
4,3.1683e-05,4,0
5,7.8513e-05,5,0
6,0.000187309,6,0
7,0.000435833,7,0
8,0.00104825,8,0
9,0.00231829,9,0
10,0.00523616,10,0
11,0.0118129,11,0
12,0.0260033,12,0
13,0.0566721,13,0
14,0.123892,14,0
15,0.271197,15,0
16,0.587413,16,0
17,1.26734,17,0
18,2.74613,18,0
19,5.95015,19,0
20,12.5867,20,0
