tam,tiempo,agentes,votos
1,3.603e-06,1,0
2,5.176e-06,2,0
3,1.2727e-05,3,0
4,3.1721e-05,4,0
5,7.8685e-05,5,0
6,0.000187154,6,0
7,0.000436591,7,0
8,0.0010117,8,0
9,0.00236501,9,0
10,0.00521404,10,0
11,0.0116549,11,0
12,0.0258254,12,0
13,0.056375,13,0
14,0.12424,14,0
15,0.269569,15,0
16,0.596111,16,0
17,1.28177,17,0
18,2.78608,18,0
19,5.94217,19,0
20,12.6128,20,0
