tam,tiempo,agentes,votos
1,3.653e-06,1,0
2,5.214e-06,2,0
3,1.27e-05,3,0
4,3.184e-05,4,0
5,7.7963e-05,5,0
6,0.000187298,6,0
7,0.000436219,7,0
8,0.00100862,8,0
9,0.0023602,9,0
10,0.00520785,10,0
11,0.0116733,11,0
12,0.025906,12,0
13,0.0564183,13,0
14,0.12384,14,0
15,0.268992,15,0
16,0.584504,16,0
17,1.36054,17,0
18,2.71759,18,0
19,5.9525,19,0
20,12.4988,20,0
