tam,tiempo,agentes,votos
1,3.753e-06,1,0
2,5.199e-06,2,0
3,1.2683e-05,3,0
4,3.1964e-05,4,0
5,7.838e-05,5,0
6,0.000187388,6,0
7,0.000435539,7,0
8,0.00100742,8,0
9,0.0023586,9,0
10,0.00520535,10,0
11,0.0116656,11,0
12,0.0259001,12,0
13,0.0563849,13,0
14,0.123824,14,0
15,0.268568,15,0
16,0.584387,16,0
17,1.33723,17,0
18,2.73819,18,0
19,5.81895,19,0
20,12.8574,20,0
