tam,tiempo,agentes,votos
1,3.7e-06,1,0
2,5.357e-06,2,0
3,1.2611e-05,3,0
4,4.736e-05,4,0
5,9.4679e-05,5,0
6,0.000186657,6,0
7,0.00046478,7,0
8,0.0010409,8,0
9,0.00245168,9,0
10,0.00543347,10,0
11,0.0121053,11,0
12,0.0269989,12,0
13,0.058635,13,0
14,0.12882,14,0
15,0.278169,15,0
16,0.604684,16,0
17,1.37445,17,0
18,2.83624,18,0
19,6.08641,19,0
20,13.014,20,0
