tam,tiempo,agentes,votos
1,3.548e-06,1,0
2,5.134e-06,2,0
3,1.2693e-05,3,0
4,3.1692e-05,4,0
5,7.8644e-05,5,0
6,0.000186999,6,0
7,0.000477615,7,0
8,0.00101632,8,0
9,0.00233237,9,0
10,0.00526007,10,0
11,0.0116413,11,0
12,0.0258597,12,0
13,0.0566942,13,0
14,0.124003,14,0
15,0.269281,15,0
16,0.589583,16,0
17,1.2913,17,0
18,2.74326,18,0
19,5.82807,19,0
20,12.7844,20,0
