tam,tiempo,agentes,votos
1,3.69e-06,1,0
2,5.123e-06,2,0
3,1.2537e-05,3,0
4,3.1757e-05,4,0
5,7.8784e-05,5,0
6,0.000187014,6,0
7,0.000438571,7,0
8,0.00101091,8,0
9,0.00236602,9,0
10,0.00523347,10,0
11,0.0116497,11,0
12,0.0259096,12,0
13,0.0564343,13,0
14,0.123857,14,0
15,0.268461,15,0
16,0.585115,16,0
17,1.26589,17,0
18,2.71656,18,0
19,5.84084,19,0
20,12.5472,20,0
