tam,tiempo,agentes,votos
1,3.722e-06,1,0
2,5.226e-06,2,0
3,1.263e-05,3,0
4,3.1649e-05,4,0
5,7.8828e-05,5,0
6,0.000186785,6,0
7,0.000436515,7,0
8,0.00104613,8,0
9,0.00233218,9,0
10,0.00524316,10,0
11,0.0116461,11,0
12,0.0258729,12,0
13,0.0563657,13,0
14,0.123843,14,0
15,0.268646,15,0
16,0.584474,16,0
17,1.268,17,0
18,2.72053,18,0
19,5.98581,19,0
20,12.9059,20,0
