tam,tiempo,agentes,votos
1,3.67e-06,1,0
2,5.283e-06,2,0
3,1.2712e-05,3,0
4,3.1844e-05,4,0
5,7.8562e-05,5,0
6,0.000187074,6,0
7,0.000465456,7,0
8,0.00103874,8,0
9,0.00241634,9,0
10,0.00536815,10,0
11,0.0120434,11,0
12,0.0269424,12,0
13,0.0585052,13,0
14,0.128262,14,0
15,0.278138,15,0
16,0.605509,16,0
17,1.31246,17,0
18,2.81356,18,0
19,6.028,19,0
20,13.0602,20,0
