tam,tiempo,agentes,votos
1,3.662e-06,1,0
2,5.302e-06,2,0
3,1.275e-05,3,0
4,3.1983e-05,4,0
5,7.8409e-05,5,0
6,0.000187931,6,0
7,0.000437188,7,0
8,0.00101085,8,0
9,0.0023576,9,0
10,0.00524461,10,0
11,0.0118775,11,0
12,0.0263731,12,0
13,0.0566074,13,0
14,0.123963,14,0
15,0.289423,15,0
16,0.587698,16,0
17,1.29864,17,0
18,2.81076,18,0
19,6.03817,19,0
20,12.9047,20,0
