tam,tiempo,agentes,votos
1,3.673e-06,1,0
2,5.361e-06,2,0
3,1.275e-05,3,0
4,3.2015e-05,4,0
5,7.8707e-05,5,0
6,0.000186694,6,0
7,0.000437072,7,0
8,0.00104964,8,0
9,0.00232236,9,0
10,0.00524077,10,0
11,0.0116789,11,0
12,0.0258233,12,0
13,0.0564544,13,0
14,0.125068,14,0
15,0.269161,15,0
16,0.5855,16,0
17,1.27182,17,0
18,2.74106,18,0
19,5.86501,19,0
20,12.7017,20,0
