tam,tiempo,agentes,votos
1,3.583e-06,1,0
2,5.315e-06,2,0
3,1.2579e-05,3,0
4,3.1771e-05,4,0
5,7.8243e-05,5,0
6,0.000187174,6,0
7,0.000436379,7,0
8,0.00105058,8,0
9,0.00232284,9,0
10,0.00526451,10,0
11,0.0116196,11,0
12,0.0259123,12,0
13,0.0564342,13,0
14,0.123813,14,0
15,0.268508,15,0
16,0.645175,16,0
17,1.26728,17,0
18,2.718,18,0
19,5.88591,19,0
20,12.4888,20,0
