tam,tiempo,agentes,votos
1,3.935e-06,1,0
2,5.217e-06,2,0
3,1.2551e-05,3,0
4,3.1637e-05,4,0
5,7.835e-05,5,0
6,0.000187539,6,0
7,0.000437448,7,0
8,0.00100979,8,0
9,0.00235805,9,0
10,0.00526154,10,0
11,0.0117115,11,0
12,0.0258903,12,0
13,0.0564872,13,0
14,0.124641,14,0
15,0.268765,15,0
16,0.590967,16,0
17,1.26678,17,0
18,2.84106,18,0
19,5.8082,19,0
20,12.7626,20,0
