tam,tiempo,agentes,votos
1,3.973e-06,1,0
2,5.706e-06,2,0
3,1.3414e-05,3,0
4,3.3377e-05,4,0
5,8.2753e-05,5,0
6,0.000195868,6,0
7,0.000458588,7,0
8,0.00105977,8,0
9,0.00243637,9,0
10,0.00545134,10,0
11,0.0121591,11,0
12,0.0268805,12,0
13,0.058598,13,0
14,0.129111,14,0
15,0.291524,15,0
16,0.653524,16,0
17,1.31144,17,0
18,2.9034,18,0
19,6.0189,19,0
20,13.0011,20,0
