tam,tiempo,agentes,votos
1,3.801e-06,1,0
2,5.392e-06,2,0
3,1.2791e-05,3,0
4,3.1961e-05,4,0
5,7.9125e-05,5,0
6,0.000187362,6,0
7,0.00043778,7,0
8,0.00101767,8,0
9,0.00237518,9,0
10,0.00525486,10,0
11,0.0117892,11,0
12,0.0262177,12,0
13,0.0566814,13,0
14,0.125647,14,0
15,0.270135,15,0
16,0.583773,16,0
17,1.29052,17,0
18,2.74991,18,0
19,5.88935,19,0
20,12.6921,20,0
