tam,tiempo,agentes,votos
1,3.925e-06,1,0
2,5.641e-06,2,0
3,1.3727e-05,3,0
4,3.4774e-05,4,0
5,8.5682e-05,5,0
6,0.000206358,6,0
7,0.000520897,7,0
8,0.00112955,8,0
9,0.00263045,9,0
10,0.00593695,10,0
11,0.0131423,11,0
12,0.0302843,12,0
13,0.0656909,13,0
14,0.14424,14,0
15,0.277089,15,0
16,0.586037,16,0
17,1.27342,17,0
18,2.8371,18,0
19,5.89043,19,0
20,12.6633,20,0
