tam,tiempo,agentes,votos
1,3.694e-06,1,0
2,5.299e-06,2,0
3,1.2707e-05,3,0
4,6.6652e-05,4,0
5,9.2137e-05,5,0
6,0.000187112,6,0
7,0.000437352,7,0
8,0.00101183,8,0
9,0.00235873,9,0
10,0.00524,10,0
11,0.0118308,11,0
12,0.0260209,12,0
13,0.0566117,13,0
14,0.124561,14,0
15,0.268628,15,0
16,0.583432,16,0
17,1.26594,17,0
18,2.72045,18,0
19,5.88164,19,0
20,12.8039,20,0
