tam,tiempo,agentes,votos
1,5.153e-06,1,0
2,6.56e-06,2,0
3,1.6214e-05,3,0
4,4.0384e-05,4,0
5,9.9708e-05,5,0
6,0.000237956,6,0
7,0.00055323,7,0
8,0.00130431,8,0
9,0.00271421,9,0
10,0.00524258,10,0
11,0.0116811,11,0
12,0.0257674,12,0
13,0.056337,13,0
14,0.123886,14,0
15,0.269324,15,0
16,0.584911,16,0
17,1.26615,17,0
18,2.74537,18,0
19,5.84109,19,0
20,12.492,20,0
