tam,tiempo,agentes,votos
1,3.972e-06,1,0
2,5.541e-06,2,0
3,1.3339e-05,3,0
4,3.3372e-05,4,0
5,8.237e-05,5,0
6,0.000216405,6,0
7,0.000459944,7,0
8,0.00107451,8,0
9,0.00239271,9,0
10,0.00531624,10,0
11,0.0123427,11,0
12,0.0264873,12,0
13,0.0571947,13,0
14,0.125486,14,0
15,0.272029,15,0
16,0.593252,16,0
17,1.28362,17,0
18,2.75228,18,0
19,5.90115,19,0
20,12.6527,20,0
