tam,tiempo,agentes,votos
1,3.572e-06,1,0
2,5.236e-06,2,0
3,1.2717e-05,3,0
4,3.1724e-05,4,0
5,7.8717e-05,5,0
6,0.000187647,6,0
7,0.000436859,7,0
8,0.00104931,8,0
9,0.0023322,9,0
10,0.00525583,10,0
11,0.0117421,11,0
12,0.0260839,12,0
13,0.0565659,13,0
14,0.123975,14,0
15,0.276541,15,0
16,0.635222,16,0
17,1.26825,17,0
18,2.81692,18,0
19,5.89046,19,0
20,12.7382,20,0
