tam,tiempo,agentes,votos
1,3.559e-06,1,0
2,5.268e-06,2,0
3,1.2674e-05,3,0
4,3.2126e-05,4,0
5,7.8573e-05,5,0
6,0.000186686,6,0
7,0.000437892,7,0
8,0.00101336,8,0
9,0.00239111,9,0
10,0.00521047,10,0
11,0.0116833,11,0
12,0.0257962,12,0
13,0.0564462,13,0
14,0.124397,14,0
15,0.268523,15,0
16,0.583109,16,0
17,1.26544,17,0
18,2.72193,18,0
19,5.85441,19,0
20,13.0896,20,0
