tam,tiempo,agentes,votos
1,3.759e-06,1,0
2,5.632e-06,2,0
3,1.377e-05,3,0
4,3.3548e-05,4,0
5,8.2266e-05,5,0
6,0.000196373,6,0
7,0.000455937,7,0
8,0.00106059,8,0
9,0.00245463,9,0
10,0.00545079,10,0
11,0.0121646,11,0
12,0.0270399,12,0
13,0.0592855,13,0
14,0.13015,14,0
15,0.283239,15,0
16,0.614135,16,0
17,1.27416,17,0
18,2.72216,18,0
19,5.82572,19,0
20,12.5018,20,0
