tam,tiempo,agentes,votos
1,3.681e-06,1,0
2,5.221e-06,2,0
3,1.2686e-05,3,0
4,3.1826e-05,4,0
5,7.8025e-05,5,0
6,0.000187357,6,0
7,0.000435796,7,0
8,0.00100826,8,0
9,0.00235861,9,0
10,0.00520858,10,0
11,0.0116619,11,0
12,0.0258638,12,0
13,0.0563515,13,0
14,0.123829,14,0
15,0.268691,15,0
16,0.584178,16,0
17,1.26609,17,0
18,2.71396,18,0
19,5.91673,19,0
20,12.5531,20,0
