tam,tiempo,agentes,votos
1,3.687e-06,1,0
2,5.28e-06,2,0
3,1.2556e-05,3,0
4,3.1886e-05,4,0
5,7.8478e-05,5,0
6,0.000187443,6,0
7,0.000435142,7,0
8,0.00105182,8,0
9,0.00232763,9,0
10,0.00524078,10,0
11,0.0117435,11,0
12,0.0261211,12,0
13,0.0568768,13,0
14,0.124295,14,0
15,0.2689,15,0
16,0.585254,16,0
17,1.27777,17,0
18,2.74286,18,0
19,6.0068,19,0
20,12.9933,20,0
