tam,tiempo,agentes,votos
1,3.57e-06,1,0
2,5.242e-06,2,0
3,1.2661e-05,3,0
4,3.2035e-05,4,0
5,7.8427e-05,5,0
6,0.000186383,6,0
7,0.000435861,7,0
8,0.00104934,8,0
9,0.00232196,9,0
10,0.00524995,10,0
11,0.0116268,11,0
12,0.0258911,12,0
13,0.0563893,13,0
14,0.123796,14,0
15,0.269816,15,0
16,0.585833,16,0
17,1.27535,17,0
18,2.75514,18,0
19,5.94077,19,0
20,12.6437,20,0
