tam,tiempo,agentes,votos
1,3.614e-06,1,0
2,5.209e-06,2,0
3,1.2675e-05,3,0
4,3.1684e-05,4,0
5,7.8615e-05,5,0
6,0.000186936,6,0
7,0.000435799,7,0
8,0.00101153,8,0
9,0.00236556,9,0
10,0.00521137,10,0
11,0.0116452,11,0
12,0.0258217,12,0
13,0.056376,13,0
14,0.124035,14,0
15,0.268706,15,0
16,0.583348,16,0
17,1.2691,17,0
18,2.72961,18,0
19,5.87161,19,0
20,12.4672,20,0
