tam,tiempo,agentes,votos
1,3.602e-06,1,0
2,5.207e-06,2,0
3,1.27e-05,3,0
4,3.1842e-05,4,0
5,7.854e-05,5,0
6,0.000187439,6,0
7,0.000477312,7,0
8,0.00100815,8,0
9,0.00232101,9,0
10,0.00524171,10,0
11,0.0116994,11,0
12,0.0257737,12,0
13,0.0563813,13,0
14,0.123889,14,0
15,0.268575,15,0
16,0.586782,16,0
17,1.27095,17,0
18,2.76697,18,0
19,5.83255,19,0
20,12.6998,20,0
