tam,tiempo,agentes,votos
1,3.506e-06,1,0
2,5.201e-06,2,0
3,1.2775e-05,3,0
4,3.1946e-05,4,0
5,7.8394e-05,5,0
6,0.000187308,6,0
7,0.000436504,7,0
8,0.00101241,8,0
9,0.00236385,9,0
10,0.0052712,10,0
11,0.011848,11,0
12,0.0262591,12,0
13,0.0564587,13,0
14,0.123878,14,0
15,0.268783,15,0
16,0.586507,16,0
17,1.34746,17,0
18,2.86904,18,0
19,6.13618,19,0
20,12.8965,20,0
