tam,tiempo,agentes,votos
1,3.672e-06,1,0
2,5.285e-06,2,0
3,1.2681e-05,3,0
4,3.1906e-05,4,0
5,7.8263e-05,5,0
6,0.000187353,6,0
7,0.00043524,7,0
8,0.00104937,8,0
9,0.00232288,9,0
10,0.00520726,10,0
11,0.0116756,11,0
12,0.0259053,12,0
13,0.0565578,13,0
14,0.123923,14,0
15,0.269723,15,0
16,0.590781,16,0
17,1.26721,17,0
18,2.71717,18,0
19,5.85091,19,0
20,12.9512,20,0
