tam,tiempo,agentes,votos
1,3.634e-06,1,0
2,5.149e-06,2,0
3,1.2745e-05,3,0
4,3.1819e-05,4,0
5,7.8219e-05,5,0
6,0.000186965,6,0
7,0.00043513,7,0
8,0.00100827,8,0
9,0.00236295,9,0
10,0.0052041,10,0
11,0.0116745,11,0
12,0.0258929,12,0
13,0.0564443,13,0
14,0.124065,14,0
15,0.269244,15,0
16,0.611798,16,0
17,1.36045,17,0
18,2.716,18,0
19,5.83606,19,0
20,12.6804,20,0
