tam,tiempo,agentes,votos
1,3.498e-06,1,0
2,5.162e-06,2,0
3,1.2575e-05,3,0
4,3.21e-05,4,0
5,7.8633e-05,5,0
6,0.000187501,6,0
7,0.000436275,7,0
8,0.00101192,8,0
9,0.00235859,9,0
10,0.00522757,10,0
11,0.0116598,11,0
12,0.0258635,12,0
13,0.056408,13,0
14,0.124009,14,0
15,0.268898,15,0
16,0.586149,16,0
17,1.27102,17,0
18,2.72467,18,0
19,6.30408,19,0
20,13.4554,20,0
