tam,tiempo,agentes,votos
1,3.815e-06,1,0
2,5.566e-06,2,0
3,1.3255e-05,3,0
4,3.3663e-05,4,0
5,8.2894e-05,5,0
6,0.000196725,6,0
7,0.000457344,7,0
8,0.0010599,8,0
9,0.00243417,9,0
10,0.0054442,10,0
11,0.0120585,11,0
12,0.0270003,12,0
13,0.0585008,13,0
14,0.128308,14,0
15,0.278533,15,0
16,0.60614,16,0
17,1.31522,17,0
18,2.84592,18,0
19,6.03057,19,0
20,13.0428,20,0
