tam,tiempo,agentes,votos
1,3.68e-06,1,0
2,5.206e-06,2,0
3,1.2664e-05,3,0
4,3.1988e-05,4,0
5,7.7954e-05,5,0
6,0.000186399,6,0
7,0.00043688,7,0
8,0.00105071,8,0
9,0.00232654,9,0
10,0.00526568,10,0
11,0.011793,11,0
12,0.0259941,12,0
13,0.0566092,13,0
14,0.124421,14,0
15,0.268637,15,0
16,0.583867,16,0
17,1.2672,17,0
18,2.72556,18,0
19,5.88454,19,0
20,12.481,20,0
