tam,tiempo,agentes,votos
1,3.666e-06,1,0
2,5.164e-06,2,0
3,1.2674e-05,3,0
4,3.2176e-05,4,0
5,7.8459e-05,5,0
6,0.000187556,6,0
7,0.000436382,7,0
8,0.00104915,8,0
9,0.002333,9,0
10,0.00525287,10,0
11,0.0116865,11,0
12,0.0258102,12,0
13,0.0565016,13,0
14,0.124074,14,0
15,0.269066,15,0
16,0.58541,16,0
17,1.27022,17,0
18,2.73199,18,0
19,5.98137,19,0
20,12.7094,20,0
