tam,tiempo,agentes,votos
1,3.886e-06,1,0
2,5.596e-06,2,0
3,1.3158e-05,3,0
4,3.3398e-05,4,0
5,8.2752e-05,5,0
6,0.000196492,6,0
7,0.000465991,7,0
8,0.00105894,8,0
9,0.00243529,9,0
10,0.00543086,10,0
11,0.0121373,11,0
12,0.0269537,12,0
13,0.0591104,13,0
14,0.129913,14,0
15,0.270294,15,0
16,0.5866,16,0
17,1.319,17,0
18,2.71959,18,0
19,5.82392,19,0
20,12.5388,20,0
