tam,tiempo,agentes,votos
1,3.732e-06,1,0
2,5.229e-06,2,0
3,1.2668e-05,3,0
4,3.1761e-05,4,0
5,7.8858e-05,5,0
6,0.000187724,6,0
7,0.00043623,7,0
8,0.00100816,8,0
9,0.00235522,9,0
10,0.00520853,10,0
11,0.0117503,11,0
12,0.0259642,12,0
13,0.0567073,13,0
14,0.124616,14,0
15,0.268431,15,0
16,0.583836,16,0
17,1.26751,17,0
18,2.91933,18,0
19,6.4017,19,0
20,12.7619,20,0
