tam,tiempo,agentes,votos
1,3.96e-06,1,0
2,5.288e-06,2,0
3,1.2596e-05,3,0
4,3.2137e-05,4,0
5,7.9217e-05,5,0
6,0.000188536,6,0
7,0.0004689,7,0
8,0.00104642,8,0
9,0.00243935,9,0
10,0.00542878,10,0
11,0.0120834,11,0
12,0.0268631,12,0
13,0.0586323,13,0
14,0.128226,14,0
15,0.278415,15,0
16,0.609694,16,0
17,1.31618,17,0
18,3.00606,18,0
19,6.05107,19,0
20,12.9626,20,0
