tam,tiempo,agentes,votos
1,3.816e-06,1,0
2,5.608e-06,2,0
3,1.3368e-05,3,0
4,3.3722e-05,4,0
5,8.215e-05,5,0
6,0.000196378,6,0
7,0.000457146,7,0
8,0.0010586,8,0
9,0.00243959,9,0
10,0.00543897,10,0
11,0.0118006,11,0
12,0.0261073,12,0
13,0.0564768,13,0
14,0.123831,14,0
15,0.269089,15,0
16,0.585669,16,0
17,1.26823,17,0
18,2.72061,18,0
19,5.85462,19,0
20,12.6101,20,0
