tam,tiempo,agentes,votos
1,3.579e-06,1,0
2,5.307e-06,2,0
3,1.2741e-05,3,0
4,3.1849e-05,4,0
5,7.8145e-05,5,0
6,0.000187237,6,0
7,0.000436865,7,0
8,0.00105269,8,0
9,0.00232921,9,0
10,0.0052141,10,0
11,0.0116553,11,0
12,0.0259125,12,0
13,0.0565875,13,0
14,0.12421,14,0
15,0.268494,15,0
16,0.583355,16,0
17,1.26668,17,0
18,2.72397,18,0
19,6.15061,19,0
20,12.8084,20,0
