tam,tiempo,agentes,votos
1,3.691e-06,1,0
2,5.198e-06,2,0
3,1.2674e-05,3,0
4,3.1715e-05,4,0
5,7.8126e-05,5,0
6,0.000187272,6,0
7,0.000437177,7,0
8,0.00101053,8,0
9,0.00235876,9,0
10,0.00521345,10,0
11,0.0116509,11,0
12,0.0257726,12,0
13,0.0563766,13,0
14,0.124085,14,0
15,0.268419,15,0
16,0.583869,16,0
17,1.2793,17,0
18,2.83914,18,0
19,5.88078,19,0
20,12.4669,20,0
