tam,tiempo,agentes,votos
1,3.505e-06,1,0
2,5.328e-06,2,0
3,1.2721e-05,3,0
4,3.1955e-05,4,0
5,7.8873e-05,5,0
6,0.000187056,6,0
7,0.00047515,7,0
8,0.00100934,8,0
9,0.00232563,9,0
10,0.00526033,10,0
11,0.0117181,11,0
12,0.025833,12,0
13,0.0563818,13,0
14,0.130988,14,0
15,0.306009,15,0
16,0.599259,16,0
17,1.26965,17,0
18,2.71662,18,0
19,6.15917,19,0
20,13.3907,20,0
