tam,tiempo,agentes,votos
1,3.851e-06,1,0
2,5.496e-06,2,0
3,1.3247e-05,3,0
4,3.3259e-05,4,0
5,8.2499e-05,5,0
6,0.000197152,6,0
7,0.00045859,7,0
8,0.00107062,8,0
9,0.00243758,9,0
10,0.00545796,10,0
11,0.0122063,11,0
12,0.0270349,12,0
13,0.0586786,13,0
14,0.128886,14,0
15,0.280127,15,0
16,0.61533,16,0
17,1.31526,17,0
18,2.8166,18,0
19,6.03845,19,0
20,12.9679,20,0
