tam,tiempo,agentes,votos
1,3.652e-06,1,0
2,5.365e-06,2,0
3,1.2799e-05,3,0
4,3.1933e-05,4,0
5,7.8781e-05,5,0
6,0.000187747,6,0
7,0.000435279,7,0
8,0.00100763,8,0
9,0.00235348,9,0
10,0.00522987,10,0
11,0.0118111,11,0
12,0.0260062,12,0
13,0.056582,13,0
14,0.123916,14,0
15,0.26958,15,0
16,0.588018,16,0
17,1.32204,17,0
18,2.72273,18,0
19,5.84852,19,0
20,12.6341,20,0
