tam,tiempo,agentes,votos
1,3.647e-06,1,0
2,5.257e-06,2,0
3,1.2643e-05,3,0
4,3.1868e-05,4,0
5,7.8437e-05,5,0
6,0.000187109,6,0
7,0.000436568,7,0
8,0.0010135,8,0
9,0.00236645,9,0
10,0.00522229,10,0
11,0.0116588,11,0
12,0.0258503,12,0
13,0.0564119,13,0
14,0.12392,14,0
15,0.268571,15,0
16,0.585464,16,0
17,1.26534,17,0
18,2.71754,18,0
19,5.93241,19,0
20,12.7458,20,0
