tam,tiempo,agentes,votos
1,3.663e-06,1,0
2,5.183e-06,2,0
3,1.2735e-05,3,0
4,3.1874e-05,4,0
5,7.8699e-05,5,0
6,0.000187314,6,0
7,0.000435353,7,0
8,0.00105427,8,0
9,0.00232349,9,0
10,0.00525801,10,0
11,0.0116151,11,0
12,0.025795,12,0
13,0.056392,13,0
14,0.12409,14,0
15,0.268854,15,0
16,0.58452,16,0
17,1.35205,17,0
18,2.71637,18,0
19,6.03282,19,0
20,12.5574,20,0
