tam,tiempo,agentes,votos
1,3.816e-06,1,0
2,5.381e-06,2,0
3,1.2885e-05,3,0
4,3.2021e-05,4,0
5,7.8496e-05,5,0
6,0.000215355,6,0
7,0.000435792,7,0
8,0.0010833,8,0
9,0.00241177,9,0
10,0.00550167,10,0
11,0.0121553,11,0
12,0.0270264,12,0
13,0.0590816,13,0
14,0.1293,14,0
15,0.27798,15,0
16,0.604218,16,0
17,1.31083,17,0
18,2.81381,18,0
19,6.01354,19,0
20,12.9507,20,0
