tam,tiempo,agentes,votos
1,3.59e-06,1,0
2,5.111e-06,2,0
3,1.2672e-05,3,0
4,3.1744e-05,4,0
5,7.8227e-05,5,0
6,0.000187011,6,0
7,0.000437012,7,0
8,0.00105433,8,0
9,0.00233717,9,0
10,0.00529418,10,0
11,0.0117835,11,0
12,0.0260769,12,0
13,0.0565258,13,0
14,0.123938,14,0
15,0.270141,15,0
16,0.585712,16,0
17,1.27065,17,0
18,2.74476,18,0
19,5.83416,19,0
20,12.5489,20,0
