tam,tiempo,agentes,votos
1,3.732e-06,1,0
2,5.363e-06,2,0
3,1.2856e-05,3,0
4,3.2017e-05,4,0
5,7.8857e-05,5,0
6,0.000187231,6,0
7,0.00043761,7,0
8,0.00105231,8,0
9,0.00232905,9,0
10,0.00521693,10,0
11,0.0117053,11,0
12,0.0259593,12,0
13,0.056707,13,0
14,0.124856,14,0
15,0.268646,15,0
16,0.584105,16,0
17,1.32656,17,0
18,2.7622,18,0
19,5.81345,19,0
20,12.7134,20,0
