tam,tiempo,agentes,votos
1,3.694e-06,1,0
2,5.486e-06,2,0
3,1.3212e-05,3,0
4,3.3235e-05,4,0
5,8.2943e-05,5,0
6,0.000196765,6,0
7,0.000457953,7,0
8,0.00106251,8,0
9,0.00244166,9,0
10,0.0054406,10,0
11,0.0121248,11,0
12,0.0269598,12,0
13,0.059127,13,0
14,0.129969,14,0
15,0.281388,15,0
16,0.585485,16,0
17,1.26763,17,0
18,2.7335,18,0
19,6.06203,19,0
20,12.9879,20,0
