tam,tiempo,agentes,votos
1,3.706e-06,1,0
2,5.271e-06,2,0
3,1.2585e-05,3,0
4,3.1816e-05,4,0
5,7.8243e-05,5,0
6,0.000186424,6,0
7,0.000435559,7,0
8,0.00100833,8,0
9,0.00236153,9,0
10,0.00520359,10,0
11,0.0117582,11,0
12,0.0259543,12,0
13,0.0564809,13,0
14,0.123802,14,0
15,0.268862,15,0
16,0.584013,16,0
17,1.26532,17,0
18,2.71631,18,0
19,5.93459,19,0
20,12.5391,20,0
