tam,tiempo,agentes,votos
1,3.751e-06,1,0
2,5.398e-06,2,0
3,1.3131e-05,3,0
4,3.3014e-05,4,0
5,8.0853e-05,5,0
6,0.000192733,6,0
7,0.000449421,7,0
8,0.00108087,8,0
9,0.00238175,9,0
10,0.00539697,10,0
11,0.0120988,11,0
12,0.0266796,12,0
13,0.0579708,13,0
14,0.126847,14,0
15,0.274857,15,0
16,0.598432,16,0
17,1.29641,17,0
18,2.77899,18,0
19,5.95068,19,0
20,12.9142,20,0
