tam,tiempo,agentes,votos
1,3.583e-06,1,0
2,5.354e-06,2,0
3,1.2793e-05,3,0
4,3.1975e-05,4,0
5,7.8838e-05,5,0
6,0.000187544,6,0
7,0.000437407,7,0
8,0.00105362,8,0
9,0.0023289,9,0
10,0.0052332,10,0
11,0.0116314,11,0
12,0.0258128,12,0
13,0.0563269,13,0
14,0.123954,14,0
15,0.268888,15,0
16,0.583872,16,0
17,1.2667,17,0
18,2.76474,18,0
19,5.81223,19,0
20,12.6039,20,0
