tam,tiempo,agentes,votos
1,4.217e-06,1,0
2,5.606e-06,2,0
3,1.3296e-05,3,0
4,3.3229e-05,4,0
5,8.266e-05,5,0
6,0.000196928,6,0
7,0.000458819,7,0
8,0.00107065,8,0
9,0.00244748,9,0
10,0.00546362,10,0
11,0.0121252,11,0
12,0.0271003,12,0
13,0.0592062,13,0
14,0.129993,14,0
15,0.28185,15,0
16,0.585846,16,0
17,1.26701,17,0
18,2.7192,18,0
19,5.8465,19,0
20,13.2959,20,0
