tam,tiempo,agentes,votos
1,3.544e-06,1,0
2,5.3e-06,2,0
3,1.2784e-05,3,0
4,3.1873e-05,4,0
5,7.8477e-05,5,0
6,0.000187256,6,0
7,0.00043542,7,0
8,0.00105036,8,0
9,0.00232316,9,0
10,0.00524429,10,0
11,0.0116326,11,0
12,0.0258228,12,0
13,0.0564335,13,0
14,0.125002,14,0
15,0.301064,15,0
16,0.62002,16,0
17,1.26588,17,0
18,2.80485,18,0
19,5.90826,19,0
20,12.6613,20,0
