tam,tiempo,agentes,votos
1,3.605e-06,1,0
2,5.335e-06,2,0
3,1.2516e-05,3,0
4,3.193e-05,4,0
5,7.8756e-05,5,0
6,0.00018716,6,0
7,0.000435927,7,0
8,0.00100981,8,0
9,0.00236496,9,0
10,0.00526166,10,0
11,0.0117817,11,0
12,0.0261078,12,0
13,0.0565721,13,0
14,0.123869,14,0
15,0.268478,15,0
16,0.586799,16,0
17,1.26944,17,0
18,2.80622,18,0
19,6.10297,19,0
20,12.5822,20,0
