tam,tiempo,agentes,votos
1,3.55e-06,1,0
2,5.237e-06,2,0
3,1.2739e-05,3,0
4,3.1714e-05,4,0
5,7.8868e-05,5,0
6,0.000186918,6,0
7,0.000435802,7,0
8,0.00105418,8,0
9,0.00232097,9,0
10,0.00523864,10,0
11,0.0116525,11,0
12,0.0259381,12,0
13,0.0564948,13,0
14,0.123834,14,0
15,0.268462,15,0
16,0.647719,16,0
17,1.28782,17,0
18,2.85228,18,0
19,5.94513,19,0
20,12.8052,20,0
