tam,tiempo,agentes,votos
1,3.714e-06,1,0
2,5.287e-06,2,0
3,1.26e-05,3,0
4,3.2092e-05,4,0
5,7.8787e-05,5,0
6,0.000188116,6,0
7,0.000436685,7,0
8,0.00101071,8,0
9,0.0023983,9,0
10,0.00522819,10,0
11,0.0116832,11,0
12,0.0259145,12,0
13,0.0564258,13,0
14,0.123803,14,0
15,0.268542,15,0
16,0.585208,16,0
17,1.26637,17,0
18,2.71797,18,0
19,6.39815,19,0
20,13.0039,20,0
