tam,tiempo,agentes,votos
1,3.817e-06,1,0
2,5.426e-06,2,0
3,1.3361e-05,3,0
4,3.3414e-05,4,0
5,8.2663e-05,5,0
6,0.000196649,6,0
7,0.000458099,7,0
8,0.00106723,8,0
9,0.00243196,9,0
10,0.0054307,10,0
11,0.0121623,11,0
12,0.0269622,12,0
13,0.0591765,13,0
14,0.127297,14,0
15,0.269882,15,0
16,0.585579,16,0
17,1.26652,17,0
18,2.71556,18,0
19,5.81651,19,0
20,12.8901,20,0
