tam,tiempo,agentes,votos
1,3.611e-06,1,0
2,5.404e-06,2,0
3,1.2604e-05,3,0
4,3.2024e-05,4,0
5,7.8282e-05,5,0
6,0.000188613,6,0
7,0.0004695,7,0
8,0.00108306,8,0
9,0.00241641,9,0
10,0.00547896,10,0
11,0.0121699,11,0
12,0.027156,12,0
13,0.0585365,13,0
14,0.128499,14,0
15,0.278365,15,0
16,0.60535,16,0
17,1.3116,17,0
18,2.83165,18,0
19,6.02445,19,0
20,12.9539,20,0
