tam,tiempo,agentes,votos
1,3.649e-06,1,0
2,5.275e-06,2,0
3,1.2784e-05,3,0
4,3.1896e-05,4,0
5,7.857e-05,5,0
6,0.000187269,6,0
7,0.000437018,7,0
8,0.00105201,8,0
9,0.00232906,9,0
10,0.00524725,10,0
11,0.0117617,11,0
12,0.0260021,12,0
13,0.0565182,13,0
14,0.124092,14,0
15,0.268544,15,0
16,0.584458,16,0
17,1.26605,17,0
18,2.77137,18,0
19,5.94026,19,0
20,12.8001,20,0
