tam,tiempo,agentes,votos
1,3.603e-06,1,0
2,5.334e-06,2,0
3,1.2589e-05,3,0
4,3.2138e-05,4,0
5,7.8351e-05,5,0
6,0.000187411,6,0
7,0.000436741,7,0
8,0.00105838,8,0
9,0.00232294,9,0
10,0.00520982,10,0
11,0.0116684,11,0
12,0.0258141,12,0
13,0.0564481,13,0
14,0.125122,14,0
15,0.269321,15,0
16,0.585178,16,0
17,1.26894,17,0
18,2.73463,18,0
19,6.28475,19,0
20,12.856,20,0
