tam,tiempo,agentes,votos
1,3.558e-06,1,0
2,5.229e-06,2,0
3,1.2637e-05,3,0
4,3.1771e-05,4,0
5,7.839e-05,5,0
6,0.000187554,6,0
7,0.000436327,7,0
8,0.0010532,8,0
9,0.00232024,9,0
10,0.00523672,10,0
11,0.0116423,11,0
12,0.0259237,12,0
13,0.0565097,13,0
14,0.123898,14,0
15,0.301088,15,0
16,0.611835,16,0
17,1.26759,17,0
18,2.78995,18,0
19,5.8796,19,0
20,12.7902,20,0
