tam,tiempo,agentes,votos
1,3.558e-06,1,0
2,5.233e-06,2,0
3,1.2633e-05,3,0
4,3.219e-05,4,0
5,7.8424e-05,5,0
6,0.000187169,6,0
7,0.000476486,7,0
8,0.00101166,8,0
9,0.00232485,9,0
10,0.00527527,10,0
11,0.0116859,11,0
12,0.025956,12,0
13,0.0572589,13,0
14,0.125024,14,0
15,0.268478,15,0
16,0.583746,16,0
17,1.26541,17,0
18,2.72078,18,0
19,5.80989,19,0
20,13.4758,20,0
