tam,tiempo,agentes,votos
1,3.884e-06,1,0
2,5.61e-06,2,0
3,1.3194e-05,3,0
4,3.3489e-05,4,0
5,8.2379e-05,5,0
6,0.000196731,6,0
7,0.000457653,7,0
8,0.00106774,8,0
9,0.00243819,9,0
10,0.00546639,10,0
11,0.0121372,11,0
12,0.0269603,12,0
13,0.0578099,13,0
14,0.123778,14,0
15,0.269009,15,0
16,0.585318,16,0
17,1.26861,17,0
18,2.72168,18,0
19,5.8886,19,0
20,12.6594,20,0
