tam,tiempo,agentes,votos
1,3.552e-06,1,0
2,5.224e-06,2,0
3,1.25e-05,3,0
4,3.1778e-05,4,0
5,7.8437e-05,5,0
6,0.000187013,6,0
7,0.000436353,7,0
8,0.00104861,8,0
9,0.0023174,9,0
10,0.00520704,10,0
11,0.0116906,11,0
12,0.0258034,12,0
13,0.0563425,13,0
14,0.123801,14,0
15,0.268759,15,0
16,0.584477,16,0
17,1.26789,17,0
18,2.71673,18,0
19,6.01932,19,0
20,12.665,20,0
