tam,tiempo,agentes,votos
1,3.241e-06,1,0
2,5.089e-06,2,0
3,1.2719e-05,3,0
4,3.1807e-05,4,0
5,7.9122e-05,5,0
6,0.000187263,6,0
7,0.000437849,7,0
8,0.00101036,8,0
9,0.00235981,9,0
10,0.00521817,10,0
11,0.0116501,11,0
12,0.0258139,12,0
13,0.0564993,13,0
14,0.123822,14,0
15,0.268525,15,0
16,0.585398,16,0
17,1.26629,17,0
18,2.71584,18,0
19,6.2808,19,0
20,12.8845,20,0
