tam,tiempo,agentes,votos
1,3.527e-06,1,0
2,5.342e-06,2,0
3,1.2753e-05,3,0
4,3.1923e-05,4,0
5,7.8545e-05,5,0
6,0.000187366,6,0
7,0.00043603,7,0
8,0.00104909,8,0
9,0.00232047,9,0
10,0.00521811,10,0
11,0.0116586,11,0
12,0.0258924,12,0
13,0.0563988,13,0
14,0.124831,14,0
15,0.268816,15,0
16,0.603067,16,0
17,1.3338,17,0
18,2.7245,18,0
19,5.89701,19,0
20,12.5728,20,0
