tam,tiempo,agentes,votos
1,1.8064e-05,1,0
2,5.755e-06,2,0
3,2.5744e-05,3,0
4,3.1858e-05,4,0
5,7.8739e-05,5,0
6,0.000187337,6,0
7,0.000464717,7,0
8,0.00103882,8,0
9,0.00243572,9,0
10,0.005439,10,0
11,0.0122198,11,0
12,0.0269715,12,0
13,0.0584745,13,0
14,0.12832,14,0
15,0.278364,15,0
16,0.610627,16,0
17,1.318,17,0
18,2.81535,18,0
19,5.96302,19,0
20,12.7045,20,0
