tam,tiempo,agentes,votos
1,3.715e-06,1,0
2,5.179e-06,2,0
3,1.267e-05,3,0
4,3.1915e-05,4,0
5,7.8536e-05,5,0
6,0.000228261,6,0
7,0.000435654,7,0
8,0.00101056,8,0
9,0.00231918,9,0
10,0.00526609,10,0
11,0.0118013,11,0
12,0.0260361,12,0
13,0.0566378,13,0
14,0.124652,14,0
15,0.268573,15,0
16,0.623195,16,0
17,1.33933,17,0
18,2.76598,18,0
19,5.85943,19,0
20,12.6283,20,0
