tam,tiempo,agentes,votos
1,3.835e-06,1,0
2,5.449e-06,2,0
3,1.3235e-05,3,0
4,3.331e-05,4,0
5,8.2361e-05,5,0
6,0.0001962,6,0
7,0.000457208,7,0
8,0.00106958,8,0
9,0.00243245,9,0
10,0.00543727,10,0
11,0.0121615,11,0
12,0.02698,12,0
13,0.0591452,13,0
14,0.129933,14,0
15,0.282267,15,0
16,0.613078,16,0
17,1.2753,17,0
18,2.71684,18,0
19,6.34217,19,0
20,13.6549,20,0
