tam,tiempo,agentes,votos
1,3.799e-06,1,0
2,5.515e-06,2,0
3,1.3355e-05,3,0
4,3.3776e-05,4,0
5,8.2675e-05,5,0
6,0.000195786,6,0
7,0.000459032,7,0
8,0.00105966,8,0
9,0.00244531,9,0
10,0.00543302,10,0
11,0.0121407,11,0
12,0.0269512,12,0
13,0.0591781,13,0
14,0.130423,14,0
15,0.287127,15,0
16,0.639414,16,0
17,1.27765,17,0
18,2.71931,18,0
19,5.8078,19,0
20,12.5373,20,0
