tam,tiempo,agentes,votos
1,3.531e-06,1,0
2,5.204e-06,2,0
3,1.2605e-05,3,0
4,3.2137e-05,4,0
5,7.8463e-05,5,0
6,0.000187618,6,0
7,0.000435989,7,0
8,0.00100994,8,0
9,0.00236119,9,0
10,0.00523577,10,0
11,0.0116757,11,0
12,0.0258523,12,0
13,0.0564618,13,0
14,0.123798,14,0
15,0.273568,15,0
16,0.648594,16,0
17,1.27217,17,0
18,2.72216,18,0
19,5.91258,19,0
20,12.8405,20,0
