tam,tiempo,agentes,votos
1,3.753e-06,1,0
2,5.348e-06,2,0
3,1.2764e-05,3,0
4,3.196e-05,4,0
5,7.826e-05,5,0
6,0.00018907,6,0
7,0.000435257,7,0
8,0.00105432,8,0
9,0.00244991,9,0
10,0.00543608,10,0
11,0.0122205,11,0
12,0.0268658,12,0
13,0.0587026,13,0
14,0.128379,14,0
15,0.278639,15,0
16,0.666636,16,0
17,1.42337,17,0
18,2.82129,18,0
19,6.03806,19,0
20,12.9932,20,0
