tam,tiempo,agentes,votos
1,3.575e-06,1,0
2,5.202e-06,2,0
3,1.2689e-05,3,0
4,3.2052e-05,4,0
5,7.9036e-05,5,0
6,0.00018769,6,0
7,0.000437711,7,0
8,0.00101209,8,0
9,0.00239861,9,0
10,0.00525728,10,0
11,0.0117277,11,0
12,0.0260462,12,0
13,0.0565727,13,0
14,0.12388,14,0
15,0.268741,15,0
16,0.585759,16,0
17,1.2673,17,0
18,2.74228,18,0
19,5.94895,19,0
20,12.5652,20,0
