tam,tiempo,agentes,votos
1,3.601e-06,1,0
2,5.313e-06,2,0
3,1.2763e-05,3,0
4,3.1909e-05,4,0
5,7.8285e-05,5,0
6,0.000187305,6,0
7,0.000435804,7,0
8,0.00101812,8,0
9,0.0023591,9,0
10,0.00522939,10,0
11,0.0116526,11,0
12,0.0258617,12,0
13,0.0565338,13,0
14,0.123936,14,0
15,0.268728,15,0
16,0.584957,16,0
17,1.26871,17,0
18,2.84969,18,0
19,6.47154,19,0
20,12.5994,20,0
