tam,tiempo,agentes,votos
1,3.746e-06,1,0
2,5.18e-06,2,0
3,1.2547e-05,3,0
4,3.182e-05,4,0
5,7.8326e-05,5,0
6,0.000186927,6,0
7,0.00043716,7,0
8,0.00105354,8,0
9,0.00232904,9,0
10,0.00521396,10,0
11,0.0116568,11,0
12,0.0259383,12,0
13,0.0563783,13,0
14,0.124118,14,0
15,0.269411,15,0
16,0.583985,16,0
17,1.26551,17,0
18,2.72142,18,0
19,5.87247,19,0
20,12.4702,20,0
