tam,tiempo,agentes,votos
1,3.684e-06,1,0
2,5.218e-06,2,0
3,1.2677e-05,3,0
4,3.1798e-05,4,0
5,7.8442e-05,5,0
6,0.000187979,6,0
7,0.000452533,7,0
8,0.00109505,8,0
9,0.00241766,9,0
10,0.00546307,10,0
11,0.0121447,11,0
12,0.0268644,12,0
13,0.0586709,13,0
14,0.128316,14,0
15,0.278304,15,0
16,0.606439,16,0
17,1.3109,17,0
18,2.81375,18,0
19,6.14788,19,0
20,13.0139,20,0
