tam,tiempo,agentes,votos
1,3.575e-06,1,0
2,5.21e-06,2,0
3,1.2675e-05,3,0
4,3.2033e-05,4,0
5,0.000127663,5,0
6,0.000188394,6,0
7,0.000436011,7,0
8,0.00100946,8,0
9,0.00235186,9,0
10,0.00523358,10,0
11,0.0119229,11,0
12,0.0262584,12,0
13,0.0566242,13,0
14,0.123877,14,0
15,0.268896,15,0
16,0.594236,16,0
17,1.31243,17,0
18,2.85203,18,0
19,6.06871,19,0
20,12.8865,20,0
