tam,tiempo,agentes,votos
1,3.858e-06,1,0
2,5.535e-06,2,0
3,1.3414e-05,3,0
4,4.5945e-05,4,0
5,7.8416e-05,5,0
6,0.000187089,6,0
7,0.000435788,7,0
8,0.0010083,8,0
9,0.0023514,9,0
10,0.00520138,10,0
11,0.0117268,11,0
12,0.0258617,12,0
13,0.056433,13,0
14,0.12401,14,0
15,0.289135,15,0
16,0.648911,16,0
17,1.26591,17,0
18,2.77754,18,0
19,5.94999,19,0
20,12.6433,20,0
