tam,tiempo,agentes,votos
1,3.878e-06,1,0
2,5.65e-06,2,0
3,1.3349e-05,3,0
4,3.3485e-05,4,0
5,8.2491e-05,5,0
6,0.000196435,6,0
7,0.000473762,7,0
8,0.0010586,8,0
9,0.00243888,9,0
10,0.00544953,10,0
11,0.0121223,11,0
12,0.0269507,12,0
13,0.0591927,13,0
14,0.129887,14,0
15,0.28173,15,0
16,0.588488,16,0
17,1.26568,17,0
18,2.71727,18,0
19,5.83366,19,0
20,12.4767,20,0
