tam,tiempo,agentes,votos
1,3.596e-06,1,0
2,5.313e-06,2,0
3,1.2603e-05,3,0
4,3.1683e-05,4,0
5,7.8508e-05,5,0
6,0.000187415,6,0
7,0.000436537,7,0
8,0.00101043,8,0
9,0.00235749,9,0
10,0.00520641,10,0
11,0.0116704,11,0
12,0.0258888,12,0
13,0.0565071,13,0
14,0.124007,14,0
15,0.269383,15,0
16,0.585597,16,0
17,1.37003,17,0
18,2.72005,18,0
19,5.94349,19,0
20,12.815,20,0
