tam,tiempo,agentes,votos
1,3.62e-06,1,0
2,5.529e-06,2,0
3,2.0551e-05,3,0
4,3.3397e-05,4,0
5,7.8291e-05,5,0
6,0.000187889,6,0
7,0.00044425,7,0
8,0.0010174,8,0
9,0.00237291,9,0
10,0.00528903,10,0
11,0.0118247,11,0
12,0.0261845,12,0
13,0.0569101,13,0
14,0.12505,14,0
15,0.270116,15,0
16,0.587652,16,0
17,1.27198,17,0
18,2.73065,18,0
19,5.84658,19,0
20,12.5977,20,0
