tam,tiempo,agentes,votos
1,3.818e-06,1,0
2,5.187e-06,2,0
3,1.2706e-05,3,0
4,3.1985e-05,4,0
5,7.8575e-05,5,0
6,0.000187583,6,0
7,0.000435583,7,0
8,0.00101138,8,0
9,0.00238196,9,0
10,0.005301,10,0
11,0.0118503,11,0
12,0.0262914,12,0
13,0.0566161,13,0
14,0.123925,14,0
15,0.269205,15,0
16,0.586982,16,0
17,1.32348,17,0
18,2.88284,18,0
19,6.08445,19,0
20,12.9537,20,0
