tam,tiempo,agentes,votos
1,3.591e-06,1,0
2,5.239e-06,2,0
3,1.2696e-05,3,0
4,3.169e-05,4,0
5,7.8602e-05,5,0
6,0.000187433,6,0
7,0.00043666,7,0
8,0.00100923,8,0
9,0.00235616,9,0
10,0.0052216,10,0
11,0.0116633,11,0
12,0.0259215,12,0
13,0.0564294,13,0
14,0.124662,14,0
15,0.268739,15,0
16,0.585745,16,0
17,1.26526,17,0
18,2.71602,18,0
19,5.8444,19,0
20,12.8602,20,0
