tam,tiempo,agentes,votos
1,3.631e-06,1,0
2,5.31e-06,2,0
3,1.256e-05,3,0
4,3.1639e-05,4,0
5,7.8752e-05,5,0
6,0.000187103,6,0
7,0.000436824,7,0
8,0.00100996,8,0
9,0.00237573,9,0
10,0.00522109,10,0
11,0.0116507,11,0
12,0.0259214,12,0
13,0.0563789,13,0
14,0.123858,14,0
15,0.269084,15,0
16,0.587887,16,0
17,1.26672,17,0
18,2.71988,18,0
19,5.88616,19,0
20,13.5049,20,0
