tam,tiempo,agentes,votos
1,3.886e-06,1,0
2,5.553e-06,2,0
3,1.3411e-05,3,0
4,3.3496e-05,4,0
5,8.2643e-05,5,0
6,0.00019647,6,0
7,0.000458108,7,0
8,0.00106094,8,0
9,0.00245236,9,0
10,0.00543746,10,0
11,0.0121345,11,0
12,0.0269575,12,0
13,0.0591354,13,0
14,0.130213,14,0
15,0.278773,15,0
16,0.587377,16,0
17,1.26539,17,0
18,2.73953,18,0
19,5.90853,19,0
20,12.5361,20,0
