tam,tiempo,agentes,votos
1,3.834e-06,1,0
2,5.377e-06,2,0
3,1.2721e-05,3,0
4,3.1672e-05,4,0
5,7.831e-05,5,0
6,0.000188132,6,0
7,0.000478035,7,0
8,0.00104063,8,0
9,0.00240778,9,0
10,0.00546641,10,0
11,0.0121328,11,0
12,0.0268475,12,0
13,0.0586587,13,0
14,0.128239,14,0
15,0.278086,15,0
16,0.604843,16,0
17,1.31337,17,0
18,2.82325,18,0
19,6.05695,19,0
20,12.9699,20,0
