tam,tiempo,agentes,votos
1,3.541e-06,1,0
2,5.347e-06,2,0
3,1.2705e-05,3,0
4,3.1811e-05,4,0
5,7.878e-05,5,0
6,0.000213021,6,0
7,0.000435761,7,0
8,0.00101166,8,0
9,0.00232385,9,0
10,0.00526794,10,0
11,0.0118701,11,0
12,0.026232,12,0
13,0.0564462,13,0
14,0.124126,14,0
15,0.268621,15,0
16,0.585423,16,0
17,1.32695,17,0
18,2.79964,18,0
19,5.99504,19,0
20,12.9471,20,0
