tam,tiempo,agentes,votos
1,3.552e-06,1,0
2,5.351e-06,2,0
3,1.2684e-05,3,0
4,3.2007e-05,4,0
5,7.9382e-05,5,0
6,0.000227908,6,0
7,0.000440971,7,0
8,0.00101057,8,0
9,0.00233129,9,0
10,0.00525266,10,0
11,0.0116524,11,0
12,0.0257776,12,0
13,0.0565387,13,0
14,0.124231,14,0
15,0.268616,15,0
16,0.583695,16,0
17,1.33527,17,0
18,2.72096,18,0
19,5.89026,19,0
20,12.6631,20,0
