tam,tiempo,agentes,votos
1,3.616e-06,1,0
2,5.642e-06,2,0
3,1.379e-05,3,0
4,3.4646e-05,4,0
5,8.6167e-05,5,0
6,0.000206466,6,0
7,0.000523462,7,0
8,0.00112962,8,0
9,0.00260527,9,0
10,0.00590296,10,0
11,0.0131186,11,0
12,0.0291182,12,0
13,0.0639396,13,0
14,0.140692,14,0
15,0.306153,15,0
16,0.595253,16,0
17,1.26576,17,0
18,2.71978,18,0
19,5.84522,19,0
20,12.7614,20,0
