tam,tiempo,agentes,votos
1,3.6e-06,1,0
2,5.219e-06,2,0
3,1.2659e-05,3,0
4,3.1533e-05,4,0
5,7.855e-05,5,0
6,0.00019048,6,0
7,0.000437297,7,0
8,0.00105644,8,0
9,0.00233892,9,0
10,0.00527568,10,0
11,0.0118892,11,0
12,0.0265321,12,0
13,0.0573271,13,0
14,0.126523,14,0
15,0.271111,15,0
16,0.586773,16,0
17,1.27548,17,0
18,2.73712,18,0
19,5.84168,19,0
20,12.5535,20,0
