tam,tiempo,agentes,votos
1,4.009e-06,1,0
2,5.418e-06,2,0
3,1.3257e-05,3,0
4,3.3328e-05,4,0
5,8.2966e-05,5,0
6,0.000197252,6,0
7,0.000456779,7,0
8,0.0010679,8,0
9,0.00243534,9,0
10,0.0054341,10,0
11,0.012145,11,0
12,0.0269541,12,0
13,0.0591398,13,0
14,0.130159,14,0
15,0.290196,15,0
16,0.68341,16,0
17,1.45532,17,0
18,2.81776,18,0
19,5.83124,19,0
20,12.8913,20,0
