tam,tiempo,agentes,votos
1,3.566e-06,1,0
2,5.279e-06,2,0
3,1.2537e-05,3,0
4,3.1848e-05,4,0
5,7.8857e-05,5,0
6,0.000187795,6,0
7,0.00044012,7,0
8,0.0010537,8,0
9,0.00232555,9,0
10,0.00525125,10,0
11,0.0116644,11,0
12,0.0258847,12,0
13,0.0564152,13,0
14,0.123983,14,0
15,0.268526,15,0
16,0.584198,16,0
17,1.26579,17,0
18,2.71861,18,0
19,5.81511,19,0
20,12.5939,20,0
