tam,tiempo,agentes,votos
1,3.664e-06,1,0
2,5.134e-06,2,0
3,1.2612e-05,3,0
4,3.18e-05,4,0
5,7.9391e-05,5,0
6,0.000187613,6,0
7,0.000436431,7,0
8,0.00101,8,0
9,0.00239886,9,0
10,0.00522814,10,0
11,0.0116585,11,0
12,0.0258187,12,0
13,0.0564186,13,0
14,0.123897,14,0
15,0.26864,15,0
16,0.585312,16,0
17,1.26583,17,0
18,2.83257,18,0
19,6.00441,19,0
20,12.9149,20,0
