tam,tiempo,agentes,votos
1,3.655e-06,1,0
2,5.231e-06,2,0
3,1.2742e-05,3,0
4,3.1861e-05,4,0
5,7.8484e-05,5,0
6,0.00020316,6,0
7,0.000449698,7,0
8,0.00104083,8,0
9,0.00245827,9,0
10,0.00537393,10,0
11,0.0121348,11,0
12,0.0268605,12,0
13,0.0585105,13,0
14,0.129433,14,0
15,0.278584,15,0
16,0.604231,16,0
17,1.31027,17,0
18,2.82023,18,0
19,6.01724,19,0
20,12.9247,20,0
