tam,tiempo,agentes,votos
1,3.542e-06,1,0
2,5.277e-06,2,0
3,1.2692e-05,3,0
4,3.1838e-05,4,0
5,7.8768e-05,5,0
6,0.000187617,6,0
7,0.000437159,7,0
8,0.00101098,8,0
9,0.00236457,9,0
10,0.00523965,10,0
11,0.0117519,11,0
12,0.0261066,12,0
13,0.0565923,13,0
14,0.1248,14,0
15,0.268688,15,0
16,0.584264,16,0
17,1.26708,17,0
18,2.71959,18,0
19,5.81059,19,0
20,12.4897,20,0
