tam,tiempo,agentes,votos
1,3.63e-06,1,0
2,5.261e-06,2,0
3,1.2621e-05,3,0
4,3.1591e-05,4,0
5,7.8397e-05,5,0
6,0.000187326,6,0
7,0.0004824,7,0
8,0.001008,8,0
9,0.0023187,9,0
10,0.00524387,10,0
11,0.0116648,11,0
12,0.0257677,12,0
13,0.0563627,13,0
14,0.123869,14,0
15,0.268733,15,0
16,0.584624,16,0
17,1.29185,17,0
18,2.71413,18,0
19,5.82007,19,0
20,12.5234,20,0
