tam,tiempo,agentes,votos
1,3.535e-06,1,0
2,5.247e-06,2,0
3,1.2688e-05,3,0
4,3.1973e-05,4,0
5,7.868e-05,5,0
6,0.000187366,6,0
7,0.000436852,7,0
8,0.0010499,8,0
9,0.0023269,9,0
10,0.00521742,10,0
11,0.0116654,11,0
12,0.0258414,12,0
13,0.0563555,13,0
14,0.124121,14,0
15,0.268802,15,0
16,0.584206,16,0
17,1.33508,17,0
18,3.05253,18,0
19,5.81363,19,0
20,12.8775,20,0
