tam,tiempo,agentes,votos
1,3.707e-06,1,0
2,5.428e-06,2,0
3,1.2689e-05,3,0
4,3.195e-05,4,0
5,7.8424e-05,5,0
6,0.00018779,6,0
7,0.00043614,7,0
8,0.00105377,8,0
9,0.00232682,9,0
10,0.00524467,10,0
11,0.0116349,11,0
12,0.0258101,12,0
13,0.0564107,13,0
14,0.12393,14,0
15,0.268678,15,0
16,0.585754,16,0
17,1.26622,17,0
18,2.71742,18,0
19,5.84555,19,0
20,12.5182,20,0
