tam,tiempo,agentes,votos
1,3.578e-06,1,0
2,5.355e-06,2,0
3,1.2616e-05,3,0
4,3.1555e-05,4,0
5,7.8397e-05,5,0
6,0.000206435,6,0
7,0.000437075,7,0
8,0.00106328,8,0
9,0.00235702,9,0
10,0.00531855,10,0
11,0.0119952,11,0
12,0.0264153,12,0
13,0.057335,13,0
14,0.125775,14,0
15,0.27177,15,0
16,0.61605,16,0
17,1.28161,17,0
18,2.7606,18,0
19,5.88537,19,0
20,12.9704,20,0
