tam,tiempo,agentes,votos
1,3.707e-06,1,0
2,5.253e-06,2,0
3,1.263e-05,3,0
4,3.1904e-05,4,0
5,7.8478e-05,5,0
6,0.000187435,6,0
7,0.000439798,7,0
8,0.00100789,8,0
9,0.00236623,9,0
10,0.0052622,10,0
11,0.0118076,11,0
12,0.0260837,12,0
13,0.0565871,13,0
14,0.123966,14,0
15,0.29691,15,0
16,0.600995,16,0
17,1.26893,17,0
18,2.71939,18,0
19,5.82826,19,0
20,12.6017,20,0
