tam,tiempo,agentes,votos
1,3.727e-06,1,0
2,5.152e-06,2,0
3,1.269e-05,3,0
4,3.1689e-05,4,0
5,7.8393e-05,5,0
6,0.000186899,6,0
7,0.000438864,7,0
8,0.00100902,8,0
9,0.00236453,9,0
10,0.00521426,10,0
11,0.0117164,11,0
12,0.0260171,12,0
13,0.0567752,13,0
14,0.125117,14,0
15,0.268495,15,0
16,0.583471,16,0
17,1.26703,17,0
18,2.72458,18,0
19,5.80949,19,0
20,12.4654,20,0
