tam,tiempo,agentes,votos
1,3.632e-06,1,0
2,5.29e-06,2,0
3,1.2664e-05,3,0
4,3.1758e-05,4,0
5,7.8691e-05,5,0
6,0.000187292,6,0
7,0.00043781,7,0
8,0.00105267,8,0
9,0.0023286,9,0
10,0.00522583,10,0
11,0.0116534,11,0
12,0.0261574,12,0
13,0.0564355,13,0
14,0.12383,14,0
15,0.268928,15,0
16,0.58493,16,0
17,1.26584,17,0
18,2.72066,18,0
19,5.82514,19,0
20,12.4843,20,0
