tam,tiempo,agentes,votos
1,3.813e-06,1,0
2,5.217e-06,2,0
3,1.2859e-05,3,0
4,3.1894e-05,4,0
5,7.8919e-05,5,0
6,0.000187268,6,0
7,0.000439718,7,0
8,0.00101225,8,0
9,0.00236885,9,0
10,0.00521405,10,0
11,0.01166,11,0
12,0.0259198,12,0
13,0.0564139,13,0
14,0.124443,14,0
15,0.268482,15,0
16,0.583828,16,0
17,1.26499,17,0
18,2.72168,18,0
19,5.81262,19,0
20,12.4768,20,0
