tam,tiempo,agentes,votos
1,3.655e-06,1,0
2,5.275e-06,2,0
3,1.2625e-05,3,0
4,3.1825e-05,4,0
5,7.8009e-05,5,0
6,0.000219272,6,0
7,0.000438853,7,0
8,0.00107285,8,0
9,0.00242689,9,0
10,0.00539575,10,0
11,0.012172,11,0
12,0.0276605,12,0
13,0.0598034,13,0
14,0.129044,14,0
15,0.279061,15,0
16,0.606352,16,0
17,1.31819,17,0
18,2.82184,18,0
19,6.04866,19,0
20,13.0933,20,0
