tam,tiempo,agentes,votos
1,3.688e-06,1,0
2,5.293e-06,2,0
3,1.265e-05,3,0
4,3.1846e-05,4,0
5,7.8439e-05,5,0
6,0.000187333,6,0
7,0.00043642,7,0
8,0.00104974,8,0
9,0.0023223,9,0
10,0.00531381,10,0
11,0.0117314,11,0
12,0.0261345,12,0
13,0.0576998,13,0
14,0.124015,14,0
15,0.268843,15,0
16,0.586041,16,0
17,1.28144,17,0
18,2.78138,18,0
19,5.88171,19,0
20,12.6002,20,0
