tam,tiempo,agentes,votos
1,3.885e-06,1,0
2,5.286e-06,2,0
3,1.2742e-05,3,0
4,3.1853e-05,4,0
5,7.8326e-05,5,0
6,0.000187566,6,0
7,0.000437056,7,0
8,0.00101323,8,0
9,0.00236568,9,0
10,0.00522795,10,0
11,0.011658,11,0
12,0.0261,12,0
13,0.0564994,13,0
14,0.123971,14,0
15,0.268515,15,0
16,0.585127,16,0
17,1.26698,17,0
18,2.71848,18,0
19,5.82384,19,0
20,13.0868,20,0
