tam,tiempo,agentes,votos
1,3.581e-06,1,0
2,5.399e-06,2,0
3,1.2635e-05,3,0
4,3.1925e-05,4,0
5,7.8225e-05,5,0
6,0.000187086,6,0
7,0.000435251,7,0
8,0.00105681,8,0
9,0.00232249,9,0
10,0.0052738,10,0
11,0.0116383,11,0
12,0.0258328,12,0
13,0.0564602,13,0
14,0.123852,14,0
15,0.268703,15,0
16,0.584715,16,0
17,1.27163,17,0
18,2.78189,18,0
19,5.81493,19,0
20,12.5484,20,0
