tam,tiempo,agentes,votos
1,3.682e-06,1,0
2,5.195e-06,2,0
3,1.2621e-05,3,0
4,3.2203e-05,4,0
5,7.832e-05,5,0
6,0.000187236,6,0
7,0.000435516,7,0
8,0.0010114,8,0
9,0.00236165,9,0
10,0.00522626,10,0
11,0.0116535,11,0
12,0.0257881,12,0
13,0.0563381,13,0
14,0.12383,14,0
15,0.26865,15,0
16,0.584788,16,0
17,1.26961,17,0
18,2.77956,18,0
19,5.82114,19,0
20,12.492,20,0
