tam,tiempo,agentes,votos
1,3.838e-06,1,0
2,5.388e-06,2,0
3,1.272e-05,3,0
4,3.1836e-05,4,0
5,8.2189e-05,5,0
6,0.000187497,6,0
7,0.000483298,7,0
8,0.00101771,8,0
9,0.00233951,9,0
10,0.00530563,10,0
11,0.0118139,11,0
12,0.026126,12,0
13,0.0573387,13,0
14,0.126786,14,0
15,0.272138,15,0
16,0.586758,16,0
17,1.27261,17,0
18,2.792,18,0
19,5.85438,19,0
20,12.6311,20,0
