tam,tiempo,agentes,votos
1,3.733e-06,1,0
2,5.225e-06,2,0
3,1.2596e-05,3,0
4,3.1987e-05,4,0
5,7.8313e-05,5,0
6,0.000186574,6,0
7,0.000437072,7,0
8,0.00100918,8,0
9,0.00236206,9,0
10,0.00524022,10,0
11,0.0119437,11,0
12,0.0261831,12,0
13,0.056662,13,0
14,0.124485,14,0
15,0.26849,15,0
16,0.583999,16,0
17,1.26753,17,0
18,2.72414,18,0
19,5.81371,19,0
20,12.4733,20,0
