tam,tiempo,agentes,votos
1,3.739e-06,1,0
2,5.29e-06,2,0
3,1.2631e-05,3,0
4,3.1852e-05,4,0
5,7.8578e-05,5,0
6,0.000186983,6,0
7,0.000436266,7,0
8,0.00103816,8,0
9,0.0023254,9,0
10,0.00522408,10,0
11,0.0116721,11,0
12,0.0258452,12,0
13,0.0565254,13,0
14,0.124434,14,0
15,0.269482,15,0
16,0.585293,16,0
17,1.26705,17,0
18,2.75779,18,0
19,5.82987,19,0
20,12.6129,20,0
