tam,tiempo,agentes,votos
1,3.705e-06,1,0
2,5.33e-06,2,0
3,1.2546e-05,3,0
4,3.1977e-05,4,0
5,7.8376e-05,5,0
6,0.000187529,6,0
7,0.000436493,7,0
8,0.0010091,8,0
9,0.0023595,9,0
10,0.00524276,10,0
11,0.0116563,11,0
12,0.0258309,12,0
13,0.0563733,13,0
14,0.123972,14,0
15,0.26882,15,0
16,0.584438,16,0
17,1.26684,17,0
18,2.71968,18,0
19,6.21526,19,0
20,12.954,20,0
