tam,tiempo,agentes,votos
1,3.565e-06,1,0
2,5.265e-06,2,0
3,1.2689e-05,3,0
4,3.1855e-05,4,0
5,7.8498e-05,5,0
6,0.000187206,6,0
7,0.00043663,7,0
8,0.00105092,8,0
9,0.00232451,9,0
10,0.00525316,10,0
11,0.011624,11,0
12,0.025935,12,0
13,0.0564283,13,0
14,0.123778,14,0
15,0.268513,15,0
16,0.585364,16,0
17,1.26663,17,0
18,2.71776,18,0
19,5.81315,19,0
20,12.4756,20,0
