tam,tiempo,agentes,votos
1,3.641e-06,1,0
2,5.249e-06,2,0
3,1.2641e-05,3,0
4,3.1927e-05,4,0
5,7.8335e-05,5,0
6,0.000216533,6,0
7,0.000436054,7,0
8,0.00107238,8,0
9,0.00243111,9,0
10,0.00545001,10,0
11,0.0120816,11,0
12,0.0268202,12,0
13,0.0586125,13,0
14,0.128103,14,0
15,0.278082,15,0
16,0.605993,16,0
17,1.31269,17,0
18,2.81362,18,0
19,6.10021,19,0
20,12.9359,20,0
