tam,tiempo,agentes,votos
1,3.648e-06,1,0
2,5.282e-06,2,0
3,1.2688e-05,3,0
4,3.1957e-05,4,0
5,7.867e-05,5,0
6,0.000187764,6,0
7,0.000436072,7,0
8,0.00105072,8,0
9,0.00232168,9,0
10,0.00527331,10,0
11,0.0117615,11,0
12,0.0260587,12,0
13,0.0565748,13,0
14,0.123891,14,0
15,0.268591,15,0
16,0.584644,16,0
17,1.26836,17,0
18,2.71982,18,0
19,5.83502,19,0
20,12.5812,20,0
