tam,tiempo,agentes,votos
1,3.733e-06,1,0
2,5.203e-06,2,0
3,1.2595e-05,3,0
4,3.1907e-05,4,0
5,7.8473e-05,5,0
6,0.00018769,6,0
7,0.000436574,7,0
8,0.00100892,8,0
9,0.00235168,9,0
10,0.00520762,10,0
11,0.0116691,11,0
12,0.0258559,12,0
13,0.0564859,13,0
14,0.123828,14,0
15,0.268605,15,0
16,0.584784,16,0
17,1.2669,17,0
18,2.71693,18,0
19,5.81822,19,0
20,12.5679,20,0
