tam,tiempo,agentes,votos
1,3.56e-06,1,0
2,5.245e-06,2,0
3,1.2697e-05,3,0
4,3.1804e-05,4,0
5,7.8651e-05,5,0
6,0.000186971,6,0
7,0.000437386,7,0
8,0.00101144,8,0
9,0.00235936,9,0
10,0.00521908,10,0
11,0.0116495,11,0
12,0.0258979,12,0
13,0.0564996,13,0
14,0.123809,14,0
15,0.268539,15,0
16,0.58524,16,0
17,1.2662,17,0
18,2.78073,18,0
19,5.8554,19,0
20,12.5666,20,0
