tam,tiempo,agentes,votos
1,3.662e-06,1,0
2,5.128e-06,2,0
3,1.2648e-05,3,0
4,3.192e-05,4,0
5,7.8523e-05,5,0
6,0.000187321,6,0
7,0.000480183,7,0
8,0.00100791,8,0
9,0.00231891,9,0
10,0.00524275,10,0
11,0.0116974,11,0
12,0.0257899,12,0
13,0.0564227,13,0
14,0.123809,14,0
15,0.269986,15,0
16,0.587091,16,0
17,1.26804,17,0
18,2.71765,18,0
19,5.83059,19,0
20,12.4977,20,0
