tam,tiempo,agentes,votos
1,3.677e-06,1,0
2,5.302e-06,2,0
3,1.2705e-05,3,0
4,3.186e-05,4,0
5,7.8947e-05,5,0
6,0.00018835,6,0
7,0.000468227,7,0
8,0.00103999,8,0
9,0.00238832,9,0
10,0.0054491,10,0
11,0.0122019,11,0
12,0.0271071,12,0
13,0.0585843,13,0
14,0.128323,14,0
15,0.278227,15,0
16,0.604973,16,0
17,1.32293,17,0
18,2.93747,18,0
19,6.04278,19,0
20,13.1161,20,0
