tam,tiempo,agentes,votos
1,3.574e-06,1,0
2,5.24e-06,2,0
3,1.2633e-05,3,0
4,3.2034e-05,4,0
5,7.9499e-05,5,0
6,0.000189132,6,0
7,0.000436737,7,0
8,0.00105785,8,0
9,0.00235413,9,0
10,0.00524535,10,0
11,0.0117735,11,0
12,0.0260055,12,0
13,0.056619,13,0
14,0.123809,14,0
15,0.268642,15,0
16,0.58547,16,0
17,1.26722,17,0
18,2.71917,18,0
19,5.82763,19,0
20,12.7269,20,0
