tam,tiempo,agentes,votos
1,3.607e-06,1,0
2,5.326e-06,2,0
3,1.2586e-05,3,0
4,3.1758e-05,4,0
5,7.8136e-05,5,0
6,0.000187149,6,0
7,0.000465433,7,0
8,0.00105578,8,0
9,0.00232445,9,0
10,0.00524782,10,0
11,0.0116962,11,0
12,0.0262538,12,0
13,0.0568492,13,0
14,0.124595,14,0
15,0.26851,15,0
16,0.583486,16,0
17,1.26581,17,0
18,2.72086,18,0
19,5.872,19,0
20,12.5354,20,0
