tam,tiempo,agentes,votos
1,3.806e-06,1,0
2,5.309e-06,2,0
3,1.2747e-05,3,0
4,3.198e-05,4,0
5,7.8401e-05,5,0
6,0.000187225,6,0
7,0.000435515,7,0
8,0.00105758,8,0
9,0.00231693,9,0
10,0.00522639,10,0
11,0.0117138,11,0
12,0.0258351,12,0
13,0.0563463,13,0
14,0.123749,14,0
15,0.27104,15,0
16,0.586957,16,0
17,1.26784,17,0
18,2.7178,18,0
19,5.82628,19,0
20,12.5092,20,0
