tam,tiempo,agentes,votos
1,3.657e-06,1,0
2,5.224e-06,2,0
3,1.2733e-05,3,0
4,3.1829e-05,4,0
5,7.8794e-05,5,0
6,0.000187146,6,0
7,0.000435347,7,0
8,0.00100924,8,0
9,0.00235883,9,0
10,0.00521378,10,0
11,0.0116718,11,0
12,0.0259319,12,0
13,0.0563352,13,0
14,0.123893,14,0
15,0.269245,15,0
16,0.584836,16,0
17,1.26663,17,0
18,2.71579,18,0
19,5.82969,19,0
20,12.5246,20,0
