tam,tiempo,agentes,votos
1,3.737e-06,1,0
2,5.301e-06,2,0
3,1.2599e-05,3,0
4,3.1595e-05,4,0
5,7.8535e-05,5,0
6,0.000187532,6,0
7,0.000465045,7,0
8,0.00103802,8,0
9,0.00243956,9,0
10,0.00538462,10,0
11,0.0121054,11,0
12,0.0268951,12,0
13,0.058773,13,0
14,0.128382,14,0
15,0.278232,15,0
16,0.605273,16,0
17,1.31483,17,0
18,2.81764,18,0
19,6.03494,19,0
20,12.9388,20,0
