tam,tiempo,agentes,votos
1,3.678e-06,1,0
2,5.351e-06,2,0
3,1.2709e-05,3,0
4,3.1649e-05,4,0
5,7.8659e-05,5,0
6,0.000187297,6,0
7,0.00043604,7,0
8,0.00100841,8,0
9,0.00236411,9,0
10,0.00526957,10,0
11,0.0120263,11,0
12,0.0261968,12,0
13,0.0564338,13,0
14,0.123915,14,0
15,0.268458,15,0
16,0.584689,16,0
17,1.3279,17,0
18,2.76819,18,0
19,6.01793,19,0
20,12.7575,20,0
