tam,tiempo,agentes,votos
1,3.536e-06,1,0
2,5.194e-06,2,0
3,3.9164e-05,3,0
4,4.5296e-05,4,0
5,7.8257e-05,5,0
6,0.000186582,6,0
7,0.000438914,7,0
8,0.00100884,8,0
9,0.00235296,9,0
10,0.00521332,10,0
11,0.0116786,11,0
12,0.0258783,12,0
13,0.0564377,13,0
14,0.124296,14,0
15,0.268621,15,0
16,0.583475,16,0
17,1.26527,17,0
18,2.80176,18,0
19,5.82111,19,0
20,12.6555,20,0
