tam,tiempo,agentes,votos
1,3.642e-06,1,0
2,5.341e-06,2,0
3,1.2852e-05,3,0
4,3.174e-05,4,0
5,7.8406e-05,5,0
6,0.000187107,6,0
7,0.000439205,7,0
8,0.00101075,8,0
9,0.00236895,9,0
10,0.00524432,10,0
11,0.0116498,11,0
12,0.0258545,12,0
13,0.0563666,13,0
14,0.123805,14,0
15,0.26916,15,0
16,0.585551,16,0
17,1.27049,17,0
18,2.72308,18,0
19,5.83002,19,0
20,12.817,20,0
