tam,tiempo,agentes,votos
1,3.8e-06,1,0
2,5.309e-06,2,0
3,1.2654e-05,3,0
4,3.1771e-05,4,0
5,7.8288e-05,5,0
6,0.000186954,6,0
7,0.000435987,7,0
8,0.00101231,8,0
9,0.00236266,9,0
10,0.00523492,10,0
11,0.0118899,11,0
12,0.0264487,12,0
13,0.0570039,13,0
14,0.124634,14,0
15,0.268762,15,0
16,0.583781,16,0
17,1.2663,17,0
18,2.72247,18,0
19,5.8443,19,0
20,12.5372,20,0
