tam,tiempo,agentes,votos
1,3.569e-06,1,0
2,5.236e-06,2,0
3,1.2703e-05,3,0
4,3.2008e-05,4,0
5,7.9026e-05,5,0
6,0.000187191,6,0
7,0.000436753,7,0
8,0.00105979,8,0
9,0.00232489,9,0
10,0.00521808,10,0
11,0.0116457,11,0
12,0.0258666,12,0
13,0.0564151,13,0
14,0.123876,14,0
15,0.298455,15,0
16,0.671396,16,0
17,1.45671,17,0
18,2.80564,18,0
19,5.85885,19,0
20,12.5226,20,0
