tam,tiempo,agentes,votos
1,3.501e-06,1,0
2,5.24e-06,2,0
3,1.2673e-05,3,0
4,3.1754e-05,4,0
5,7.8435e-05,5,0
6,0.000187625,6,0
7,0.000436325,7,0
8,0.00100732,8,0
9,0.00236408,9,0
10,0.00520632,10,0
11,0.0116694,11,0
12,0.025934,12,0
13,0.0564666,13,0
14,0.124162,14,0
15,0.269701,15,0
16,0.586325,16,0
17,1.27355,17,0
18,2.7879,18,0
19,5.82028,19,0
20,12.4969,20,0
