tam,tiempo,agentes,votos
1,3.63e-06,1,0
2,5.146e-06,2,0
3,1.2672e-05,3,0
4,3.1802e-05,4,0
5,7.8868e-05,5,0
6,0.000187426,6,0
7,0.000436457,7,0
8,0.00100797,8,0
9,0.00235539,9,0
10,0.00522852,10,0
11,0.0116518,11,0
12,0.025871,12,0
13,0.0564036,13,0
14,0.123877,14,0
15,0.268583,15,0
16,0.584116,16,0
17,1.27227,17,0
18,2.7248,18,0
19,5.81305,19,0
20,12.4987,20,0
