tam,tiempo,agentes,votos
1,3.714e-06,1,0
2,5.34e-06,2,0
3,1.266e-05,3,0
4,3.177e-05,4,0
5,7.8165e-05,5,0
6,0.000216186,6,0
7,0.000436656,7,0
8,0.00108208,8,0
9,0.00241833,9,0
10,0.00539606,10,0
11,0.0122549,11,0
12,0.0269678,12,0
13,0.0585934,13,0
14,0.128688,14,0
15,0.27805,15,0
16,0.604256,16,0
17,1.32161,17,0
18,2.8158,18,0
19,6.02765,19,0
20,12.9269,20,0
