tam,tiempo,agentes,votos
1,3.583e-06,1,0
2,5.217e-06,2,0
3,1.2769e-05,3,0
4,3.1791e-05,4,0
5,7.7777e-05,5,0
6,0.000187826,6,0
7,0.000436017,7,0
8,0.00104871,8,0
9,0.00231944,9,0
10,0.00522975,10,0
11,0.0117651,11,0
12,0.0260469,12,0
13,0.0566072,13,0
14,0.123953,14,0
15,0.270818,15,0
16,0.587368,16,0
17,1.26996,17,0
18,2.77386,18,0
19,5.90937,19,0
20,12.5618,20,0
