tam,tiempo,agentes,votos
1,3.69e-06,1,0
2,5.243e-06,2,0
3,1.2622e-05,3,0
4,3.1973e-05,4,0
5,7.8578e-05,5,0
6,0.000187008,6,0
7,0.000436251,7,0
8,0.00100915,8,0
9,0.00235884,9,0
10,0.00521551,10,0
11,0.0116528,11,0
12,0.025814,12,0
13,0.0564142,13,0
14,0.123828,14,0
15,0.268417,15,0
16,0.585135,16,0
17,1.26815,17,0
18,2.71729,18,0
19,5.86911,19,0
20,12.5031,20,0
