tam,tiempo,agentes,votos
1,3.701e-06,1,0
2,5.189e-06,2,0
3,1.2635e-05,3,0
4,3.2074e-05,4,0
5,7.8241e-05,5,0
6,0.000188302,6,0
7,0.00043661,7,0
8,0.00100837,8,0
9,0.00234904,9,0
10,0.00520805,10,0
11,0.0116812,11,0
12,0.0258908,12,0
13,0.0564134,13,0
14,0.123948,14,0
15,0.270738,15,0
16,0.586712,16,0
17,1.2697,17,0
18,2.72742,18,0
19,5.82157,19,0
20,12.5019,20,0
