tam,tiempo,agentes,votos
1,3.566e-06,1,0
2,5.168e-06,2,0
3,1.269e-05,3,0
4,3.1775e-05,4,0
5,7.8184e-05,5,0
6,0.000187084,6,0
7,0.000436998,7,0
8,0.00105822,8,0
9,0.00232834,9,0
10,0.00524838,10,0
11,0.0116484,11,0
12,0.0258326,12,0
13,0.0564291,13,0
14,0.124298,14,0
15,0.268601,15,0
16,0.584057,16,0
17,1.26522,17,0
18,2.71642,18,0
19,5.91851,19,0
20,12.7214,20,0
