tam,tiempo,agentes,votos
1,3.69e-06,1,0
2,5.352e-06,2,0
3,1.2599e-05,3,0
4,3.185e-05,4,0
5,7.8124e-05,5,0
6,0.000187232,6,0
7,0.000464777,7,0
8,0.00108306,8,0
9,0.00241713,9,0
10,0.00544915,10,0
11,0.0121307,11,0
12,0.0268588,12,0
13,0.0586258,13,0
14,0.12903,14,0
15,0.278378,15,0
16,0.607841,16,0
17,1.32997,17,0
18,2.81463,18,0
19,6.22041,19,0
20,13.2144,20,0
