tam,tiempo,agentes,votos
1,3.583e-06,1,0
2,5.281e-06,2,0
3,1.2636e-05,3,0
4,3.2093e-05,4,0
5,7.8902e-05,5,0
6,0.000188319,6,0
7,0.000438026,7,0
8,0.00102182,8,0
9,0.00236594,9,0
10,0.00524446,10,0
11,0.0117081,11,0
12,0.026116,12,0
13,0.0566113,13,0
14,0.123968,14,0
15,0.268537,15,0
16,0.585475,16,0
17,1.26741,17,0
18,2.71935,18,0
19,5.82337,19,0
20,12.4718,20,0
