tam,tiempo,agentes,votos
1,3.645e-06,1,0
2,5.224e-06,2,0
3,1.2546e-05,3,0
4,3.1757e-05,4,0
5,7.8722e-05,5,0
6,0.000187196,6,0
7,0.000436423,7,0
8,0.0010642,8,0
9,0.00233196,9,0
10,0.0052383,10,0
11,0.0116315,11,0
12,0.0259225,12,0
13,0.0564789,13,0
14,0.124064,14,0
15,0.268523,15,0
16,0.584012,16,0
17,1.27702,17,0
18,2.74,18,0
19,5.81186,19,0
20,12.4765,20,0
