tam,tiempo,agentes,votos
1,3.619e-06,1,0
2,5.268e-06,2,0
3,1.2818e-05,3,0
4,3.2005e-05,4,0
5,7.877e-05,5,0
6,0.000187132,6,0
7,0.000435448,7,0
8,0.00100825,8,0
9,0.0023612,9,0
10,0.00520289,10,0
11,0.0116681,11,0
12,0.0257911,12,0
13,0.0563699,13,0
14,0.123785,14,0
15,0.268726,15,0
16,0.584284,16,0
17,1.26916,17,0
18,2.77916,18,0
19,5.81664,19,0
20,12.507,20,0
