tam,tiempo,agentes,votos
1,3.629e-06,1,0
2,5.192e-06,2,0
3,1.2642e-05,3,0
4,3.1866e-05,4,0
5,7.8227e-05,5,0
6,0.000187299,6,0
7,0.000437747,7,0
8,0.00104108,8,0
9,0.00234194,9,0
10,0.00522584,10,0
11,0.0116508,11,0
12,0.0260895,12,0
13,0.0565233,13,0
14,0.123922,14,0
15,0.268477,15,0
16,0.584934,16,0
17,1.26617,17,0
18,2.77231,18,0
19,5.84651,19,0
20,12.6185,20,0
