tam,tiempo,agentes,votos
1,4.022e-06,1,0
2,5.723e-06,2,0
3,1.3263e-05,3,0
4,3.3446e-05,4,0
5,8.2941e-05,5,0
6,0.00019823,6,0
7,0.000457943,7,0
8,0.00106664,8,0
9,0.00243564,9,0
10,0.00543893,10,0
11,0.0122272,11,0
12,0.0269347,12,0
13,0.0585236,13,0
14,0.12839,14,0
15,0.278858,15,0
16,0.657099,16,0
17,1.3135,17,0
18,2.81389,18,0
19,6.04264,19,0
20,13.0461,20,0
