tam,tiempo,agentes,votos
1,3.841e-06,1,0
2,5.535e-06,2,0
3,1.342e-05,3,0
4,3.3577e-05,4,0
5,8.2968e-05,5,0
6,0.000212627,6,0
7,0.00045771,7,0
8,0.00105819,8,0
9,0.00243786,9,0
10,0.00543303,10,0
11,0.0121665,11,0
12,0.0261177,12,0
13,0.0565883,13,0
14,0.123936,14,0
15,0.268487,15,0
16,0.584563,16,0
17,1.2661,17,0
18,2.74356,18,0
19,5.89189,19,0
20,12.5425,20,0
