tam,tiempo,agentes,votos
1,3.822e-06,1,0
2,5.166e-06,2,0
3,1.259e-05,3,0
4,3.178e-05,4,0
5,7.8378e-05,5,0
6,0.000187451,6,0
7,0.000436031,7,0
8,0.00105576,8,0
9,0.002321,9,0
10,0.00527232,10,0
11,0.0116302,11,0
12,0.0258587,12,0
13,0.0563924,13,0
14,0.123767,14,0
15,0.268685,15,0
16,0.58841,16,0
17,1.27137,17,0
18,2.72383,18,0
19,5.82655,19,0
20,12.5039,20,0
