tam,tiempo,agentes,votos
1,3.535e-06,1,0
2,5.131e-06,2,0
3,1.2501e-05,3,0
4,3.1864e-05,4,0
5,7.9074e-05,5,0
6,0.000188085,6,0
7,0.000440589,7,0
8,0.00101389,8,0
9,0.00236356,9,0
10,0.0052141,10,0
11,0.0116911,11,0
12,0.0258421,12,0
13,0.0564423,13,0
14,0.123824,14,0
15,0.268698,15,0
16,0.597918,16,0
17,1.32787,17,0
18,2.72096,18,0
19,5.81442,19,0
20,12.4952,20,0
