tam,tiempo,agentes,votos
1,3.662e-06,1,0
2,5.243e-06,2,0
3,1.2753e-05,3,0
4,3.163e-05,4,0
5,7.8457e-05,5,0
6,0.0001873,6,0
7,0.000436044,7,0
8,0.00105056,8,0
9,0.00232074,9,0
10,0.00525043,10,0
11,0.0116791,11,0
12,0.0258934,12,0
13,0.0564666,13,0
14,0.124197,14,0
15,0.269582,15,0
16,0.587742,16,0
17,1.27339,17,0
18,2.72149,18,0
19,5.98271,19,0
20,12.5103,20,0
