tam,tiempo,agentes,votos
1,3.792e-06,1,0
2,5.17e-06,2,0
3,1.2791e-05,3,0
4,3.1775e-05,4,0
5,7.8837e-05,5,0
6,0.000187319,6,0
7,0.000437362,7,0
8,0.00101256,8,0
9,0.00238383,9,0
10,0.00540804,10,0
11,0.0117654,11,0
12,0.0261175,12,0
13,0.0566293,13,0
14,0.123897,14,0
15,0.268987,15,0
16,0.587043,16,0
17,1.27039,17,0
18,2.74634,18,0
19,5.91531,19,0
20,12.5732,20,0
