tam,tiempo,agentes,votos
1,3.655e-06,1,0
2,5.234e-06,2,0
3,1.2556e-05,3,0
4,3.1863e-05,4,0
5,7.8469e-05,5,0
6,0.000186908,6,0
7,0.000480759,7,0
8,0.00101474,8,0
9,0.00232797,9,0
10,0.0052515,10,0
11,0.0116984,11,0
12,0.0257747,12,0
13,0.056386,13,0
14,0.123983,14,0
15,0.268697,15,0
16,0.584286,16,0
17,1.26541,17,0
18,2.72773,18,0
19,5.81156,19,0
20,12.8641,20,0
