tam,tiempo,agentes,votos
1,3.634e-06,1,0
2,5.284e-06,2,0
3,1.2681e-05,3,0
4,3.1792e-05,4,0
5,7.8619e-05,5,0
6,0.000187787,6,0
7,0.000435895,7,0
8,0.00101168,8,0
9,0.00237584,9,0
10,0.0052332,10,0
11,0.0117262,11,0
12,0.0259062,12,0
13,0.0564179,13,0
14,0.123831,14,0
15,0.268601,15,0
16,0.585363,16,0
17,1.26689,17,0
18,2.71897,18,0
19,5.83562,19,0
20,12.7105,20,0
