tam,tiempo,agentes,votos
1,3.707e-06,1,0
2,5.209e-06,2,0
3,1.2555e-05,3,0
4,3.1837e-05,4,0
5,7.8006e-05,5,0
6,0.000187604,6,0
7,0.000437413,7,0
8,0.00101218,8,0
9,0.0023598,9,0
10,0.00520893,10,0
11,0.0117218,11,0
12,0.026185,12,0
13,0.0568206,13,0
14,0.124554,14,0
15,0.268477,15,0
16,0.638522,16,0
17,1.45211,17,0
18,2.73034,18,0
19,5.80982,19,0
20,12.4706,20,0
