tam,tiempo,agentes,votos
1,3.597e-06,1,0
2,5.25e-06,2,0
3,1.2692e-05,3,0
4,3.1973e-05,4,0
5,7.8833e-05,5,0
6,0.000187062,6,0
7,0.000467508,7,0
8,0.00104144,8,0
9,0.00246018,9,0
10,0.00544362,10,0
11,0.0121406,11,0
12,0.0268359,12,0
13,0.0589589,13,0
14,0.129057,14,0
15,0.278173,15,0
16,0.604091,16,0
17,1.30976,17,0
18,2.8186,18,0
19,6.0194,19,0
20,12.8761,20,0
