tam,tiempo,agentes,votos
1,3.814e-06,1,0
2,5.132e-06,2,0
3,1.2605e-05,3,0
4,3.1633e-05,4,0
5,7.8464e-05,5,0
6,0.000187884,6,0
7,0.00043622,7,0
8,0.00104942,8,0
9,0.00231867,9,0
10,0.0052034,10,0
11,0.0117434,11,0
12,0.025855,12,0
13,0.0563927,13,0
14,0.123848,14,0
15,0.268578,15,0
16,0.585081,16,0
17,1.26958,17,0
18,2.76364,18,0
19,5.83143,19,0
20,12.6088,20,0
