tam,tiempo,agentes,votos
1,3.551e-06,1,0
2,5.285e-06,2,0
3,1.2513e-05,3,0
4,3.1694e-05,4,0
5,7.8389e-05,5,0
6,0.000187894,6,0
7,0.000435437,7,0
8,0.00100775,8,0
9,0.00235832,9,0
10,0.00520429,10,0
11,0.0116816,11,0
12,0.025886,12,0
13,0.0563801,13,0
14,0.123971,14,0
15,0.270787,15,0
16,0.586865,16,0
17,1.27046,17,0
18,2.72669,18,0
19,5.82112,19,0
20,12.5047,20,0
