tam,tiempo,agentes,votos
1,3.615e-06,1,0
2,5.206e-06,2,0
3,1.2688e-05,3,0
4,3.2131e-05,4,0
5,7.8222e-05,5,0
6,0.000187012,6,0
7,0.000436969,7,0
8,0.00105252,8,0
9,0.00232066,9,0
10,0.0052504,10,0
11,0.0116225,11,0
12,0.0258777,12,0
13,0.056341,13,0
14,0.126926,14,0
15,0.269427,15,0
16,0.589834,16,0
17,1.29233,17,0
18,2.83295,18,0
19,5.83569,19,0
20,12.5358,20,0
