tam,tiempo,agentes,votos
1,3.622e-06,1,0
2,5.257e-06,2,0
3,1.2686e-05,3,0
4,3.1872e-05,4,0
5,7.8062e-05,5,0
6,0.00018844,6,0
7,0.00043569,7,0
8,0.00103707,8,0
9,0.00234257,9,0
10,0.00524885,10,0
11,0.0122182,11,0
12,0.0261294,12,0
13,0.0566298,13,0
14,0.124003,14,0
15,0.268816,15,0
16,0.585939,16,0
17,1.27058,17,0
18,2.7194,18,0
19,5.8269,19,0
20,12.4879,20,0
