tam,tiempo,agentes,votos
1,3.659e-06,1,0
2,5.238e-06,2,0
3,1.2733e-05,3,0
4,3.1696e-05,4,0
5,7.7845e-05,5,0
6,0.000188152,6,0
7,0.000478548,7,0
8,0.0010089,8,0
9,0.00233166,9,0
10,0.00531472,10,0
11,0.0117263,11,0
12,0.0259048,12,0
13,0.0565466,13,0
14,0.124647,14,0
15,0.268529,15,0
16,0.587733,16,0
17,1.26612,17,0
18,2.71599,18,0
19,6.19942,19,0
20,12.5082,20,0
