tam,tiempo,agentes,votos
1,3.815e-06,1,0
2,5.584e-06,2,0
3,1.3405e-05,3,0
4,3.3383e-05,4,0
5,8.2593e-05,5,0
6,0.000196335,6,0
7,0.00045803,7,0
8,0.00107287,8,0
9,0.00243969,9,0
10,0.00543936,10,0
11,0.012136,11,0
12,0.0270222,12,0
13,0.0591307,13,0
14,0.130358,14,0
15,0.307376,15,0
16,0.7013,16,0
17,1.52413,17,0
18,2.73129,18,0
19,5.81117,19,0
20,12.4767,20,0
