tam,tiempo,agentes,votos
1,3.562e-06,1,0
2,5.161e-06,2,0
3,1.278e-05,3,0
4,3.1915e-05,4,0
5,7.85e-05,5,0
6,0.000187284,6,0
7,0.000437881,7,0
8,0.00105233,8,0
9,0.00232972,9,0
10,0.00524507,10,0
11,0.0116512,11,0
12,0.0258421,12,0
13,0.0564621,13,0
14,0.123766,14,0
15,0.268582,15,0
16,0.584513,16,0
17,1.27034,17,0
18,2.73308,18,0
19,5.82019,19,0
20,12.8788,20,0
