tam,tiempo,agentes,votos
1,3.701e-06,1,0
2,5.167e-06,2,0
3,1.2666e-05,3,0
4,4.6826e-05,4,0
5,9.212e-05,5,0
6,0.00018722,6,0
7,0.000437005,7,0
8,0.00104237,8,0
9,0.00244715,9,0
10,0.00541954,10,0
11,0.0120948,11,0
12,0.0269592,12,0
13,0.0585219,13,0
14,0.129314,14,0
15,0.278318,15,0
16,0.677493,16,0
17,1.34754,17,0
18,2.81261,18,0
19,6.03462,19,0
20,13.1698,20,0
