tam,tiempo,agentes,votos
1,3.654e-06,1,0
2,5.232e-06,2,0
3,1.2655e-05,3,0
4,3.1854e-05,4,0
5,7.8465e-05,5,0
6,0.000186601,6,0
7,0.000435685,7,0
8,0.00100847,8,0
9,0.00236753,9,0
10,0.00525209,10,0
11,0.0117914,11,0
12,0.0263297,12,0
13,0.0566072,13,0
14,0.123979,14,0
15,0.269087,15,0
16,0.585488,16,0
17,1.27419,17,0
18,2.76128,18,0
19,5.88355,19,0
20,13.0106,20,0
