tam,tiempo,agentes,votos
1,3.708e-06,1,0
2,5.197e-06,2,0
3,1.263e-05,3,0
4,3.1754e-05,4,0
5,7.821e-05,5,0
6,0.000187142,6,0
7,0.00047732,7,0
8,0.00100827,8,0
9,0.00231706,9,0
10,0.00525121,10,0
11,0.0117053,11,0
12,0.0258053,12,0
13,0.0564033,13,0
14,0.123885,14,0
15,0.268781,15,0
16,0.584414,16,0
17,1.3061,17,0
18,2.82513,18,0
19,6.02906,19,0
20,12.6207,20,0
