tam,tiempo,agentes,votos
1,3.529e-06,1,0
2,5.321e-06,2,0
3,1.2711e-05,3,0
4,3.1873e-05,4,0
5,7.8632e-05,5,0
6,0.000187368,6,0
7,0.000436389,7,0
8,0.00100968,8,0
9,0.00237241,9,0
10,0.00523047,10,0
11,0.011651,11,0
12,0.02579,12,0
13,0.0563501,13,0
14,0.123849,14,0
15,0.285904,15,0
16,0.651973,16,0
17,1.26711,17,0
18,2.7189,18,0
19,5.84653,19,0
20,12.4975,20,0
