tam,tiempo,agentes,votos
1,3.64e-06,1,0
2,5.207e-06,2,0
3,1.2648e-05,3,0
4,3.1874e-05,4,0
5,7.8442e-05,5,0
6,0.000187426,6,0
7,0.000435951,7,0
8,0.0010077,8,0
9,0.00237462,9,0
10,0.00522204,10,0
11,0.0116967,11,0
12,0.0258378,12,0
13,0.0564763,13,0
14,0.124038,14,0
15,0.268949,15,0
16,0.584434,16,0
17,1.2693,17,0
18,2.72433,18,0
19,5.81491,19,0
20,12.4818,20,0
