tam,tiempo,agentes,votos
1,3.591e-06,1,0
2,5.377e-06,2,0
3,1.2681e-05,3,0
4,3.1615e-05,4,0
5,7.8243e-05,5,0
6,0.000187824,6,0
7,0.000467459,7,0
8,0.00107788,8,0
9,0.002413,9,0
10,0.00542896,10,0
11,0.0122213,11,0
12,0.0271143,12,0
13,0.0585278,13,0
14,0.128354,14,0
15,0.278097,15,0
16,0.605332,16,0
17,1.31761,17,0
18,2.83059,18,0
19,6.03559,19,0
20,13.2255,20,0
