tam,tiempo,agentes,votos
1,3.484e-06,1,0
2,5.157e-06,2,0
3,1.2608e-05,3,0
4,3.1889e-05,4,0
5,7.8239e-05,5,0
6,0.000186682,6,0
7,0.000438888,7,0
8,0.00106478,8,0
9,0.00232564,9,0
10,0.00524806,10,0
11,0.0117659,11,0
12,0.0261025,12,0
13,0.0566577,13,0
14,0.123933,14,0
15,0.268666,15,0
16,0.585578,16,0
17,1.29423,17,0
18,2.72185,18,0
19,5.84708,19,0
20,12.5764,20,0
