tam,tiempo,agentes,votos
1,3.724e-06,1,0
2,5.507e-06,2,0
3,1.3233e-05,3,0
4,3.3271e-05,4,0
5,8.2229e-05,5,0
6,0.00019672,6,0
7,0.000460339,7,0
8,0.00106411,8,0
9,0.00245301,9,0
10,0.00544906,10,0
11,0.0121287,11,0
12,0.0269951,12,0
13,0.0591301,13,0
14,0.129946,14,0
15,0.286795,15,0
16,0.638174,16,0
17,1.26709,17,0
18,2.71785,18,0
19,5.82671,19,0
20,12.482,20,0
