tam,tiempo,agentes,votos
1,3.682e-06,1,0
2,5.315e-06,2,0
3,1.2628e-05,3,0
4,3.1554e-05,4,0
5,7.8871e-05,5,0
6,0.000187227,6,0
7,0.000437515,7,0
8,0.00105507,8,0
9,0.0023256,9,0
10,0.00524388,10,0
11,0.0116555,11,0
12,0.0260359,12,0
13,0.0567751,13,0
14,0.124458,14,0
15,0.268551,15,0
16,0.583766,16,0
17,1.2658,17,0
18,2.72121,18,0
19,5.809,19,0
20,12.6662,20,0
