tam,tiempo,agentes,votos
1,3.599e-06,1,0
2,5.253e-06,2,0
3,1.2574e-05,3,0
4,3.1563e-05,4,0
5,7.8352e-05,5,0
6,0.000187268,6,0
7,0.000437242,7,0
8,0.00105557,8,0
9,0.00232428,9,0
10,0.00524215,10,0
11,0.0116936,11,0
12,0.0259302,12,0
13,0.0565336,13,0
14,0.124515,14,0
15,0.268695,15,0
16,0.587649,16,0
17,1.26761,17,0
18,2.71795,18,0
19,5.80904,19,0
20,12.7027,20,0
