tam,tiempo,agentes,votos
1,3.931e-06,1,0
2,5.309e-06,2,0
3,1.2618e-05,3,0
4,3.2215e-05,4,0
5,7.8485e-05,5,0
6,0.00020647,6,0
7,0.000448731,7,0
8,0.00103734,8,0
9,0.00244781,9,0
10,0.00540249,10,0
11,0.0121356,11,0
12,0.0268418,12,0
13,0.0585154,13,0
14,0.128195,14,0
15,0.278269,15,0
16,0.604944,16,0
17,1.31111,17,0
18,3.00109,18,0
19,6.04647,19,0
20,12.971,20,0
