tam,tiempo,agentes,votos
1,3.547e-06,1,0
2,5.189e-06,2,0
3,1.2656e-05,3,0
4,3.1912e-05,4,0
5,7.8707e-05,5,0
6,0.000187015,6,0
7,0.00043603,7,0
8,0.00100882,8,0
9,0.00236528,9,0
10,0.00524381,10,0
11,0.0117302,11,0
12,0.0260747,12,0
13,0.0567015,13,0
14,0.124383,14,0
15,0.269438,15,0
16,0.666296,16,0
17,1.42446,17,0
18,3.02851,18,0
19,5.93551,19,0
20,12.8848,20,0
