tam,tiempo,agentes,votos
1,3.596e-06,1,0
2,5.348e-06,2,0
3,1.2674e-05,3,0
4,3.1864e-05,4,0
5,7.8526e-05,5,0
6,0.000187033,6,0
7,0.000438089,7,0
8,0.00101019,8,0
9,0.00235873,9,0
10,0.00521242,10,0
11,0.0116832,11,0
12,0.025841,12,0
13,0.0565471,13,0
14,0.124784,14,0
15,0.268663,15,0
16,0.583186,16,0
17,1.26755,17,0
18,2.72122,18,0
19,5.82563,19,0
20,12.4626,20,0
