tam,tiempo,agentes,votos
1,3.577e-06,1,0
2,5.243e-06,2,0
3,1.2565e-05,3,0
4,3.1985e-05,4,0
5,7.8189e-05,5,0
6,0.000187246,6,0
7,0.000435331,7,0
8,0.00105822,8,0
9,0.00232048,9,0
10,0.00520656,10,0
11,0.0116697,11,0
12,0.0258568,12,0
13,0.0564458,13,0
14,0.123963,14,0
15,0.268499,15,0
16,0.584449,16,0
17,1.26729,17,0
18,3.02975,18,0
19,6.34607,19,0
20,12.8983,20,0
