tam,tiempo,agentes,votos
1,3.564e-06,1,0
2,5.184e-06,2,0
3,1.2642e-05,3,0
4,3.1763e-05,4,0
5,7.8695e-05,5,0
6,0.000187077,6,0
7,0.000478131,7,0
8,0.00100993,8,0
9,0.00232054,9,0
10,0.00524729,10,0
11,0.0116817,11,0
12,0.0257915,12,0
13,0.0567627,13,0
14,0.124393,14,0
15,0.268601,15,0
16,0.583361,16,0
17,1.26496,17,0
18,2.72133,18,0
19,6.00756,19,0
20,12.6333,20,0
