tam,tiempo,agentes,votos
1,3.796e-06,1,0
2,5.304e-06,2,0
3,1.2726e-05,3,0
4,3.183e-05,4,0
5,7.8564e-05,5,0
6,0.000215698,6,0
7,0.000435915,7,0
8,0.00107553,8,0
9,0.0024221,9,0
10,0.00542193,10,0
11,0.012173,11,0
12,0.0270462,12,0
13,0.0584832,13,0
14,0.128324,14,0
15,0.278834,15,0
16,0.620899,16,0
17,1.31211,17,0
18,2.81257,18,0
19,6.0336,19,0
20,12.9278,20,0
