tam,tiempo,agentes,votos
1,3.626e-06,1,0
2,5.205e-06,2,0
3,1.2663e-05,3,0
4,3.2252e-05,4,0
5,7.8658e-05,5,0
6,0.000186913,6,0
7,0.000435863,7,0
8,0.00100904,8,0
9,0.00236072,9,0
10,0.00524388,10,0
11,0.0118977,11,0
12,0.0262839,12,0
13,0.0564918,13,0
14,0.123885,14,0
15,0.268815,15,0
16,0.587055,16,0
17,1.31548,17,0
18,2.82351,18,0
19,5.97524,19,0
20,12.4945,20,0
