tam,tiempo,agentes,votos
1,3.56e-06,1,0
2,5.279e-06,2,0
3,1.2607e-05,3,0
4,3.1753e-05,4,0
5,7.8356e-05,5,0
6,0.000187044,6,0
7,0.000436109,7,0
8,0.00105375,8,0
9,0.00232047,9,0
10,0.00524203,10,0
11,0.0116782,11,0
12,0.0258562,12,0
13,0.056452,13,0
14,0.123912,14,0
15,0.268457,15,0
16,0.584272,16,0
17,1.26689,17,0
18,2.71763,18,0
19,5.99956,19,0
20,12.5367,20,0
