tam,tiempo,agentes,votos
1,3.641e-06,1,0
2,5.245e-06,2,0
3,1.2573e-05,3,0
4,3.1798e-05,4,0
5,7.8174e-05,5,0
6,0.000187225,6,0
7,0.000436066,7,0
8,0.00101136,8,0
9,0.00236056,9,0
10,0.00521652,10,0
11,0.011656,11,0
12,0.0258882,12,0
13,0.0563012,13,0
14,0.124145,14,0
15,0.268392,15,0
16,0.583684,16,0
17,1.26512,17,0
18,2.72043,18,0
19,5.80989,19,0
20,12.7749,20,0
