tam,tiempo,agentes,votos
1,3.735e-06,1,0
2,5.216e-06,2,0
3,1.2621e-05,3,0
4,3.1799e-05,4,0
5,0.000118678,5,0
6,0.00018745,6,0
7,0.00043601,7,0
8,0.00100854,8,0
9,0.00235569,9,0
10,0.00522977,10,0
11,0.0116742,11,0
12,0.0259116,12,0
13,0.0563975,13,0
14,0.123784,14,0
15,0.26861,15,0
16,0.584722,16,0
17,1.26974,17,0
18,2.78096,18,0
19,5.89286,19,0
20,12.6041,20,0
