tam,tiempo,agentes,votos
1,3.7e-06,1,0
2,5.324e-06,2,0
3,1.266e-05,3,0
4,3.1894e-05,4,0
5,7.8388e-05,5,0
6,0.000216129,6,0
7,0.000436419,7,0
8,0.00110763,8,0
9,0.00239617,9,0
10,0.00540695,10,0
11,0.0120783,11,0
12,0.0268644,12,0
13,0.0584357,13,0
14,0.12848,14,0
15,0.278896,15,0
16,0.619376,16,0
17,1.31141,17,0
18,2.81312,18,0
19,6.14165,19,0
20,12.9704,20,0
