tam,tiempo,agentes,votos
1,3.578e-06,1,0
2,5.28e-06,2,0
3,1.2788e-05,3,0
4,3.1942e-05,4,0
5,7.8215e-05,5,0
6,0.000226807,6,0
7,0.000435995,7,0
8,0.00100801,8,0
9,0.00231957,9,0
10,0.00527381,10,0
11,0.011774,11,0
12,0.0260225,12,0
13,0.0564699,13,0
14,0.124307,14,0
15,0.27031,15,0
16,0.614922,16,0
17,1.3592,17,0
18,2.82082,18,0
19,5.95382,19,0
20,12.6303,20,0
