tam,tiempo,agentes,votos
1,3.829e-06,1,0
2,5.289e-06,2,0
3,1.2706e-05,3,0
4,3.1948e-05,4,0
5,7.845e-05,5,0
6,0.000187595,6,0
7,0.000437777,7,0
8,0.00105777,8,0
9,0.00232723,9,0
10,0.00522159,10,0
11,0.0116521,11,0
12,0.0259922,12,0
13,0.0564428,13,0
14,0.123767,14,0
15,0.268494,15,0
16,0.585825,16,0
17,1.26616,17,0
18,2.76245,18,0
19,5.81464,19,0
20,12.5021,20,0
