tam,tiempo,agentes,votos
1,3.562e-06,1,0
2,5.325e-06,2,0
3,1.2754e-05,3,0
4,3.2047e-05,4,0
5,7.8106e-05,5,0
6,0.000187651,6,0
7,0.00043674,7,0
8,0.00105322,8,0
9,0.00233082,9,0
10,0.00521092,10,0
11,0.0116588,11,0
12,0.0258391,12,0
13,0.0563928,13,0
14,0.124116,14,0
15,0.269466,15,0
16,0.583927,16,0
17,1.29378,17,0
18,2.71944,18,0
19,5.8107,19,0
20,12.5262,20,0
