tam,tiempo,agentes,votos
1,3.682e-06,1,0
2,5.266e-06,2,0
3,1.2656e-05,3,0
4,3.1776e-05,4,0
5,7.8524e-05,5,0
6,0.000187231,6,0
7,0.000437297,7,0
8,0.00105158,8,0
9,0.00232576,9,0
10,0.00520636,10,0
11,0.0116576,11,0
12,0.0259509,12,0
13,0.0566692,13,0
14,0.124908,14,0
15,0.268474,15,0
16,0.583461,16,0
17,1.26861,17,0
18,2.86604,18,0
19,6.09811,19,0
20,12.4702,20,0
