tam,tiempo,agentes,votos
1,3.631e-06,1,0
2,5.46e-06,2,0
3,1.2625e-05,3,0
4,3.155e-05,4,0
5,7.8823e-05,5,0
6,0.000218609,6,0
7,0.00043746,7,0
8,0.0010404,8,0
9,0.0024513,9,0
10,0.00538548,10,0
11,0.0120867,11,0
12,0.0267997,12,0
13,0.0585469,13,0
14,0.128194,14,0
15,0.278282,15,0
16,0.605163,16,0
17,1.31061,17,0
18,3.0055,18,0
19,6.26744,19,0
20,13.1766,20,0
