tam,tiempo,agentes,votos
1,3.773e-06,1,0
2,5.295e-06,2,0
3,1.2579e-05,3,0
4,3.1753e-05,4,0
5,7.8816e-05,5,0
6,0.000188872,6,0
7,0.000436531,7,0
8,0.00101508,8,0
9,0.00236735,9,0
10,0.00528512,10,0
11,0.0119808,11,0
12,0.0262127,12,0
13,0.0572889,13,0
14,0.125279,14,0
15,0.270285,15,0
16,0.586673,16,0
17,1.27787,17,0
18,2.75212,18,0
19,5.88662,19,0
20,12.6822,20,0
