tam,tiempo,agentes,votos
1,3.831e-06,1,0
2,5.592e-06,2,0
3,1.329e-05,3,0
4,4.521e-05,4,0
5,7.823e-05,5,0
6,0.000186858,6,0
7,0.00043624,7,0
8,0.00107321,8,0
9,0.00242241,9,0
10,0.00554728,10,0
11,0.0122199,11,0
12,0.0272068,12,0
13,0.0592018,13,0
14,0.129979,14,0
15,0.278799,15,0
16,0.685914,16,0
17,1.31335,17,0
18,2.81794,18,0
19,6.03841,19,0
20,13.2086,20,0
