tam,tiempo,agentes,votos
1,3.927e-06,1,0
2,5.708e-06,2,0
3,1.2932e-05,3,0
4,3.2554e-05,4,0
5,7.8771e-05,5,0
6,0.000188763,6,0
7,0.000439132,7,0
8,0.00106187,8,0
9,0.00234452,9,0
10,0.00528584,10,0
11,0.0119193,11,0
12,0.0262217,12,0
13,0.0571887,13,0
14,0.124796,14,0
15,0.271855,15,0
16,0.591595,16,0
17,1.27785,17,0
18,2.7451,18,0
19,6.05986,19,0
20,12.996,20,0
