tam,tiempo,agentes,votos
1,3.65e-06,1,0
2,5.22e-06,2,0
3,1.2589e-05,3,0
4,3.1708e-05,4,0
5,7.8229e-05,5,0
6,0.000228419,6,0
7,0.000464874,7,0
8,0.00103648,8,0
9,0.00244138,9,0
10,0.00542247,10,0
11,0.0120936,11,0
12,0.0268267,12,0
13,0.0584246,13,0
14,0.128275,14,0
15,0.27856,15,0
16,0.606781,16,0
17,1.31904,17,0
18,2.81668,18,0
19,6.1506,19,0
20,12.9541,20,0
