tam,tiempo,agentes,votos
1,3.651e-06,1,0
2,5.212e-06,2,0
3,1.2732e-05,3,0
4,3.1768e-05,4,0
5,7.8236e-05,5,0
6,0.000187134,6,0
7,0.000436315,7,0
8,0.0010179,8,0
9,0.00236931,9,0
10,0.00526249,10,0
11,0.0119337,11,0
12,0.0261983,12,0
13,0.056764,13,0
14,0.124417,14,0
15,0.270433,15,0
16,0.600537,16,0
17,1.27263,17,0
18,2.73588,18,0
19,5.90598,19,0
20,12.6461,20,0
