tam,tiempo,agentes,votos
1,3.683e-06,1,0
2,5.235e-06,2,0
3,1.2845e-05,3,0
4,3.1719e-05,4,0
5,7.8136e-05,5,0
6,0.000215319,6,0
7,0.000452048,7,0
8,0.00106903,8,0
9,0.00245126,9,0
10,0.00554801,10,0
11,0.0121435,11,0
12,0.0270547,12,0
13,0.0584397,13,0
14,0.128392,14,0
15,0.278141,15,0
16,0.604748,16,0
17,1.3109,17,0
18,2.81572,18,0
19,6.01832,19,0
20,12.9174,20,0
