tam,tiempo,agentes,votos
1,3.674e-06,1,0
2,5.321e-06,2,0
3,1.2786e-05,3,0
4,3.1676e-05,4,0
5,7.8394e-05,5,0
6,0.000187648,6,0
7,0.000442242,7,0
8,0.00101817,8,0
9,0.0023822,9,0
10,0.00527437,10,0
11,0.011785,11,0
12,0.0262043,12,0
13,0.0567844,13,0
14,0.125792,14,0
15,0.270357,15,0
16,0.587757,16,0
17,1.27511,17,0
18,2.74733,18,0
19,5.84701,19,0
20,12.7657,20,0
