tam,tiempo,agentes,votos
1,3.796e-06,1,0
2,5.414e-06,2,0
3,1.2822e-05,3,0
4,3.2018e-05,4,0
5,7.9297e-05,5,0
6,0.000187042,6,0
7,0.000436526,7,0
8,0.00106422,8,0
9,0.0023459,9,0
10,0.00527064,10,0
11,0.0120746,11,0
12,0.0261833,12,0
13,0.0568512,13,0
14,0.124736,14,0
15,0.269864,15,0
16,0.586626,16,0
17,1.27133,17,0
18,2.73766,18,0
19,5.9218,19,0
20,13.0331,20,0
