tam,tiempo,agentes,votos
1,3.636e-06,1,0
2,5.376e-06,2,0
3,1.2711e-05,3,0
4,3.1837e-05,4,0
5,7.8236e-05,5,0
6,0.000187244,6,0
7,0.0004356,7,0
8,0.00101058,8,0
9,0.00236406,9,0
10,0.00523657,10,0
11,0.011781,11,0
12,0.0260323,12,0
13,0.0566991,13,0
14,0.123758,14,0
15,0.268556,15,0
16,0.646429,16,0
17,1.26883,17,0
18,2.83481,18,0
19,5.91223,19,0
20,12.7256,20,0
