tam,tiempo,agentes,votos
1,3.57e-06,1,0
2,5.187e-06,2,0
3,1.2619e-05,3,0
4,3.1956e-05,4,0
5,7.848e-05,5,0
6,0.000187406,6,0
7,0.000435886,7,0
8,0.0010479,8,0
9,0.00232094,9,0
10,0.00524534,10,0
11,0.0116395,11,0
12,0.0258594,12,0
13,0.0563965,13,0
14,0.123992,14,0
15,0.269654,15,0
16,0.585129,16,0
17,1.26567,17,0
18,2.72146,18,0
19,5.83859,19,0
20,12.4974,20,0
