tam,tiempo,agentes,votos
1,3.679e-06,1,0
2,5.287e-06,2,0
3,1.2656e-05,3,0
4,3.1824e-05,4,0
5,7.8194e-05,5,0
6,0.000187472,6,0
7,0.000435885,7,0
8,0.00101511,8,0
9,0.00236687,9,0
10,0.0052231,10,0
11,0.0116597,11,0
12,0.0258841,12,0
13,0.0566215,13,0
14,0.123876,14,0
15,0.268838,15,0
16,0.589302,16,0
17,1.34584,17,0
18,2.72037,18,0
19,6.08375,19,0
20,12.7203,20,0
