tam,tiempo,agentes,votos
1,3.967e-06,1,0
2,6.055e-06,2,0
3,1.4342e-05,3,0
4,3.6332e-05,4,0
5,9.0143e-05,5,0
6,0.000216857,6,0
7,0.000507092,7,0
8,0.00119458,8,0
9,0.00272134,9,0
10,0.0061121,10,0
11,0.0138087,11,0
12,0.0305129,12,0
13,0.0670551,13,0
14,0.147592,14,0
15,0.312204,15,0
16,0.668747,16,0
17,1.45265,17,0
18,2.72166,18,0
19,5.82369,19,0
20,12.5278,20,0
