tam,tiempo,agentes,votos
1,3.731e-06,1,0
2,5.315e-06,2,0
3,1.2658e-05,3,0
4,3.1688e-05,4,0
5,7.8103e-05,5,0
6,0.000219296,6,0
7,0.000436007,7,0
8,0.00109793,8,0
9,0.00242082,9,0
10,0.00544249,10,0
11,0.0122445,11,0
12,0.0269774,12,0
13,0.0585694,13,0
14,0.128288,14,0
15,0.278052,15,0
16,0.605284,16,0
17,1.32531,17,0
18,2.95821,18,0
19,5.99688,19,0
20,12.5543,20,0
