tam,tiempo,agentes,votos
1,3.719e-06,1,0
2,5.287e-06,2,0
3,1.2767e-05,3,0
4,3.1722e-05,4,0
5,7.8332e-05,5,0
6,0.000187157,6,0
7,0.000442234,7,0
8,0.00101341,8,0
9,0.00238436,9,0
10,0.00526548,10,0
11,0.0118507,11,0
12,0.0262003,12,0
13,0.0567453,13,0
14,0.125192,14,0
15,0.270061,15,0
16,0.586762,16,0
17,1.27414,17,0
18,2.79123,18,0
19,6.02933,19,0
20,12.9264,20,0
