tam,tiempo,agentes,votos
1,3.714e-06,1,0
2,5.284e-06,2,0
3,1.2678e-05,3,0
4,3.1895e-05,4,0
5,9.4444e-05,5,0
6,0.000200934,6,0
7,0.000435922,7,0
8,0.00105179,8,0
9,0.00246552,9,0
10,0.00542967,10,0
11,0.012116,11,0
12,0.0268238,12,0
13,0.0585313,13,0
14,0.128358,14,0
15,0.279183,15,0
16,0.685359,16,0
17,1.41064,17,0
18,2.83161,18,0
19,6.02979,19,0
20,13.1163,20,0
