tam,tiempo,agentes,votos
1,3.755e-06,1,0
2,5.24e-06,2,0
3,1.2688e-05,3,0
4,3.1707e-05,4,0
5,7.8722e-05,5,0
6,0.000187107,6,0
7,0.000487489,7,0
8,0.00101815,8,0
9,0.00233728,9,0
10,0.00534176,10,0
11,0.0120116,11,0
12,0.0264919,12,0
13,0.0571626,13,0
14,0.126588,14,0
15,0.26988,15,0
16,0.586932,16,0
17,1.27196,17,0
18,2.73256,18,0
19,5.84621,19,0
20,12.5942,20,0
