tam,tiempo,agentes,votos
1,3.809e-06,1,0
2,5.25e-06,2,0
3,1.2535e-05,3,0
4,3.2027e-05,4,0
5,7.8508e-05,5,0
6,0.000187211,6,0
7,0.000463678,7,0
8,0.00108621,8,0
9,0.00240474,9,0
10,0.00543193,10,0
11,0.0121224,11,0
12,0.0268396,12,0
13,0.0585018,13,0
14,0.128314,14,0
15,0.278229,15,0
16,0.605917,16,0
17,1.31027,17,0
18,2.81366,18,0
19,6.03766,19,0
20,12.9491,20,0
