tam,tiempo,agentes,votos
1,3.881e-06,1,0
2,5.158e-06,2,0
3,1.267e-05,3,0
4,3.2665e-05,4,0
5,8.2811e-05,5,0
6,0.000187305,6,0
7,0.000436661,7,0
8,0.00101698,8,0
9,0.00237949,9,0
10,0.0052593,10,0
11,0.0120883,11,0
12,0.0261497,12,0
13,0.0569782,13,0
14,0.124854,14,0
15,0.269996,15,0
16,0.586736,16,0
17,1.27618,17,0
18,2.75551,18,0
19,5.88419,19,0
20,12.631,20,0
