tam,tiempo,agentes,votos
1,3.916e-06,1,0
2,5.336e-06,2,0
3,1.2601e-05,3,0
4,3.1901e-05,4,0
5,7.825e-05,5,0
6,0.000188004,6,0
7,0.000436566,7,0
8,0.00106903,8,0
9,0.00244556,9,0
10,0.00550268,10,0
11,0.0122518,11,0
12,0.0269777,12,0
13,0.0586234,13,0
14,0.128285,14,0
15,0.278206,15,0
16,0.607555,16,0
17,1.31503,17,0
18,2.83296,18,0
19,6.05695,19,0
20,12.9578,20,0
