tam,tiempo,agentes,votos
1,3.656e-06,1,0
2,5.352e-06,2,0
3,1.269e-05,3,0
4,3.2003e-05,4,0
5,9.3114e-05,5,0
6,0.000203989,6,0
7,0.000435828,7,0
8,0.00103823,8,0
9,0.00245489,9,0
10,0.00538428,10,0
11,0.0120462,11,0
12,0.0274175,12,0
13,0.0589638,13,0
14,0.128326,14,0
15,0.278275,15,0
16,0.606057,16,0
17,1.31137,17,0
18,2.89742,18,0
19,6.11051,19,0
20,12.8367,20,0
