tam,tiempo,agentes,votos
1,4.106e-06,1,0
2,5.72e-06,2,0
3,1.3156e-05,3,0
4,4.5607e-05,4,0
5,7.8412e-05,5,0
6,0.000187484,6,0
7,0.000463937,7,0
8,0.00103621,8,0
9,0.00244077,9,0
10,0.00555247,10,0
11,0.0122637,11,0
12,0.0270262,12,0
13,0.0584396,13,0
14,0.128224,14,0
15,0.278373,15,0
16,0.688092,16,0
17,1.3628,17,0
18,2.8244,18,0
19,6.02497,19,0
20,12.9489,20,0
