tam,tiempo,agentes,votos
1,3.747e-06,1,0
2,5.325e-06,2,0
3,1.2626e-05,3,0
4,3.1656e-05,4,0
5,7.8056e-05,5,0
6,0.000190304,6,0
7,0.000442397,7,0
8,0.00102127,8,0
9,0.00238257,9,0
10,0.00529267,10,0
11,0.0118053,11,0
12,0.026183,12,0
13,0.0568702,13,0
14,0.124398,14,0
15,0.269945,15,0
16,0.588187,16,0
17,1.27323,17,0
18,2.73209,18,0
19,5.8772,19,0
20,12.5481,20,0
