tam,tiempo,agentes,votos
1,3.779e-06,1,0
2,5.51e-06,2,0
3,1.3325e-05,3,0
4,3.3433e-05,4,0
5,8.263e-05,5,0
6,0.000205388,6,0
7,0.000457623,7,0
8,0.00106234,8,0
9,0.00245084,9,0
10,0.00524972,10,0
11,0.0117775,11,0
12,0.0260414,12,0
13,0.0565151,13,0
14,0.123805,14,0
15,0.268544,15,0
16,0.585505,16,0
17,1.36416,17,0
18,2.7638,18,0
19,6.03579,19,0
20,12.6533,20,0
