tam,tiempo,agentes,votos
1,3.59e-06,1,0
2,5.228e-06,2,0
3,1.26e-05,3,0
4,3.1732e-05,4,0
5,7.8734e-05,5,0
6,0.000228803,6,0
7,0.000438398,7,0
8,0.00101035,8,0
9,0.00238799,9,0
10,0.00521189,10,0
11,0.0116482,11,0
12,0.0258559,12,0
13,0.0564853,13,0
14,0.12383,14,0
15,0.269036,15,0
16,0.586613,16,0
17,1.2712,17,0
18,2.72045,18,0
19,6.023,19,0
20,12.8729,20,0
