tam,tiempo,agentes,votos
1,3.694e-06,1,0
2,5.233e-06,2,0
3,1.2548e-05,3,0
4,3.1946e-05,4,0
5,7.864e-05,5,0
6,0.000187122,6,0
7,0.000477629,7,0
8,0.00102268,8,0
9,0.00234115,9,0
10,0.00528002,10,0
11,0.0116507,11,0
12,0.0259012,12,0
13,0.0566446,13,0
14,0.124466,14,0
15,0.268607,15,0
16,0.58442,16,0
17,1.37168,17,0
18,2.72202,18,0
19,5.81588,19,0
20,12.7009,20,0
