tam,tiempo,agentes,votos
1,3.511e-06,1,0
2,3.3973e-05,2,0
3,1.3595e-05,3,0
4,3.3332e-05,4,0
5,9.2496e-05,5,0
6,0.000187228,6,0
7,0.000437054,7,0
8,0.00100987,8,0
9,0.00236709,9,0
10,0.00528292,10,0
11,0.0117718,11,0
12,0.0261547,12,0
13,0.0570167,13,0
14,0.125136,14,0
15,0.268665,15,0
16,0.587703,16,0
17,1.26796,17,0
18,2.71933,18,0
19,6.24041,19,0
20,12.4978,20,0
