tam,tiempo,agentes,votos
1,3.679e-06,1,0
2,5.332e-06,2,0
3,1.2572e-05,3,0
4,3.1789e-05,4,0
5,7.8864e-05,5,0
6,0.000234728,6,0
7,0.000449566,7,0
8,0.00104019,8,0
9,0.00241207,9,0
10,0.0054291,10,0
11,0.0121594,11,0
12,0.0269308,12,0
13,0.060426,13,0
14,0.130249,14,0
15,0.280794,15,0
16,0.60808,16,0
17,1.31111,17,0
18,2.81484,18,0
19,6.02351,19,0
20,12.9416,20,0
