tam,tiempo,agentes,votos
1,3.713e-06,1,0
2,5.253e-06,2,0
3,1.263e-05,3,0
4,3.1705e-05,4,0
5,0.000107818,5,0
6,0.000187992,6,0
7,0.000436026,7,0
8,0.00103841,8,0
9,0.00245779,9,0
10,0.00550176,10,0
11,0.0122074,11,0
12,0.0270001,12,0
13,0.0585199,13,0
14,0.128265,14,0
15,0.278479,15,0
16,0.691952,16,0
17,1.32832,17,0
18,2.833,18,0
19,6.02359,19,0
20,12.9345,20,0
