tam,tiempo,agentes,votos
1,3.666e-06,1,0
2,5.322e-06,2,0
3,1.2574e-05,3,0
4,3.1745e-05,4,0
5,7.8431e-05,5,0
6,0.000218326,6,0
7,0.000435894,7,0
8,0.00104219,8,0
9,0.00244817,9,0
10,0.00545343,10,0
11,0.0121152,11,0
12,0.0269345,12,0
13,0.0586133,13,0
14,0.128247,14,0
15,0.278131,15,0
16,0.609388,16,0
17,1.31203,17,0
18,2.83078,18,0
19,6.06941,19,0
20,12.9942,20,0
