tam,tiempo,agentes,votos
1,3.682e-06,1,0
2,5.253e-06,2,0
3,1.2693e-05,3,0
4,3.1769e-05,4,0
5,7.8385e-05,5,0
6,0.000187458,6,0
7,0.000470121,7,0
8,0.00108275,8,0
9,0.00241209,9,0
10,0.00544306,10,0
11,0.0121525,11,0
12,0.0269188,12,0
13,0.0585662,13,0
14,0.128762,14,0
15,0.278566,15,0
16,0.607438,16,0
17,1.31933,17,0
18,2.82593,18,0
19,6.03301,19,0
20,12.9702,20,0
