tam,tiempo,agentes,votos
1,3.61e-06,1,0
2,6.165e-06,2,0
3,1.3712e-05,3,0
4,3.4721e-05,4,0
5,8.5748e-05,5,0
6,0.000206547,6,0
7,0.000511237,7,0
8,0.0011577,8,0
9,0.00275062,9,0
10,0.00612035,10,0
11,0.0120578,11,0
12,0.0270242,12,0
13,0.0584421,13,0
14,0.12832,14,0
15,0.278345,15,0
16,0.605494,16,0
17,1.3143,17,0
18,2.82079,18,0
19,6.0412,19,0
20,13.0405,20,0
