tam,tiempo,agentes,votos
1,3.747e-06,1,0
2,5.27e-06,2,0
3,1.2609e-05,3,0
4,3.1846e-05,4,0
5,7.8758e-05,5,0
6,0.000188281,6,0
7,0.000478978,7,0
8,0.00106789,8,0
9,0.00240799,9,0
10,0.00542174,10,0
11,0.0121198,11,0
12,0.026867,12,0
13,0.0586438,13,0
14,0.128448,14,0
15,0.278295,15,0
16,0.604909,16,0
17,1.31293,17,0
18,2.81362,18,0
19,6.02927,19,0
20,13.1462,20,0
