tam,tiempo,agentes,votos
1,3.695e-06,1,0
2,5.444e-06,2,0
3,1.2721e-05,3,0
4,3.1945e-05,4,0
5,7.8101e-05,5,0
6,0.00018747,6,0
7,0.00046453,7,0
8,0.00103653,8,0
9,0.0024538,9,0
10,0.00554055,10,0
11,0.0120881,11,0
12,0.0269379,12,0
13,0.0585135,13,0
14,0.128235,14,0
15,0.278655,15,0
16,0.605886,16,0
17,1.31126,17,0
18,2.8169,18,0
19,6.04515,19,0
20,12.9536,20,0
