tam,tiempo,agentes,votos
1,3.561e-06,1,0
2,5.164e-06,2,0
3,1.2757e-05,3,0
4,3.2066e-05,4,0
5,7.8819e-05,5,0
6,0.000187251,6,0
7,0.000436678,7,0
8,0.00101226,8,0
9,0.00236337,9,0
10,0.00523962,10,0
11,0.0120773,11,0
12,0.0263018,12,0
13,0.0566487,13,0
14,0.125057,14,0
15,0.269094,15,0
16,0.58609,16,0
17,1.30228,17,0
18,2.78439,18,0
19,6.08636,19,0
20,12.7464,20,0
