tam,tiempo,agentes,votos
1,3.605e-06,1,0
2,5.256e-06,2,0
3,1.253e-05,3,0
4,3.2024e-05,4,0
5,7.8147e-05,5,0
6,0.00018748,6,0
7,0.000436077,7,0
8,0.00101038,8,0
9,0.00236046,9,0
10,0.00524428,10,0
11,0.0116673,11,0
12,0.0258989,12,0
13,0.0565065,13,0
14,0.123851,14,0
15,0.26839,15,0
16,0.586462,16,0
17,1.2822,17,0
18,2.73689,18,0
19,5.97352,19,0
20,12.6041,20,0
