tam,tiempo,agentes,votos
1,3.632e-06,1,0
2,5.307e-06,2,0
3,1.2594e-05,3,0
4,3.169e-05,4,0
5,7.8313e-05,5,0
6,0.000187344,6,0
7,0.000440918,7,0
8,0.00101476,8,0
9,0.00237363,9,0
10,0.00523863,10,0
11,0.0116538,11,0
12,0.02586,12,0
13,0.0563507,13,0
14,0.123881,14,0
15,0.281044,15,0
16,0.597207,16,0
17,1.26715,17,0
18,2.72026,18,0
19,5.90976,19,0
20,12.5045,20,0
