tam,tiempo,agentes,votos
1,3.575e-06,1,0
2,5.26e-06,2,0
3,1.2702e-05,3,0
4,3.1889e-05,4,0
5,7.8562e-05,5,0
6,0.000187757,6,0
7,0.00043558,7,0
8,0.00104797,8,0
9,0.00231974,9,0
10,0.00520898,10,0
11,0.0116607,11,0
12,0.025913,12,0
13,0.0565292,13,0
14,0.123815,14,0
15,0.26913,15,0
16,0.58498,16,0
17,1.26469,17,0
18,2.7176,18,0
19,5.82119,19,0
20,12.6185,20,0
