tam,tiempo,agentes,votos
1,3.837e-06,1,0
2,5.506e-06,2,0
3,1.3172e-05,3,0
4,3.3363e-05,4,0
5,8.2263e-05,5,0
6,0.000195766,6,0
7,0.000458245,7,0
8,0.00106306,8,0
9,0.00244397,9,0
10,0.00545678,10,0
11,0.0120431,11,0
12,0.0268926,12,0
13,0.0584036,13,0
14,0.128533,14,0
15,0.278057,15,0
16,0.608429,16,0
17,1.31954,17,0
18,2.8326,18,0
19,6.048,19,0
20,12.9278,20,0
