tam,tiempo,agentes,votos
1,3.674e-06,1,0
2,5.286e-06,2,0
3,1.2568e-05,3,0
4,3.2049e-05,4,0
5,7.792e-05,5,0
6,0.000187724,6,0
7,0.000465425,7,0
8,0.00104158,8,0
9,0.00243463,9,0
10,0.00553871,10,0
11,0.0121805,11,0
12,0.0268579,12,0
13,0.058699,13,0
14,0.128639,14,0
15,0.27797,15,0
16,0.687302,16,0
17,1.32591,17,0
18,2.81538,18,0
19,6.15215,19,0
20,13.2074,20,0
