tam,tiempo,agentes,votos
1,3.773e-06,1,0
2,5.516e-06,2,0
3,1.3185e-05,3,0
4,3.3808e-05,4,0
5,9.2416e-05,5,0
6,0.000196181,6,0
7,0.00045805,7,0
8,0.00105951,8,0
9,0.00245872,9,0
10,0.00543531,10,0
11,0.0121911,11,0
12,0.0268272,12,0
13,0.0584908,13,0
14,0.128233,14,0
15,0.281406,15,0
16,0.605992,16,0
17,1.31348,17,0
18,2.81719,18,0
19,6.03245,19,0
20,13.0617,20,0
