tam,tiempo,agentes,votos
1,3.689e-06,1,0
2,5.36e-06,2,0
3,1.2625e-05,3,0
4,3.1692e-05,4,0
5,7.8347e-05,5,0
6,0.000189862,6,0
7,0.000435928,7,0
8,0.00101525,8,0
9,0.00236722,9,0
10,0.00527858,10,0
11,0.0120185,11,0
12,0.0262317,12,0
13,0.0568672,13,0
14,0.12447,14,0
15,0.269921,15,0
16,0.586699,16,0
17,1.27373,17,0
18,2.73433,18,0
19,5.88783,19,0
20,12.6993,20,0
