tam,tiempo,agentes,votos
1,3.634e-06,1,0
2,5.31e-06,2,0
3,1.26e-05,3,0
4,3.179e-05,4,0
5,0.000106505,5,0
6,0.000187706,6,0
7,0.000436853,7,0
8,0.00106045,8,0
9,0.0024091,9,0
10,0.0053964,10,0
11,0.0120996,11,0
12,0.0269779,12,0
13,0.0586243,13,0
14,0.128677,14,0
15,0.278122,15,0
16,0.604984,16,0
17,1.31233,17,0
18,2.87585,18,0
19,6.07617,19,0
20,13.0418,20,0
