tam,tiempo,agentes,votos
1,3.695e-06,1,0
2,5.363e-06,2,0
3,1.2703e-05,3,0
4,3.1882e-05,4,0
5,7.8817e-05,5,0
6,0.000187519,6,0
7,0.000440212,7,0
8,0.00104276,8,0
9,0.00243419,9,0
10,0.0054208,10,0
11,0.012089,11,0
12,0.0267785,12,0
13,0.0585008,13,0
14,0.128166,14,0
15,0.278147,15,0
16,0.606349,16,0
17,1.31131,17,0
18,2.81321,18,0
19,6.2224,19,0
20,13.1125,20,0
