tam,tiempo,agentes,votos
1,3.849e-06,1,0
2,5.49e-06,2,0
3,1.3257e-05,3,0
4,3.3383e-05,4,0
5,8.2329e-05,5,0
6,0.000196764,6,0
7,0.000460188,7,0
8,0.00106077,8,0
9,0.00244652,9,0
10,0.0054539,10,0
11,0.0121763,11,0
12,0.0270617,12,0
13,0.058815,13,0
14,0.128943,14,0
15,0.278183,15,0
16,0.647527,16,0
17,1.4734,17,0
18,2.82417,18,0
19,5.85119,19,0
20,12.6977,20,0
