tam,tiempo,agentes,votos
1,3.65e-06,1,0
2,5.289e-06,2,0
3,1.2774e-05,3,0
4,3.1674e-05,4,0
5,7.8996e-05,5,0
6,0.000187349,6,0
7,0.000437256,7,0
8,0.00105084,8,0
9,0.00232636,9,0
10,0.00523779,10,0
11,0.0117494,11,0
12,0.0260364,12,0
13,0.0565322,13,0
14,0.124156,14,0
15,0.268541,15,0
16,0.584365,16,0
17,1.26593,17,0
18,2.7484,18,0
19,5.88717,19,0
20,12.6737,20,0
