tam,tiempo,agentes,votos
1,3.718e-06,1,0
2,5.574e-06,2,0
3,1.3348e-05,3,0
4,4.2335e-05,4,0
5,8.232e-05,5,0
6,0.000196558,6,0
7,0.000458594,7,0
8,0.00106129,8,0
9,0.00243986,9,0
10,0.00543816,10,0
11,0.0121265,11,0
12,0.0269376,12,0
13,0.0592036,13,0
14,0.129899,14,0
15,0.278819,15,0
16,0.585054,16,0
17,1.2681,17,0
18,2.71772,18,0
19,5.86729,19,0
20,12.5011,20,0
