tam,tiempo,agentes,votos
1,3.675e-06,1,0
2,5.22e-06,2,0
3,1.2535e-05,3,0
4,3.202e-05,4,0
5,7.8346e-05,5,0
6,0.000187388,6,0
7,0.000438174,7,0
8,0.00101142,8,0
9,0.00236695,9,0
10,0.0052329,10,0
11,0.0116553,11,0
12,0.0258126,12,0
13,0.0564187,13,0
14,0.123848,14,0
15,0.268998,15,0
16,0.585786,16,0
17,1.27504,17,0
18,2.8421,18,0
19,5.81392,19,0
20,12.6704,20,0
