tam,tiempo,agentes,votos
1,3.675e-06,1,0
2,5.294e-06,2,0
3,1.2695e-05,3,0
4,3.2005e-05,4,0
5,7.8666e-05,5,0
6,0.000187487,6,0
7,0.000436675,7,0
8,0.00101147,8,0
9,0.00237198,9,0
10,0.0052199,10,0
11,0.01165,11,0
12,0.0258712,12,0
13,0.0565358,13,0
14,0.123788,14,0
15,0.268484,15,0
16,0.585591,16,0
17,1.26608,17,0
18,2.71733,18,0
19,5.815,19,0
20,12.472,20,0
