tam,tiempo,agentes,votos
1,3.738e-06,1,0
2,5.411e-06,2,0
3,1.2582e-05,3,0
4,3.2125e-05,4,0
5,7.8094e-05,5,0
6,0.000228104,6,0
7,0.000467607,7,0
8,0.00103679,8,0
9,0.00242495,9,0
10,0.00556004,10,0
11,0.0121151,11,0
12,0.0269112,12,0
13,0.0584689,13,0
14,0.128163,14,0
15,0.278996,15,0
16,0.610316,16,0
17,1.31098,17,0
18,2.84388,18,0
19,6.09622,19,0
20,13.1836,20,0
