tam,tiempo,agentes,votos
1,3.682e-06,1,0
2,5.314e-06,2,0
3,1.2637e-05,3,0
4,3.1866e-05,4,0
5,7.8697e-05,5,0
6,0.000187109,6,0
7,0.00044187,7,0
8,0.00101227,8,0
9,0.00236239,9,0
10,0.00526484,10,0
11,0.0118215,11,0
12,0.0261152,12,0
13,0.0567109,13,0
14,0.124379,14,0
15,0.2701,15,0
16,0.588468,16,0
17,1.27699,17,0
18,2.7838,18,0
19,6.0338,19,0
20,12.9442,20,0
