tam,tiempo,agentes,votos
1,3.617e-06,1,0
2,5.246e-06,2,0
3,1.2709e-05,3,0
4,3.2152e-05,4,0
5,7.8718e-05,5,0
6,0.000216002,6,0
7,0.000436681,7,0
8,0.00109975,8,0
9,0.00242386,9,0
10,0.0054589,10,0
11,0.0121398,11,0
12,0.0268624,12,0
13,0.0585192,13,0
14,0.128546,14,0
15,0.278232,15,0
16,0.60453,16,0
17,1.31024,17,0
18,2.94554,18,0
19,6.02513,19,0
20,13.211,20,0
