tam,tiempo,agentes,votos
1,3.773e-06,1,0
2,5.32e-06,2,0
3,1.26e-05,3,0
4,3.2073e-05,4,0
5,7.879e-05,5,0
6,0.000187712,6,0
7,0.000468324,7,0
8,0.00108629,8,0
9,0.00242574,9,0
10,0.00543143,10,0
11,0.0122315,11,0
12,0.0271076,12,0
13,0.0587473,13,0
14,0.128691,14,0
15,0.278291,15,0
16,0.613001,16,0
17,1.42881,17,0
18,2.81884,18,0
19,5.90389,19,0
20,12.6345,20,0
