tam,tiempo,agentes,votos
1,3.598e-06,1,0
2,5.285e-06,2,0
3,1.2594e-05,3,0
4,3.188e-05,4,0
5,7.8424e-05,5,0
6,0.000187316,6,0
7,0.000464252,7,0
8,0.00103792,8,0
9,0.0024512,9,0
10,0.00536883,10,0
11,0.0121538,11,0
12,0.0270277,12,0
13,0.0585724,13,0
14,0.128272,14,0
15,0.278206,15,0
16,0.605248,16,0
17,1.31112,17,0
18,2.8204,18,0
19,6.22445,19,0
20,12.9447,20,0
