tam,tiempo,agentes,votos
1,3.981e-06,1,0
2,5.256e-06,2,0
3,1.2709e-05,3,0
4,3.1819e-05,4,0
5,9.6222e-05,5,0
6,0.000200439,6,0
7,0.000465681,7,0
8,0.00104106,8,0
9,0.00242932,9,0
10,0.00543289,10,0
11,0.0121728,11,0
12,0.0269775,12,0
13,0.0585582,13,0
14,0.128578,14,0
15,0.295457,15,0
16,0.690932,16,0
17,1.33178,17,0
18,2.81906,18,0
19,6.02246,19,0
20,13.0704,20,0
