tam,tiempo,agentes,votos
1,4.251e-06,1,0
2,5.581e-06,2,0
3,1.3267e-05,3,0
4,3.3465e-05,4,0
5,8.2205e-05,5,0
6,0.000196283,6,0
7,0.000457499,7,0
8,0.00106808,8,0
9,0.00239313,9,0
10,0.00527784,10,0
11,0.0117858,11,0
12,0.0263193,12,0
13,0.0567787,13,0
14,0.124876,14,0
15,0.271665,15,0
16,0.593121,16,0
17,1.28273,17,0
18,2.75351,18,0
19,5.91384,19,0
20,12.6732,20,0
