tam,tiempo,agentes,votos
1,3.733e-06,1,0
2,5.218e-06,2,0
3,1.2645e-05,3,0
4,3.1724e-05,4,0
5,7.8736e-05,5,0
6,0.000187334,6,0
7,0.000450244,7,0
8,0.00104096,8,0
9,0.00242022,9,0
10,0.0054949,10,0
11,0.0123131,11,0
12,0.0271714,12,0
13,0.0592176,13,0
14,0.13346,14,0
15,0.317616,15,0
16,0.692378,16,0
17,1.50203,17,0
18,2.94749,18,0
19,5.89945,19,0
20,12.7003,20,0
