tam,tiempo,agentes,votos
1,3.869e-06,1,0
2,5.601e-06,2,0
3,1.3026e-05,3,0
4,3.2831e-05,4,0
5,8.0896e-05,5,0
6,0.000192865,6,0
7,0.000453918,7,0
8,0.00107474,8,0
9,0.00244469,9,0
10,0.00547749,10,0
11,0.0121844,11,0
12,0.0269835,12,0
13,0.0585293,13,0
14,0.128535,14,0
15,0.277469,15,0
16,0.602594,16,0
17,1.30632,17,0
18,2.80969,18,0
19,6.01969,19,0
20,12.9054,20,0
