tam,tiempo,agentes,votos
1,3.645e-06,1,0
0,2.359e-06,2,2
0,4.81e-06,3,4
2,8.255e-06,4,8
1,1.0089e-05,5,12
0,1.4307e-05,6,18
2,3.8085e-05,7,24
1,4.1562e-05,8,32
1,4.089e-05,9,40
1,7.9479e-05,10,50
1,5.9914e-05,11,60
0,4.8205e-05,12,72
1,7.7972e-05,13,84
0,6.5766e-05,14,98
0,8.873e-05,15,112
0,6.7194e-05,16,128
1,0.000129478,17,144
0,0.000108072,18,162
0,0.000127128,19,180
0,0.000143452,20,200
0,0.000206692,21,220
0,0.000170787,22,242
0,0.000461244,23,264
0,0.000180627,24,288
0,0.000195564,25,312
0,0.000133146,26,338
0,0.000270244,27,364
0,0.000252803,28,392
0,0.000255619,29,420
0,0.000185512,30,450
0,0.000248856,31,480
0,0.000248519,32,512
0,0.00020619,33,544
0,0.000217826,34,578
0,0.000360762,35,612
0,0.000242926,36,648
0,0.000255581,37,684
0,0.000281631,38,722
0,0.000371289,39,760
0,0.000429549,40,800
0,0.000357267,41,840
0,0.000343849,42,882
0,0.00041373,43,924
0,0.000518948,44,968
0,0.000371499,45,1012
0,0.000404413,46,1058
0,0.00040832,47,1104
0,0.000478128,48,1152
0,0.000685286,49,1200
0,0.0004576,50,1250
