tam,tiempo,agentes,votos
1,4.389e-06,1,0
2,3.233e-06,2,2
0,3.484e-06,3,4
2,7.027e-06,4,8
0,1.5058e-05,5,12
2,2.3002e-05,6,18
0,2.0387e-05,7,24
0,2.3902e-05,8,32
1,3.363e-05,9,40
0,4.1656e-05,10,50
0,8.9253e-05,11,60
0,0.000110073,12,72
1,5.9474e-05,13,84
0,0.000100194,14,98
0,8.1495e-05,15,112
0,6.6912e-05,16,128
0,0.000176736,17,144
0,0.000132101,18,162
0,0.000231339,19,180
0,0.000175345,20,200
0,0.000173431,21,220
0,0.000293855,22,242
0,0.000170256,23,264
0,0.000184152,24,288
0,0.000244932,25,312
0,0.0002678,26,338
0,0.000182577,27,364
0,0.000168014,28,392
0,0.000321868,29,420
0,0.000215681,30,450
0,0.000356716,31,480
0,0.000247095,32,512
0,0.000216262,33,544
0,0.000243101,34,578
0,0.000381562,35,612
0,0.000480839,36,648
0,0.000463067,37,684
0,0.000314034,38,722
0,0.000336583,39,760
0,0.000452041,40,800
0,0.000328413,41,840
0,0.00042943,42,882
0,0.000375201,43,924
0,0.000450266,44,968
0,0.000406979,45,1012
0,0.000409321,46,1058
0,0.000596102,47,1104
0,0.000450751,48,1152
0,0.000483082,49,1200
0,0.000616579,50,1250
