tam,tiempo,agentes,votos
1,3.069e-06,1,0
2,3.617e-06,2,0
3,7.596e-06,3,0
4,1.782e-05,4,0
5,4.1297e-05,5,0
6,9.5932e-05,6,0
7,0.000219776,7,0
8,0.000520854,8,0
9,0.00117013,9,0
10,0.00254082,10,0
11,0.00551127,11,0
12,0.0121166,12,0
13,0.0261984,13,0
14,0.0574902,14,0
15,0.121603,15,0
16,0.261459,16,0
17,0.56375,17,0
18,1.19954,18,0
19,2.56041,19,0
20,5.45689,20,0
