tam,tiempo,agentes,votos
1,3.141e-06,1,0
2,3.685e-06,2,0
3,7.69e-06,3,0
4,1.7831e-05,4,0
5,4.1427e-05,5,0
6,9.6004e-05,6,0
7,0.000219651,7,0
8,0.000496888,8,0
9,0.0011313,9,0
10,0.00253911,10,0
11,0.00551329,11,0
12,0.0120582,12,0
13,0.0260515,13,0
14,0.0567926,14,0
15,0.121704,15,0
16,0.270784,16,0
17,0.595815,17,0
18,1.2105,18,0
19,2.67473,19,0
20,5.5149,20,0
