tam,tiempo,agentes,votos
1,3.301e-06,1,0
2,3.577e-06,2,0
3,7.692e-06,3,0
4,1.7814e-05,4,0
5,4.1483e-05,5,0
6,9.637e-05,6,0
7,0.000220876,7,0
8,0.000541113,8,0
9,0.00113307,9,0
10,0.00258187,10,0
11,0.00555087,11,0
12,0.0121374,12,0
13,0.0273598,13,0
14,0.0575066,14,0
15,0.12294,15,0
16,0.262809,16,0
17,0.561205,17,0
18,1.19794,18,0
19,2.55624,19,0
20,5.46355,20,0
