tam,tiempo,agentes,votos
1,3.45e-06,1,0
2,3.596e-06,2,0
3,7.741e-06,3,0
4,1.7839e-05,4,0
5,4.1687e-05,5,0
6,0.000110625,6,0
7,0.000251692,7,0
8,0.000522627,8,0
9,0.00117519,9,0
10,0.00264086,10,0
11,0.00595169,11,0
12,0.0125518,12,0
13,0.0272019,13,0
14,0.058822,14,0
15,0.126908,15,0
16,0.286677,16,0
17,0.583648,17,0
18,1.24653,18,0
19,2.65701,19,0
20,5.59269,20,0
