tam,tiempo,agentes,votos
1,3.025e-06,1,0
2,3.627e-06,2,0
3,7.595e-06,3,0
4,1.7795e-05,4,0
5,4.1486e-05,5,0
6,9.649e-05,6,0
7,0.000220869,7,0
8,0.000515983,8,0
9,0.00123332,9,0
10,0.00262824,10,0
11,0.00577564,11,0
12,0.0124404,12,0
13,0.0272899,13,0
14,0.0587543,14,0
15,0.126425,15,0
16,0.269041,16,0
17,0.58053,17,0
18,1.27635,18,0
19,2.6817,19,0
20,5.69969,20,0
