tam,tiempo,agentes,votos
1,3.801e-06,1,0
2,3.914e-06,2,0
3,1.0029e-05,3,0
4,2.2296e-05,4,0
5,5.103e-05,5,0
6,0.000104467,6,0
7,0.000231878,7,0
8,0.000522877,8,0
9,0.00123805,9,0
10,0.00262465,10,0
11,0.00577435,11,0
12,0.0125926,12,0
13,0.0270393,13,0
14,0.0595722,14,0
15,0.128077,15,0
16,0.271712,16,0
17,0.591971,17,0
18,1.24979,18,0
19,2.65121,19,0
20,5.72606,20,0
