tam,tiempo,agentes,votos
1,3.102e-06,1,0
2,3.666e-06,2,0
3,7.612e-06,3,0
4,1.7792e-05,4,0
5,4.1266e-05,5,0
6,9.6163e-05,6,0
7,0.00022003,7,0
8,0.000498604,8,0
9,0.00113308,9,0
10,0.00271168,10,0
11,0.00581713,11,0
12,0.0126865,12,0
13,0.0271969,13,0
14,0.0593192,14,0
15,0.128532,15,0
16,0.274939,16,0
17,0.583226,17,0
18,1.24518,18,0
19,2.63782,19,0
20,5.6502,20,0
