tam,tiempo,agentes,votos
1,3.623e-06,1,0
2,3.744e-06,2,0
3,8.028e-06,3,0
4,1.8695e-05,4,0
5,4.4055e-05,5,0
6,0.000100686,6,0
7,0.000243077,7,0
8,0.000522756,8,0
9,0.00118836,9,0
10,0.00267943,10,0
11,0.00575415,11,0
12,0.0125742,12,0
13,0.0270836,13,0
14,0.0587913,14,0
15,0.125698,15,0
16,0.27094,16,0
17,0.579967,17,0
18,1.24121,18,0
19,2.66515,19,0
20,5.62964,20,0
