tam,tiempo,agentes,votos
1,3.531e-06,1,0
2,3.977e-06,2,0
3,8.064e-06,3,0
4,1.8813e-05,4,0
5,4.3742e-05,5,0
6,0.000116936,6,0
7,0.000236018,7,0
8,0.000531719,8,0
9,0.00116413,9,0
10,0.002621,10,0
11,0.00581591,11,0
12,0.0126465,12,0
13,0.0272763,13,0
14,0.0587473,14,0
15,0.126169,15,0
16,0.270769,16,0
17,0.582535,17,0
18,1.24316,18,0
19,2.65404,19,0
20,5.62156,20,0
