tam,tiempo,agentes,votos
1,3.297e-06,1,0
2,3.887e-06,2,0
3,8.056e-06,3,0
4,1.8926e-05,4,0
5,4.3633e-05,5,0
6,0.000100844,6,0
7,0.000230393,7,0
8,0.000521754,8,0
9,0.00120051,9,0
10,0.00262198,10,0
11,0.00582557,11,0
12,0.0124588,12,0
13,0.0269743,13,0
14,0.0589838,14,0
15,0.124934,15,0
16,0.278673,16,0
17,0.600408,17,0
18,1.25159,18,0
19,2.6773,19,0
20,5.62522,20,0
