tam,tiempo,agentes,votos
1,3.401e-06,1,0
2,3.774e-06,2,0
3,8.028e-06,3,0
4,1.876e-05,4,0
5,4.3867e-05,5,0
6,0.000101144,6,0
7,0.000231696,7,0
8,0.000536138,8,0
9,0.00120175,9,0
10,0.00265382,10,0
11,0.00577414,11,0
12,0.0125674,12,0
13,0.0268362,13,0
14,0.058827,14,0
15,0.12623,15,0
16,0.272459,16,0
17,0.57892,17,0
18,1.25509,18,0
19,2.64233,19,0
20,5.82394,20,0
