tam,tiempo,agentes,votos
1,3.464e-06,1,0
2,3.851e-06,2,0
3,9.293e-06,3,0
4,1.8769e-05,4,0
5,4.3629e-05,5,0
6,0.00010089,6,0
7,0.000230604,7,0
8,0.000521783,8,0
9,0.00119294,9,0
10,0.00263873,10,0
11,0.00581561,11,0
12,0.0125875,12,0
13,0.0274745,13,0
14,0.0587507,14,0
15,0.126844,15,0
16,0.275409,16,0
17,0.602687,17,0
18,1.26043,18,0
19,2.77486,19,0
20,5.70327,20,0
