tam,tiempo,agentes,votos
1,3.38e-06,1,0
2,3.787e-06,2,0
3,8.157e-06,3,0
4,1.8785e-05,4,0
5,4.3801e-05,5,0
6,0.00010109,6,0
7,0.000230792,7,0
8,0.000530638,8,0
9,0.00119377,9,0
10,0.00255789,10,0
11,0.0057873,11,0
12,0.0127037,12,0
13,0.027151,13,0
14,0.0592733,14,0
15,0.127415,15,0
16,0.272309,16,0
17,0.587193,17,0
18,1.26481,18,0
19,2.69367,19,0
20,5.66825,20,0
