tam,tiempo,agentes,votos
1,3.311e-06,1,0
2,3.702e-06,2,0
3,7.767e-06,3,0
4,1.7692e-05,4,0
5,4.1668e-05,5,0
6,9.607e-05,6,0
7,0.000219083,7,0
8,0.000503913,8,0
9,0.00115932,9,0
10,0.002663,10,0
11,0.00583881,11,0
12,0.0123482,12,0
13,0.0265803,13,0
14,0.0577162,14,0
15,0.123742,15,0
16,0.269956,16,0
17,0.577727,17,0
18,1.21984,18,0
19,2.59317,19,0
20,5.52288,20,0
