tam,tiempo,agentes,votos
1,3.133e-06,1,0
2,3.656e-06,2,0
3,7.688e-06,3,0
4,1.7827e-05,4,0
5,4.1686e-05,5,0
6,9.6443e-05,6,0
7,0.000260361,7,0
8,0.000525317,8,0
9,0.00119889,9,0
10,0.00267737,10,0
11,0.00589046,11,0
12,0.0126932,12,0
13,0.0272905,13,0
14,0.0592156,14,0
15,0.127053,15,0
16,0.27682,16,0
17,0.591018,17,0
18,1.27468,18,0
19,2.67706,19,0
20,5.81118,20,0
