tam,tiempo,agentes,votos
1,3.12e-06,1,0
2,3.577e-06,2,0
3,7.65e-06,3,0
4,1.7727e-05,4,0
5,4.1583e-05,5,0
6,9.6079e-05,6,0
7,0.000220136,7,0
8,0.000496789,8,0
9,0.00113168,9,0
10,0.00256453,10,0
11,0.00567422,11,0
12,0.0123523,12,0
13,0.0272319,13,0
14,0.0596855,14,0
15,0.126441,15,0
16,0.271529,16,0
17,0.577824,17,0
18,1.2364,18,0
19,2.65477,19,0
20,5.69594,20,0
