tam,tiempo,agentes,votos
1,3.28e-06,1,0
2,3.866e-06,2,0
3,8.015e-06,3,0
4,1.8694e-05,4,0
5,4.3726e-05,5,0
6,0.000100808,6,0
7,0.000231106,7,0
8,0.000521764,8,0
9,0.00120468,9,0
10,0.00262683,10,0
11,0.00581218,11,0
12,0.0125819,12,0
13,0.0269973,13,0
14,0.0582215,14,0
15,0.125541,15,0
16,0.269785,16,0
17,0.582199,17,0
18,1.24959,18,0
19,2.63489,19,0
20,5.62554,20,0
