tam,tiempo,agentes,votos
1,3.433e-06,1,0
2,3.861e-06,2,0
3,8.058e-06,3,0
4,1.8584e-05,4,0
5,4.3352e-05,5,0
6,0.000100932,6,0
7,0.000230497,7,0
8,0.000522153,8,0
9,0.00118876,9,0
10,0.00262962,10,0
11,0.00575462,11,0
12,0.0125822,12,0
13,0.0270589,13,0
14,0.0612445,14,0
15,0.126701,15,0
16,0.272304,16,0
17,0.583433,17,0
18,1.23673,18,0
19,2.63206,19,0
20,5.63078,20,0
