tam,tiempo,agentes,votos
1,3.4e-06,1,0
2,3.746e-06,2,0
3,7.599e-06,3,0
4,1.7712e-05,4,0
5,4.1777e-05,5,0
6,9.597e-05,6,0
7,0.000248362,7,0
8,0.000497148,8,0
9,0.00116299,9,0
10,0.00276576,10,0
11,0.00580108,11,0
12,0.0126209,12,0
13,0.0272921,13,0
14,0.0591928,14,0
15,0.127444,15,0
16,0.289356,16,0
17,0.587461,17,0
18,1.24588,18,0
19,2.66363,19,0
20,5.62111,20,0
