tam,tiempo,agentes,votos
1,4.387e-06,1,0
2,3.79e-06,2,0
3,7.956e-06,3,0
4,1.8807e-05,4,0
5,4.3461e-05,5,0
6,0.000100748,6,0
7,0.000230821,7,0
8,0.000524128,8,0
9,0.00120512,9,0
10,0.00263417,10,0
11,0.00581096,11,0
12,0.0124358,12,0
13,0.0270587,13,0
14,0.0590513,14,0
15,0.125748,15,0
16,0.271991,16,0
17,0.578117,17,0
18,1.24681,18,0
19,2.63276,19,0
20,5.62046,20,0
