tam,tiempo,agentes,votos
1,3.292e-06,1,0
2,3.876e-06,2,0
3,8.054e-06,3,0
4,1.8661e-05,4,0
5,4.3348e-05,5,0
6,0.000100684,6,0
7,0.000231326,7,0
8,0.000522768,8,0
9,0.00118939,9,0
10,0.00265018,10,0
11,0.00579858,11,0
12,0.012876,12,0
13,0.0271357,13,0
14,0.0593841,14,0
15,0.126031,15,0
16,0.271611,16,0
17,0.579916,17,0
18,1.2642,18,0
19,2.67261,19,0
20,5.60532,20,0
