tam,tiempo,agentes,votos
1,3.308e-06,1,0
2,3.849e-06,2,0
3,7.943e-06,3,0
4,1.8839e-05,4,0
5,4.3552e-05,5,0
6,0.000101367,6,0
7,0.000231495,7,0
8,0.000522592,8,0
9,0.0011909,9,0
10,0.00269051,10,0
11,0.00560104,11,0
12,0.0123953,12,0
13,0.0272839,13,0
14,0.0576839,14,0
15,0.123769,15,0
16,0.268251,16,0
17,0.57938,17,0
18,1.23509,18,0
19,2.63325,19,0
20,5.60498,20,0
