tam,tiempo,agentes,votos
1,3.345e-06,1,0
2,3.841e-06,2,0
3,8.031e-06,3,0
4,1.8637e-05,4,0
5,4.3483e-05,5,0
6,0.00010097,6,0
7,0.000240352,7,0
8,0.000497171,8,0
9,0.00122874,9,0
10,0.00258012,10,0
11,0.00582005,11,0
12,0.0124974,12,0
13,0.0271306,13,0
14,0.0588572,14,0
15,0.127216,15,0
16,0.271668,16,0
17,0.587619,17,0
18,1.24823,18,0
19,2.65176,19,0
20,5.63175,20,0
