tam,tiempo,agentes,votos
1,3.349e-06,1,0
2,3.81e-06,2,0
3,7.922e-06,3,0
4,1.8767e-05,4,0
5,4.3534e-05,5,0
6,0.000101001,6,0
7,0.000231149,7,0
8,0.000522808,8,0
9,0.00119248,9,0
10,0.00263154,10,0
11,0.00570022,11,0
12,0.0123089,12,0
13,0.0268656,13,0
14,0.0584054,14,0
15,0.125812,15,0
16,0.27131,16,0
17,0.584912,17,0
18,1.25251,18,0
19,2.67691,19,0
20,5.62932,20,0
