tam,tiempo,agentes,votos
1,3.106e-06,1,0
2,3.557e-06,2,0
3,7.648e-06,3,0
4,1.7746e-05,4,0
5,4.1432e-05,5,0
6,9.5999e-05,6,0
7,0.000220367,7,0
8,0.000497887,8,0
9,0.00122647,9,0
10,0.00254361,10,0
11,0.00558288,11,0
12,0.0124424,12,0
13,0.0265269,13,0
14,0.0580723,14,0
15,0.126335,15,0
16,0.272101,16,0
17,0.577547,17,0
18,1.23876,18,0
19,2.63009,19,0
20,5.62068,20,0
