tam,tiempo,agentes,votos
1,3.352e-06,1,0
2,3.807e-06,2,0
3,8.08e-06,3,0
4,1.8805e-05,4,0
5,4.3701e-05,5,0
6,0.000101158,6,0
7,0.000231368,7,0
8,0.00052297,8,0
9,0.00119097,9,0
10,0.00263262,10,0
11,0.00576215,11,0
12,0.0125374,12,0
13,0.0268389,13,0
14,0.0590015,14,0
15,0.126465,15,0
16,0.283972,16,0
17,0.578229,17,0
18,1.24065,18,0
19,2.65708,19,0
20,5.66788,20,0
