tam,tiempo,agentes,votos
1,3.23e-06,1,0
2,3.569e-06,2,0
3,7.639e-06,3,0
4,1.8006e-05,4,0
5,4.1562e-05,5,0
6,9.6207e-05,6,0
7,0.000250409,7,0
8,0.000531339,8,0
9,0.00118111,9,0
10,0.00275347,10,0
11,0.00573871,11,0
12,0.0125546,12,0
13,0.0273884,13,0
14,0.0591499,14,0
15,0.127161,15,0
16,0.271994,16,0
17,0.585717,17,0
18,1.2564,18,0
19,2.64336,19,0
20,5.63281,20,0
