tam,tiempo,agentes,votos
1,3.096e-06,1,0
2,3.804e-06,2,0
3,7.96e-06,3,0
4,1.8728e-05,4,0
5,4.3671e-05,5,0
6,0.000100688,6,0
7,0.000230975,7,0
8,0.000523501,8,0
9,0.00119104,9,0
10,0.0026557,10,0
11,0.00574299,11,0
12,0.0124632,12,0
13,0.0273252,13,0
14,0.0584395,14,0
15,0.125175,15,0
16,0.273743,16,0
17,0.579433,17,0
18,1.31057,18,0
19,2.70278,19,0
20,5.67789,20,0
