tam,tiempo,agentes,votos
1,3.465e-06,1,0
2,3.755e-06,2,0
3,8.019e-06,3,0
4,1.876e-05,4,0
5,4.3751e-05,5,0
6,0.000100976,6,0
7,0.000230825,7,0
8,0.000522544,8,0
9,0.00119157,9,0
10,0.00263873,10,0
11,0.0058809,11,0
12,0.0126055,12,0
13,0.0277226,13,0
14,0.0598204,14,0
15,0.128365,15,0
16,0.276584,16,0
17,0.592625,17,0
18,1.25193,18,0
19,2.6308,19,0
20,5.6268,20,0
