tam,tiempo,agentes,votos
1,3.347e-06,1,0
2,3.98e-06,2,0
3,8.136e-06,3,0
4,1.8831e-05,4,0
5,4.3485e-05,5,0
6,0.000101413,6,0
7,0.000231031,7,0
8,0.000521729,8,0
9,0.0011954,9,0
10,0.00263732,10,0
11,0.00578822,11,0
12,0.0124405,12,0
13,0.0293051,13,0
14,0.0593159,14,0
15,0.125985,15,0
16,0.273513,16,0
17,0.594585,17,0
18,1.26851,18,0
19,2.67125,19,0
20,5.71733,20,0
