tam,tiempo,agentes,votos
1,3.295e-06,1,0
2,3.768e-06,2,0
3,8.143e-06,3,0
4,1.8948e-05,4,0
5,4.3326e-05,5,0
6,0.000101097,6,0
7,0.000231191,7,0
8,0.000522285,8,0
9,0.00119009,9,0
10,0.00262393,10,0
11,0.00579311,11,0
12,0.0125801,12,0
13,0.0272735,13,0
14,0.0588027,14,0
15,0.126193,15,0
16,0.27074,16,0
17,0.578376,17,0
18,1.24018,18,0
19,2.70749,19,0
20,5.67156,20,0
