tam,tiempo,agentes,votos
1,4.175e-06,1,0
2,4.008e-06,2,0
3,8.043e-06,3,0
4,1.8884e-05,4,0
5,4.346e-05,5,0
6,0.000104963,6,0
7,0.000255557,7,0
8,0.000521973,8,0
9,0.00118922,9,0
10,0.00262683,10,0
11,0.00591326,11,0
12,0.0126839,12,0
13,0.0274122,13,0
14,0.0592742,14,0
15,0.126111,15,0
16,0.271966,16,0
17,0.581276,17,0
18,1.25288,18,0
19,2.66523,19,0
20,5.67454,20,0
