tam,tiempo,agentes,votos
1,3.457e-06,1,0
2,4.027e-06,2,0
3,8.058e-06,3,0
4,1.878e-05,4,0
5,4.3782e-05,5,0
6,0.000101075,6,0
7,0.000231299,7,0
8,0.000521767,8,0
9,0.00120267,9,0
10,0.00262453,10,0
11,0.00581731,11,0
12,0.0122896,12,0
13,0.0270822,13,0
14,0.0583807,14,0
15,0.126659,15,0
16,0.267281,16,0
17,0.587274,17,0
18,1.26353,18,0
19,2.67707,19,0
20,5.57904,20,0
