tam,tiempo,agentes,votos
1,3.331e-06,1,0
2,3.786e-06,2,0
3,8.046e-06,3,0
4,1.9e-05,4,0
5,4.3671e-05,5,0
6,0.00010115,6,0
7,0.000231011,7,0
8,0.000522362,8,0
9,0.00119059,9,0
10,0.00264204,10,0
11,0.00762428,11,0
12,0.0135243,12,0
13,0.0269133,13,0
14,0.0564965,14,0
15,0.121599,15,0
16,0.271854,16,0
17,0.58506,17,0
18,1.22899,18,0
19,2.61739,19,0
20,5.45713,20,0
