tam,tiempo,agentes,votos
1,3.406e-06,1,0
2,3.87e-06,2,0
3,7.979e-06,3,0
4,1.8794e-05,4,0
5,4.3372e-05,5,0
6,0.000100605,6,0
7,0.000231369,7,0
8,0.000522833,8,0
9,0.00119642,9,0
10,0.00254942,10,0
11,0.00552362,11,0
12,0.0122139,12,0
13,0.0261479,13,0
14,0.056764,14,0
15,0.121934,15,0
16,0.264969,16,0
17,0.576367,17,0
18,1.21766,18,0
19,2.60634,19,0
20,5.53907,20,0
