tam,tiempo,agentes,votos
1,3.1e-06,1,0
2,3.676e-06,2,0
3,7.637e-06,3,0
4,1.7849e-05,4,0
5,4.1682e-05,5,0
6,9.6965e-05,6,0
7,0.000220559,7,0
8,0.000497767,8,0
9,0.00119099,9,0
10,0.00250122,10,0
11,0.00554591,11,0
12,0.012088,12,0
13,0.0260813,13,0
14,0.0568529,14,0
15,0.121594,15,0
16,0.264204,16,0
17,0.560638,17,0
18,1.2035,18,0
19,2.61928,19,0
20,5.6345,20,0
