tam,tiempo,agentes,votos
1,3.455e-06,1,0
2,3.809e-06,2,0
3,8.109e-06,3,0
4,1.8671e-05,4,0
5,4.3333e-05,5,0
6,0.000100856,6,0
7,0.000231021,7,0
8,0.000523593,8,0
9,0.00118988,9,0
10,0.0026311,10,0
11,0.00578814,11,0
12,0.0126209,12,0
13,0.0274385,13,0
14,0.0586424,14,0
15,0.12856,15,0
16,0.283772,16,0
17,0.594175,17,0
18,1.249,18,0
19,2.59572,19,0
20,5.42561,20,0
