tam,tiempo,agentes,votos
1,3.249e-06,1,0
2,3.945e-06,2,0
3,7.94e-06,3,0
4,1.8725e-05,4,0
5,4.3715e-05,5,0
6,0.000100822,6,0
7,0.000230506,7,0
8,0.000522604,8,0
9,0.00118953,9,0
10,0.00262705,10,0
11,0.00575194,11,0
12,0.012142,12,0
13,0.0262164,13,0
14,0.0565238,14,0
15,0.125036,15,0
16,0.269153,16,0
17,0.585726,17,0
18,1.23347,18,0
19,2.58415,19,0
20,5.5072,20,0
