tam,tiempo,agentes,votos
1,3.071e-06,1,0
2,3.649e-06,2,0
3,7.681e-06,3,0
4,1.7992e-05,4,0
5,4.1552e-05,5,0
6,9.6599e-05,6,0
7,0.0002663,7,0
8,0.000497782,8,0
9,0.00117125,9,0
10,0.00259477,10,0
11,0.00555099,11,0
12,0.0121005,12,0
13,0.0270224,13,0
14,0.0566465,14,0
15,0.12254,15,0
16,0.266778,16,0
17,0.587413,17,0
18,1.24051,18,0
19,2.54992,19,0
20,5.67968,20,0
