tam,tiempo,agentes,votos
1,3.061e-06,1,0
2,3.745e-06,2,0
3,7.609e-06,3,0
4,1.7829e-05,4,0
5,4.1382e-05,5,0
6,9.6684e-05,6,0
7,0.000220031,7,0
8,0.000496985,8,0
9,0.00113516,9,0
10,0.00254074,10,0
11,0.00553238,11,0
12,0.0121309,12,0
13,0.0261925,13,0
14,0.0570959,14,0
15,0.128071,15,0
16,0.272821,16,0
17,0.580508,17,0
18,1.26494,18,0
19,2.63854,19,0
20,5.69998,20,0
