tam,tiempo,agentes,votos
1,3.648e-06,1,0
2,3.799e-06,2,0
3,7.632e-06,3,0
4,3.2599e-05,4,0
5,4.3798e-05,5,0
6,0.000109809,6,0
7,0.000220162,7,0
8,0.000524747,8,0
9,0.00117192,9,0
10,0.00266182,10,0
11,0.00591099,11,0
12,0.0126743,12,0
13,0.0274163,13,0
14,0.0593177,14,0
15,0.127018,15,0
16,0.270816,16,0
17,0.592328,17,0
18,1.2434,18,0
19,2.67125,19,0
20,5.64462,20,0
