tam,tiempo,agentes,votos
1,3.299e-06,1,0
2,3.836e-06,2,0
3,1.0428e-05,3,0
4,1.8635e-05,4,0
5,4.3592e-05,5,0
6,0.000102216,6,0
7,0.00023023,7,0
8,0.000522698,8,0
9,0.0011908,9,0
10,0.00263459,10,0
11,0.00579503,11,0
12,0.0127907,12,0
13,0.0275205,13,0
14,0.0603796,14,0
15,0.12958,15,0
16,0.277864,16,0
17,0.594186,17,0
18,1.26725,18,0
19,2.65178,19,0
20,5.6733,20,0
