tam,tiempo,agentes,votos
1,3.126e-06,1,0
2,3.698e-06,2,0
3,7.613e-06,3,0
4,1.7981e-05,4,0
5,4.1787e-05,5,0
6,9.6255e-05,6,0
7,0.000220681,7,0
8,0.00049865,8,0
9,0.00113684,9,0
10,0.00253936,10,0
11,0.00574915,11,0
12,0.0121094,12,0
13,0.0270069,13,0
14,0.0587844,14,0
15,0.126128,15,0
16,0.276592,16,0
17,0.582016,17,0
18,1.2422,18,0
19,2.64479,19,0
20,5.6144,20,0
