tam,tiempo,agentes,votos
1,3.298e-06,1,0
2,3.784e-06,2,0
3,7.616e-06,3,0
4,1.7848e-05,4,0
5,4.1785e-05,5,0
6,9.6601e-05,6,0
7,0.000220419,7,0
8,0.000497237,8,0
9,0.00113201,9,0
10,0.00257968,10,0
11,0.00577125,11,0
12,0.0141467,12,0
13,0.0291914,13,0
14,0.0607279,14,0
15,0.128106,15,0
16,0.275563,16,0
17,0.592595,17,0
18,1.25399,18,0
19,2.65821,19,0
20,5.6376,20,0
