tam,tiempo,agentes,votos
1,3.313e-06,1,0
2,3.777e-06,2,0
3,7.978e-06,3,0
4,1.8792e-05,4,0
5,4.3726e-05,5,0
6,0.000100799,6,0
7,0.000236205,7,0
8,0.00053136,8,0
9,0.00126426,9,0
10,0.00263419,10,0
11,0.0057672,11,0
12,0.0126283,12,0
13,0.0269662,13,0
14,0.0585406,14,0
15,0.125835,15,0
16,0.269759,16,0
17,0.581469,17,0
18,1.24779,18,0
19,2.65752,19,0
20,5.62749,20,0
