tam,tiempo,agentes,votos
1,3.462e-06,1,0
2,3.725e-06,2,0
3,7.6e-06,3,0
4,1.7727e-05,4,0
5,4.1347e-05,5,0
6,9.6142e-05,6,0
7,0.000220496,7,0
8,0.000526612,8,0
9,0.00120789,9,0
10,0.00259008,10,0
11,0.00598846,11,0
12,0.0125437,12,0
13,0.0274206,13,0
14,0.0591397,14,0
15,0.127121,15,0
16,0.272787,16,0
17,0.592815,17,0
18,1.24632,18,0
19,2.65174,19,0
20,5.66323,20,0
