tam,tiempo,agentes,votos
1,3.409e-06,1,0
2,3.801e-06,2,0
3,8.042e-06,3,0
4,1.8686e-05,4,0
5,4.3812e-05,5,0
6,0.000101141,6,0
7,0.000231087,7,0
8,0.000553375,8,0
9,0.00120578,9,0
10,0.00262691,10,0
11,0.00582534,11,0
12,0.0129036,12,0
13,0.0274521,13,0
14,0.059147,14,0
15,0.127053,15,0
16,0.272224,16,0
17,0.585412,17,0
18,1.25096,18,0
19,2.65423,19,0
20,5.6578,20,0
