tam,tiempo,agentes,votos
1,3.299e-06,1,0
2,3.782e-06,2,0
3,8.051e-06,3,0
4,1.8787e-05,4,0
5,4.3889e-05,5,0
6,0.000101091,6,0
7,0.000233205,7,0
8,0.000522057,8,0
9,0.00118804,9,0
10,0.00268818,10,0
11,0.00588977,11,0
12,0.0125588,12,0
13,0.026989,13,0
14,0.0585925,14,0
15,0.125534,15,0
16,0.269554,16,0
17,0.582439,17,0
18,1.25045,18,0
19,2.66189,19,0
20,5.63334,20,0
