tam,tiempo,agentes,votos
1,3.153e-06,1,0
2,3.81e-06,2,0
3,8.032e-06,3,0
4,1.866e-05,4,0
5,4.377e-05,5,0
6,0.000101077,6,0
7,0.000230293,7,0
8,0.000536322,8,0
9,0.00118661,9,0
10,0.00265526,10,0
11,0.00578286,11,0
12,0.0125612,12,0
13,0.0271939,13,0
14,0.0588553,14,0
15,0.12757,15,0
16,0.271759,16,0
17,0.586396,17,0
18,1.25317,18,0
19,2.66036,19,0
20,5.63217,20,0
