tam,tiempo,agentes,votos
1,3.308e-06,1,0
2,3.806e-06,2,0
3,8.06e-06,3,0
4,1.8882e-05,4,0
5,4.3771e-05,5,0
6,0.000101099,6,0
7,0.000231041,7,0
8,0.000522913,8,0
9,0.00118926,9,0
10,0.00256452,10,0
11,0.00557506,11,0
12,0.0123474,12,0
13,0.0271366,13,0
14,0.0588933,14,0
15,0.12646,15,0
16,0.269007,16,0
17,0.581,17,0
18,1.24967,18,0
19,2.63591,19,0
20,5.63613,20,0
