tam,tiempo,agentes,votos
1,3.184e-06,1,0
2,3.773e-06,2,0
3,7.775e-06,3,0
4,1.8051e-05,4,0
5,4.1749e-05,5,0
6,9.64e-05,6,0
7,0.000220038,7,0
8,0.000496863,8,0
9,0.00113588,9,0
10,0.00260011,10,0
11,0.00559244,11,0
12,0.0122386,12,0
13,0.0262948,13,0
14,0.0567106,14,0
15,0.121675,15,0
16,0.261173,16,0
17,0.559852,17,0
18,1.23148,18,0
19,2.63919,19,0
20,5.52522,20,0
