tam,tiempo,agentes,votos
1,3.279e-06,1,0
2,3.815e-06,2,0
3,7.973e-06,3,0
4,1.8979e-05,4,0
5,4.3685e-05,5,0
6,0.000100953,6,0
7,0.000230388,7,0
8,0.000523443,8,0
9,0.00120131,9,0
10,0.00251631,10,0
11,0.00560585,11,0
12,0.0121478,12,0
13,0.0262405,13,0
14,0.056908,14,0
15,0.121728,15,0
16,0.271161,16,0
17,0.561992,17,0
18,1.24018,18,0
19,2.63115,19,0
20,5.47186,20,0
