tam,tiempo,agentes,votos
1,3.123e-06,1,0
2,3.691e-06,2,0
3,7.713e-06,3,0
4,1.776e-05,4,0
5,4.1986e-05,5,0
6,9.6483e-05,6,0
7,0.000220169,7,0
8,0.000497141,8,0
9,0.00117045,9,0
10,0.00249728,10,0
11,0.0063376,11,0
12,0.0124639,12,0
13,0.0276105,13,0
14,0.060916,14,0
15,0.125182,15,0
16,0.260969,16,0
17,0.559609,17,0
18,1.2104,18,0
19,2.55583,19,0
20,5.45257,20,0
