tam,tiempo,agentes,votos
1,3.009e-06,1,0
2,3.549e-06,2,0
3,7.601e-06,3,0
4,1.7822e-05,4,0
5,4.1639e-05,5,0
6,9.6148e-05,6,0
7,0.000221465,7,0
8,0.000498426,8,0
9,0.0011323,9,0
10,0.00252888,10,0
11,0.00555341,11,0
12,0.0120645,12,0
13,0.0262667,13,0
14,0.0565913,14,0
15,0.121481,15,0
16,0.260929,16,0
17,0.567363,17,0
18,1.21145,18,0
19,2.5539,19,0
20,5.53788,20,0
