tam,tiempo,agentes,votos
1,3.204e-06,1,0
2,3.622e-06,2,0
3,7.683e-06,3,0
4,1.7844e-05,4,0
5,4.1762e-05,5,0
6,9.6847e-05,6,0
7,0.000220044,7,0
8,0.000527418,8,0
9,0.00118488,9,0
10,0.00264169,10,0
11,0.00583102,11,0
12,0.0125435,12,0
13,0.0272963,13,0
14,0.0595401,14,0
15,0.127988,15,0
16,0.273922,16,0
17,0.584843,17,0
18,1.24985,18,0
19,2.68057,19,0
20,5.66703,20,0
