tam,tiempo,agentes,votos
1,3.068e-06,1,0
2,3.72e-06,2,0
3,7.637e-06,3,0
4,1.8023e-05,4,0
5,4.1728e-05,5,0
6,9.6138e-05,6,0
7,0.000220414,7,0
8,0.000498462,8,0
9,0.001162,9,0
10,0.00274409,10,0
11,0.00581018,11,0
12,0.0126513,12,0
13,0.0275066,13,0
14,0.0615268,14,0
15,0.127604,15,0
16,0.270406,16,0
17,0.596622,17,0
18,1.25179,18,0
19,2.65214,19,0
20,5.62162,20,0
