tam,tiempo,agentes,votos
1,3.11e-06,1,0
2,3.702e-06,2,0
3,7.805e-06,3,0
4,1.794e-05,4,0
5,4.1779e-05,5,0
6,9.6766e-05,6,0
7,0.000262578,7,0
8,0.000509115,8,0
9,0.0011362,9,0
10,0.00275843,10,0
11,0.00577638,11,0
12,0.0126893,12,0
13,0.027335,13,0
14,0.0588436,14,0
15,0.127513,15,0
16,0.272587,16,0
17,0.586892,17,0
18,1.24594,18,0
19,2.66615,19,0
20,5.62847,20,0
