tam,tiempo,agentes,votos
1,3.27e-06,1,0
2,3.787e-06,2,0
3,8.006e-06,3,0
4,3.0538e-05,4,0
5,4.1448e-05,5,0
6,9.6249e-05,6,0
7,0.000250111,7,0
8,0.000502844,8,0
9,0.00118005,9,0
10,0.00254532,10,0
11,0.00565444,11,0
12,0.0123212,12,0
13,0.0267392,13,0
14,0.0586313,14,0
15,0.125817,15,0
16,0.272151,16,0
17,0.580539,17,0
18,1.242,18,0
19,2.63767,19,0
20,5.64524,20,0
