tam,tiempo,agentes,votos
1,3.358e-06,1,0
2,3.665e-06,2,0
3,7.661e-06,3,0
4,1.7771e-05,4,0
5,4.1444e-05,5,0
6,9.6141e-05,6,0
7,0.000220438,7,0
8,0.000519596,8,0
9,0.00121864,9,0
10,0.00262497,10,0
11,0.00573403,11,0
12,0.0126338,12,0
13,0.0270524,13,0
14,0.0595934,14,0
15,0.126207,15,0
16,0.272742,16,0
17,0.587447,17,0
18,1.2432,18,0
19,2.62901,19,0
20,5.57878,20,0
