tam,tiempo,agentes,votos
1,3.241e-06,1,0
2,3.86e-06,2,0
3,8.018e-06,3,0
4,1.8753e-05,4,0
5,4.3523e-05,5,0
6,0.000100899,6,0
7,0.000230466,7,0
8,0.000522553,8,0
9,0.00119584,9,0
10,0.00264262,10,0
11,0.00584451,11,0
12,0.0126275,12,0
13,0.0273827,13,0
14,0.0583483,14,0
15,0.125124,15,0
16,0.270896,16,0
17,0.582263,17,0
18,1.24718,18,0
19,2.65429,19,0
20,5.64012,20,0
