tam,tiempo,agentes,votos
1,3.523e-06,1,0
2,3.826e-06,2,0
3,8.075e-06,3,0
4,1.8624e-05,4,0
5,4.3998e-05,5,0
6,0.000110724,6,0
7,0.000245948,7,0
8,0.000522145,8,0
9,0.00119036,9,0
10,0.00262924,10,0
11,0.00574661,11,0
12,0.0125721,12,0
13,0.0274136,13,0
14,0.0590899,14,0
15,0.127819,15,0
16,0.273656,16,0
17,0.583565,17,0
18,1.24481,18,0
19,2.65424,19,0
20,5.63375,20,0
