tam,tiempo,agentes,votos
1,3.209e-06,1,0
2,4.074e-06,2,0
3,7.989e-06,3,0
4,1.8846e-05,4,0
5,4.3664e-05,5,0
6,0.000101161,6,0
7,0.000230797,7,0
8,0.000521817,8,0
9,0.00121101,9,0
10,0.00265029,10,0
11,0.00558609,11,0
12,0.0123676,12,0
13,0.0269566,13,0
14,0.0583726,14,0
15,0.126281,15,0
16,0.272852,16,0
17,0.58355,17,0
18,1.25173,18,0
19,2.64112,19,0
20,5.62867,20,0
