tam,tiempo,agentes,votos
1,3.588e-06,1,0
2,3.8e-06,2,0
3,7.996e-06,3,0
4,1.8746e-05,4,0
5,4.8747e-05,5,0
6,0.000104165,6,0
7,0.000233333,7,0
8,0.000527302,8,0
9,0.00122941,9,0
10,0.00267107,10,0
11,0.00589358,11,0
12,0.0126163,12,0
13,0.0278167,13,0
14,0.0602363,14,0
15,0.129082,15,0
16,0.278447,16,0
17,0.586673,17,0
18,1.24272,18,0
19,2.67804,19,0
20,5.68165,20,0
