tam,tiempo,agentes,votos
1,5.476e-06,1,0
2,5.385e-06,2,0
3,1.0596e-05,3,0
4,2.4642e-05,4,0
5,7.1556e-05,5,0
6,0.000118801,6,0
7,0.000238889,7,0
8,0.000568338,8,0
9,0.00121121,9,0
10,0.00277515,10,0
11,0.00581544,11,0
12,0.0129592,12,0
13,0.027661,13,0
14,0.0594337,14,0
15,0.125173,15,0
16,0.271828,16,0
17,0.577912,17,0
18,1.23876,18,0
19,2.63517,19,0
20,5.59783,20,0
