tam,tiempo,agentes,votos
1,3.356e-06,1,0
2,3.667e-06,2,0
3,7.67e-06,3,0
4,1.7881e-05,4,0
5,4.1526e-05,5,0
6,9.6035e-05,6,0
7,0.000219299,7,0
8,0.000497075,8,0
9,0.00118877,9,0
10,0.00251521,10,0
11,0.00574449,11,0
12,0.012146,12,0
13,0.0264998,13,0
14,0.059136,14,0
15,0.125291,15,0
16,0.268045,16,0
17,0.578478,17,0
18,1.22513,18,0
19,2.62551,19,0
20,5.57123,20,0
