tam,tiempo,agentes,votos
1,3.481e-06,1,0
2,3.815e-06,2,0
3,8.023e-06,3,0
4,1.8811e-05,4,0
5,4.3711e-05,5,0
6,0.000100782,6,0
7,0.000230928,7,0
8,0.000525922,8,0
9,0.00120068,9,0
10,0.00265799,10,0
11,0.00576839,11,0
12,0.0125425,12,0
13,0.0267269,13,0
14,0.0587349,14,0
15,0.1257,15,0
16,0.266183,16,0
17,0.579723,17,0
18,1.23058,18,0
19,2.63925,19,0
20,5.58988,20,0
