tam,tiempo,agentes,votos
1,3.062e-06,1,0
2,3.69e-06,2,0
3,7.574e-06,3,0
4,1.7777e-05,4,0
5,4.1505e-05,5,0
6,9.6318e-05,6,0
7,0.000219619,7,0
8,0.000542597,8,0
9,0.00120087,9,0
10,0.00261458,10,0
11,0.0057512,11,0
12,0.0125387,12,0
13,0.0266162,13,0
14,0.057574,14,0
15,0.124326,15,0
16,0.264912,16,0
17,0.585818,17,0
18,1.24849,18,0
19,2.61444,19,0
20,5.65771,20,0
