tam,tiempo,agentes,votos
1,3.395e-06,1,0
2,3.785e-06,2,0
3,7.753e-06,3,0
4,1.7946e-05,4,0
5,4.1982e-05,5,0
6,9.6163e-05,6,0
7,0.000220636,7,0
8,0.000527879,8,0
9,0.00116606,9,0
10,0.00266303,10,0
11,0.00601733,11,0
12,0.012633,12,0
13,0.0276101,13,0
14,0.0594031,14,0
15,0.126832,15,0
16,0.272563,16,0
17,0.582982,17,0
18,1.24296,18,0
19,2.65932,19,0
20,5.65007,20,0
