tam,tiempo,agentes,votos
1,3.203e-06,1,0
2,3.657e-06,2,0
3,7.716e-06,3,0
4,1.7855e-05,4,0
5,4.1536e-05,5,0
6,0.000116159,6,0
7,0.000253412,7,0
8,0.000539037,8,0
9,0.00113152,9,0
10,0.00252739,10,0
11,0.00569549,11,0
12,0.0122099,12,0
13,0.027156,13,0
14,0.0581375,14,0
15,0.126882,15,0
16,0.270666,16,0
17,0.586989,17,0
18,1.24333,18,0
19,2.65363,19,0
20,5.67446,20,0
