tam,tiempo,agentes,votos
1,3.594e-06,1,0
2,3.904e-06,2,0
3,8.055e-06,3,0
4,1.898e-05,4,0
5,4.3663e-05,5,0
6,0.000100943,6,0
7,0.000230652,7,0
8,0.000523177,8,0
9,0.0012188,9,0
10,0.00287699,10,0
11,0.00577182,11,0
12,0.0128108,12,0
13,0.0269797,13,0
14,0.0603168,14,0
15,0.12502,15,0
16,0.275516,16,0
17,0.596448,17,0
18,1.24221,18,0
19,2.65813,19,0
20,5.60165,20,0
