tam,tiempo,agentes,votos
1,3.222e-06,1,0
2,3.783e-06,2,0
3,7.998e-06,3,0
4,1.885e-05,4,0
5,4.3668e-05,5,0
6,0.000100451,6,0
7,0.000230383,7,0
8,0.000522147,8,0
9,0.00120026,9,0
10,0.00259329,10,0
11,0.00576888,11,0
12,0.0121883,12,0
13,0.0265973,13,0
14,0.0586514,14,0
15,0.126118,15,0
16,0.268733,16,0
17,0.580506,17,0
18,1.2336,18,0
19,2.63916,19,0
20,5.61972,20,0
