tam,tiempo,agentes,votos
1,3.209e-06,1,0
2,3.596e-06,2,0
3,7.699e-06,3,0
4,1.7779e-05,4,0
5,4.1711e-05,5,0
6,9.6591e-05,6,0
7,0.000219747,7,0
8,0.000497117,8,0
9,0.00113237,9,0
10,0.00253168,10,0
11,0.00568732,11,0
12,0.0123311,12,0
13,0.027184,13,0
14,0.0592143,14,0
15,0.128442,15,0
16,0.272186,16,0
17,0.577685,17,0
18,1.25091,18,0
19,2.63216,19,0
20,5.55662,20,0
