tam,tiempo,agentes,votos
1,3.615e-06,1,0
2,3.717e-06,2,0
3,7.672e-06,3,0
4,1.7845e-05,4,0
5,4.1864e-05,5,0
6,0.000111831,6,0
7,0.000235857,7,0
8,0.000499306,8,0
9,0.00121606,9,0
10,0.00269419,10,0
11,0.00582198,11,0
12,0.0125881,12,0
13,0.0271535,13,0
14,0.0588745,14,0
15,0.126964,15,0
16,0.273508,16,0
17,0.584803,17,0
18,1.24468,18,0
19,2.65426,19,0
20,5.62635,20,0
