tam,tiempo,agentes,votos
1,3.437e-06,1,0
2,3.925e-06,2,0
3,8.091e-06,3,0
4,1.8807e-05,4,0
5,4.3611e-05,5,0
6,0.000100601,6,0
7,0.000231209,7,0
8,0.000528207,8,0
9,0.00120354,9,0
10,0.00263245,10,0
11,0.00599939,11,0
12,0.0124551,12,0
13,0.0270876,13,0
14,0.058372,14,0
15,0.124745,15,0
16,0.269695,16,0
17,0.574537,17,0
18,1.22919,18,0
19,2.72487,19,0
20,5.61029,20,0
