tam,tiempo,agentes,votos
1,3.064e-06,1,0
2,3.791e-06,2,0
3,7.791e-06,3,0
4,1.7714e-05,4,0
5,4.1495e-05,5,0
6,9.6296e-05,6,0
7,0.000220205,7,0
8,0.000497802,8,0
9,0.00113266,9,0
10,0.00258287,10,0
11,0.00559435,11,0
12,0.012403,12,0
13,0.0265688,13,0
14,0.0583568,14,0
15,0.124388,15,0
16,0.267696,16,0
17,0.575743,17,0
18,1.22873,18,0
19,2.60963,19,0
20,5.55019,20,0
