tam,tiempo,agentes,votos
1,3.276e-06,1,0
2,3.654e-06,2,0
3,7.702e-06,3,0
4,1.7869e-05,4,0
5,4.1595e-05,5,0
6,9.6364e-05,6,0
7,0.000243277,7,0
8,0.00054214,8,0
9,0.00119585,9,0
10,0.00253957,10,0
11,0.00554652,11,0
12,0.0121947,12,0
13,0.0264736,13,0
14,0.0587009,14,0
15,0.124158,15,0
16,0.268218,16,0
17,0.578017,17,0
18,1.23021,18,0
19,2.61336,19,0
20,5.5532,20,0
