tam,tiempo,agentes,votos
1,3.136e-06,1,0
2,3.831e-06,2,0
3,7.998e-06,3,0
4,1.869e-05,4,0
5,4.3668e-05,5,0
6,0.000100713,6,0
7,0.00023107,7,0
8,0.000523139,8,0
9,0.00121185,9,0
10,0.00259877,10,0
11,0.00564949,11,0
12,0.0123592,12,0
13,0.0270349,13,0
14,0.0581033,14,0
15,0.126149,15,0
16,0.271319,16,0
17,0.575166,17,0
18,1.2305,18,0
19,2.61562,19,0
20,5.56191,20,0
