tam,tiempo,agentes,votos
1,3.866e-06,1,0
2,3.773e-06,2,0
3,7.604e-06,3,0
4,1.7883e-05,4,0
5,4.1762e-05,5,0
6,9.6243e-05,6,0
7,0.000220579,7,0
8,0.000526052,8,0
9,0.00117711,9,0
10,0.00268556,10,0
11,0.00590305,11,0
12,0.0126818,12,0
13,0.0273726,13,0
14,0.0590307,14,0
15,0.127778,15,0
16,0.273472,16,0
17,0.588102,17,0
18,1.24666,18,0
19,2.64416,19,0
20,5.65234,20,0
