tam,tiempo,agentes,votos
1,3.283e-06,1,0
2,3.609e-06,2,0
3,7.755e-06,3,0
4,1.828e-05,4,0
5,4.1893e-05,5,0
6,9.7558e-05,6,0
7,0.000236977,7,0
8,0.000526,8,0
9,0.00119774,9,0
10,0.0026533,10,0
11,0.00584589,11,0
12,0.0123334,12,0
13,0.0273583,13,0
14,0.0589261,14,0
15,0.125666,15,0
16,0.268746,16,0
17,0.576921,17,0
18,1.22984,18,0
19,2.63069,19,0
20,5.56047,20,0
