tam,tiempo,agentes,votos
1,3.354e-06,1,0
2,3.825e-06,2,0
3,8.068e-06,3,0
4,1.874e-05,4,0
5,4.3817e-05,5,0
6,0.000100852,6,0
7,0.000230603,7,0
8,0.000521692,8,0
9,0.00120144,9,0
10,0.00262438,10,0
11,0.00562157,11,0
12,0.0124903,12,0
13,0.0274323,13,0
14,0.0576415,14,0
15,0.124421,15,0
16,0.265799,16,0
17,0.578025,17,0
18,1.23173,18,0
19,2.62631,19,0
20,5.52323,20,0
