tam,tiempo,agentes,votos
1,3.564e-06,1,0
2,3.863e-06,2,0
3,2.0209e-05,3,0
4,1.7909e-05,4,0
5,4.1325e-05,5,0
6,9.6191e-05,6,0
7,0.000219995,7,0
8,0.000526264,8,0
9,0.00116767,9,0
10,0.00268381,10,0
11,0.00585119,11,0
12,0.0126274,12,0
13,0.0272091,13,0
14,0.058844,14,0
15,0.126543,15,0
16,0.271804,16,0
17,0.58019,17,0
18,1.24074,18,0
19,2.65159,19,0
20,5.64299,20,0
