tam,tiempo,agentes,votos
1,3.082e-06,1,0
2,3.632e-06,2,0
3,7.576e-06,3,0
4,1.7761e-05,4,0
5,4.1949e-05,5,0
6,9.6229e-05,6,0
7,0.000220282,7,0
8,0.000497546,8,0
9,0.00128288,9,0
10,0.00257892,10,0
11,0.00598548,11,0
12,0.0122331,12,0
13,0.0266185,13,0
14,0.0585034,14,0
15,0.125812,15,0
16,0.269044,16,0
17,0.588955,17,0
18,1.24065,18,0
19,2.63567,19,0
20,5.57471,20,0
