tam,tiempo,agentes,votos
1,3.404e-06,1,0
2,3.757e-06,2,0
3,8.095e-06,3,0
4,1.8754e-05,4,0
5,4.3619e-05,5,0
6,0.00010106,6,0
7,0.000229948,7,0
8,0.000527744,8,0
9,0.00120572,9,0
10,0.00263232,10,0
11,0.00579983,11,0
12,0.0128551,12,0
13,0.0274005,13,0
14,0.060019,14,0
15,0.13166,15,0
16,0.275921,16,0
17,0.583694,17,0
18,1.25114,18,0
19,2.63658,19,0
20,5.5579,20,0
