tam,tiempo,agentes,votos
1,3.15e-06,1,0
2,3.76e-06,2,0
3,7.789e-06,3,0
4,1.8055e-05,4,0
5,4.1531e-05,5,0
6,9.6523e-05,6,0
7,0.000220717,7,0
8,0.000538865,8,0
9,0.00116515,9,0
10,0.00253099,10,0
11,0.00554971,11,0
12,0.0125768,12,0
13,0.0271797,13,0
14,0.0587448,14,0
15,0.125497,15,0
16,0.270491,16,0
17,0.575651,17,0
18,1.22699,18,0
19,2.61706,19,0
20,5.5657,20,0
