tam,tiempo,agentes,votos
1,3.17e-06,1,0
2,3.646e-06,2,0
3,7.674e-06,3,0
4,1.7973e-05,4,0
5,4.1579e-05,5,0
6,9.6402e-05,6,0
7,0.00026677,7,0
8,0.000497918,8,0
9,0.00116324,9,0
10,0.00257106,10,0
11,0.00585895,11,0
12,0.0122702,12,0
13,0.0265904,13,0
14,0.0585298,14,0
15,0.12498,15,0
16,0.267901,16,0
17,0.575014,17,0
18,1.2278,18,0
19,2.61809,19,0
20,5.56835,20,0
