tam,tiempo,agentes,votos
1,3.249e-06,1,0
2,3.795e-06,2,0
3,8.046e-06,3,0
4,1.8829e-05,4,0
5,4.3751e-05,5,0
6,0.00010108,6,0
7,0.00023073,7,0
8,0.000537003,8,0
9,0.00119483,9,0
10,0.002646,10,0
11,0.00587689,11,0
12,0.0127381,12,0
13,0.0268524,13,0
14,0.0587681,14,0
15,0.124703,15,0
16,0.269728,16,0
17,0.578606,17,0
18,1.23342,18,0
19,2.62061,19,0
20,5.55917,20,0
