tam,tiempo,agentes,votos
1,3.426e-06,1,0
2,3.746e-06,2,0
3,7.978e-06,3,0
4,1.8674e-05,4,0
5,4.3122e-05,5,0
6,0.00010098,6,0
7,0.000230357,7,0
8,0.000521767,8,0
9,0.00119251,9,0
10,0.00269812,10,0
11,0.00559454,11,0
12,0.0121735,12,0
13,0.0272817,13,0
14,0.0580141,14,0
15,0.12494,15,0
16,0.271278,16,0
17,0.573545,17,0
18,1.22442,18,0
19,2.60936,19,0
20,5.53908,20,0
