tam,tiempo,agentes,votos
1,3.504e-06,1,0
2,3.725e-06,2,0
3,7.634e-06,3,0
4,1.7731e-05,4,0
5,4.1649e-05,5,0
6,9.663e-05,6,0
7,0.000220169,7,0
8,0.000518573,8,0
9,0.00119908,9,0
10,0.0026785,10,0
11,0.0057148,11,0
12,0.0128358,12,0
13,0.0273908,13,0
14,0.0585646,14,0
15,0.125473,15,0
16,0.269462,16,0
17,0.576661,17,0
18,1.23035,18,0
19,2.62828,19,0
20,5.58758,20,0
