tam,tiempo,agentes,votos
1,3.488e-06,1,0
2,3.724e-06,2,0
3,8.045e-06,3,0
4,1.892e-05,4,0
5,4.3821e-05,5,0
6,0.000110048,6,0
7,0.000231025,7,0
8,0.000521738,8,0
9,0.00119844,9,0
10,0.00267062,10,0
11,0.00578531,11,0
12,0.0125793,12,0
13,0.0270664,13,0
14,0.0576477,14,0
15,0.12448,15,0
16,0.266509,16,0
17,0.577963,17,0
18,1.22758,18,0
19,2.60784,19,0
20,5.53762,20,0
