tam,tiempo,agentes,votos
1,3.148e-06,1,0
2,3.765e-06,2,0
3,7.918e-06,3,0
4,1.87e-05,4,0
5,4.3498e-05,5,0
6,0.000100739,6,0
7,0.000230583,7,0
8,0.000523197,8,0
9,0.00119462,9,0
10,0.00267615,10,0
11,0.0058444,11,0
12,0.0124439,12,0
13,0.0273824,13,0
14,0.0576122,14,0
15,0.124573,15,0
16,0.267106,16,0
17,0.576222,17,0
18,1.2294,18,0
19,2.60904,19,0
20,5.53464,20,0
