tam,tiempo,agentes,votos
1,3.021e-06,1,0
2,3.583e-06,2,0
3,4.4565e-05,3,0
4,3.1342e-05,4,0
5,4.1725e-05,5,0
6,9.6015e-05,6,0
7,0.000220144,7,0
8,0.000497284,8,0
9,0.00124935,9,0
10,0.00257386,10,0
11,0.00557581,11,0
12,0.0121335,12,0
13,0.0264831,13,0
14,0.0582907,14,0
15,0.124327,15,0
16,0.267688,16,0
17,0.575631,17,0
18,1.23196,18,0
19,2.61749,19,0
20,5.56074,20,0
