tam,tiempo,agentes,votos
1,3.067e-06,1,0
2,3.634e-06,2,0
3,7.714e-06,3,0
4,1.788e-05,4,0
5,4.1631e-05,5,0
6,9.6165e-05,6,0
7,0.000220381,7,0
8,0.000588714,8,0
9,0.00120507,9,0
10,0.00262539,10,0
11,0.00579624,11,0
12,0.0124379,12,0
13,0.0266033,13,0
14,0.0582609,14,0
15,0.124763,15,0
16,0.270071,16,0
17,0.574992,17,0
18,1.2395,18,0
19,2.60993,19,0
20,5.54508,20,0
