tam,tiempo,agentes,votos
1,3.174e-06,1,0
2,3.647e-06,2,0
3,7.646e-06,3,0
4,1.9481e-05,4,0
5,4.1424e-05,5,0
6,9.6381e-05,6,0
7,0.000220249,7,0
8,0.00051772,8,0
9,0.00115659,9,0
10,0.00253522,10,0
11,0.00571938,11,0
12,0.0124782,12,0
13,0.0264723,13,0
14,0.058889,14,0
15,0.124992,15,0
16,0.266928,16,0
17,0.57357,17,0
18,1.2263,18,0
19,2.60889,19,0
20,5.54986,20,0
