tam,tiempo,agentes,votos
1,3.269e-06,1,0
2,3.697e-06,2,0
3,7.77e-06,3,0
4,1.7832e-05,4,0
5,4.1656e-05,5,0
6,9.6454e-05,6,0
7,0.000221266,7,0
8,0.000499285,8,0
9,0.00120284,9,0
10,0.00253187,10,0
11,0.00564062,11,0
12,0.0126004,12,0
13,0.0270116,13,0
14,0.0585792,14,0
15,0.125112,15,0
16,0.269382,16,0
17,0.578317,17,0
18,1.23198,18,0
19,2.6321,19,0
20,5.58039,20,0
