tam,tiempo,agentes,votos
1,3.464e-06,1,0
2,3.806e-06,2,0
3,7.542e-06,3,0
4,1.7863e-05,4,0
5,4.1384e-05,5,0
6,0.000122595,6,0
7,0.000235532,7,0
8,0.000497637,8,0
9,0.00117133,9,0
10,0.00253282,10,0
11,0.00565381,11,0
12,0.0127935,12,0
13,0.0301584,13,0
14,0.0617077,14,0
15,0.134124,15,0
16,0.267542,16,0
17,0.581516,17,0
18,1.25009,18,0
19,2.63397,19,0
20,5.93289,20,0
