tam,tiempo,agentes,votos
1,3.35e-06,1,0
2,3.883e-06,2,0
3,8.146e-06,3,0
4,1.8775e-05,4,0
5,4.3698e-05,5,0
6,0.00010094,6,0
7,0.00023226,7,0
8,0.000523465,8,0
9,0.00119014,9,0
10,0.00262719,10,0
11,0.00576153,11,0
12,0.0125669,12,0
13,0.0272342,13,0
14,0.0591836,14,0
15,0.127592,15,0
16,0.272779,16,0
17,0.575351,17,0
18,1.209,18,0
19,2.55531,19,0
20,5.50464,20,0
