tam,tiempo,agentes,votos
1,3.136e-06,1,0
2,3.639e-06,2,0
3,7.707e-06,3,0
4,1.8007e-05,4,0
5,4.1603e-05,5,0
6,9.6229e-05,6,0
7,0.000219923,7,0
8,0.000533068,8,0
9,0.00113898,9,0
10,0.00254202,10,0
11,0.00559946,11,0
12,0.0120667,12,0
13,0.0260714,13,0
14,0.0588498,14,0
15,0.124131,15,0
16,0.27091,16,0
17,0.561249,17,0
18,1.22767,18,0
19,2.55608,19,0
20,5.54129,20,0
