tam,tiempo,agentes,votos
1,3.004e-06,1,0
2,3.729e-06,2,0
3,7.708e-06,3,0
4,1.7772e-05,4,0
5,4.1383e-05,5,0
6,9.597e-05,6,0
7,0.000251659,7,0
8,0.000497469,8,0
9,0.00113399,9,0
10,0.00257497,10,0
11,0.00553048,11,0
12,0.0122063,12,0
13,0.0266977,13,0
14,0.0577915,14,0
15,0.121848,15,0
16,0.260758,16,0
17,0.565756,17,0
18,1.19353,18,0
19,2.54775,19,0
20,5.41653,20,0
