tam,tiempo,agentes,votos
1,3.118e-06,1,0
2,3.642e-06,2,0
3,7.692e-06,3,0
4,1.7882e-05,4,0
5,4.1711e-05,5,0
6,9.7006e-05,6,0
7,0.000262093,7,0
8,0.000498302,8,0
9,0.00114197,9,0
10,0.00258116,10,0
11,0.00551262,11,0
12,0.0120826,12,0
13,0.026053,13,0
14,0.0565793,14,0
15,0.122408,15,0
16,0.268113,16,0
17,0.585342,17,0
18,1.22925,18,0
19,2.57264,19,0
20,5.63422,20,0
