tam,tiempo,agentes,votos
1,3.333e-06,1,0
2,3.747e-06,2,0
3,7.963e-06,3,0
4,2.1108e-05,4,0
5,4.7378e-05,5,0
6,0.000101402,6,0
7,0.000230808,7,0
8,0.000534969,8,0
9,0.00118965,9,0
10,0.00262418,10,0
11,0.00577498,11,0
12,0.0125831,12,0
13,0.0271834,13,0
14,0.0573989,14,0
15,0.125049,15,0
16,0.266808,16,0
17,0.578454,17,0
18,1.26208,18,0
19,2.60745,19,0
20,5.89265,20,0
