tam,tiempo,agentes,votos
1,3.216e-06,1,0
2,3.627e-06,2,0
3,7.698e-06,3,0
4,1.782e-05,4,0
5,4.1559e-05,5,0
6,9.6297e-05,6,0
7,0.000235413,7,0
8,0.000512179,8,0
9,0.00122816,9,0
10,0.00254246,10,0
11,0.00558177,11,0
12,0.0123976,12,0
13,0.0268492,13,0
14,0.0576137,14,0
15,0.125686,15,0
16,0.269483,16,0
17,0.577799,17,0
18,1.23565,18,0
19,2.6066,19,0
20,5.5413,20,0
