tam,tiempo,agentes,votos
1,3.309e-06,1,0
2,3.874e-06,2,0
3,8.161e-06,3,0
4,1.8777e-05,4,0
5,4.404e-05,5,0
6,0.000101092,6,0
7,0.000230873,7,0
8,0.000521221,8,0
9,0.00118958,9,0
10,0.0025787,10,0
11,0.00568467,11,0
12,0.012299,12,0
13,0.0270363,13,0
14,0.0576707,14,0
15,0.124419,15,0
16,0.267357,16,0
17,0.573918,17,0
18,1.23027,18,0
19,2.6197,19,0
20,5.55921,20,0
