tam,tiempo,agentes,votos
1,3.12e-06,1,0
2,3.519e-06,2,0
3,7.599e-06,3,0
4,1.7806e-05,4,0
5,4.1283e-05,5,0
6,9.6501e-05,6,0
7,0.000220222,7,0
8,0.000498889,8,0
9,0.00114335,9,0
10,0.00257224,10,0
11,0.0055796,11,0
12,0.012253,12,0
13,0.0270649,13,0
14,0.0580145,14,0
15,0.125075,15,0
16,0.267797,16,0
17,0.573728,17,0
18,1.23126,18,0
19,2.60775,19,0
20,5.54772,20,0
