tam,tiempo,agentes,votos
1,3.037e-06,1,0
2,3.764e-06,2,0
3,7.764e-06,3,0
4,1.7922e-05,4,0
5,4.1524e-05,5,0
6,9.6472e-05,6,0
7,0.000219997,7,0
8,0.000540003,8,0
9,0.00113723,9,0
10,0.00256265,10,0
11,0.00584948,11,0
12,0.0127862,12,0
13,0.0274147,13,0
14,0.0585618,14,0
15,0.12567,15,0
16,0.2681,16,0
17,0.574304,17,0
18,1.22634,18,0
19,2.61169,19,0
20,5.53979,20,0
