tam,tiempo,agentes,votos
1,3.2e-06,1,0
2,3.698e-06,2,0
3,7.601e-06,3,0
4,1.7836e-05,4,0
5,4.1632e-05,5,0
6,0.000138139,6,0
7,0.00022034,7,0
8,0.000497718,8,0
9,0.00113389,9,0
10,0.00253578,10,0
11,0.00568495,11,0
12,0.012193,12,0
13,0.0269797,13,0
14,0.05785,14,0
15,0.124456,15,0
16,0.266873,16,0
17,0.576565,17,0
18,1.22511,18,0
19,2.60846,19,0
20,5.56117,20,0
