tam,tiempo,agentes,votos
1,3.303e-06,1,0
2,3.806e-06,2,0
3,7.99e-06,3,0
4,1.874e-05,4,0
5,4.3835e-05,5,0
6,0.000101155,6,0
7,0.000233949,7,0
8,0.000555822,8,0
9,0.00118213,9,0
10,0.00264136,10,0
11,0.00559162,11,0
12,0.0122398,12,0
13,0.0265774,13,0
14,0.0585824,14,0
15,0.123744,15,0
16,0.26771,16,0
17,0.578234,17,0
18,1.26559,18,0
19,2.61838,19,0
20,5.89636,20,0
