tam,tiempo,agentes,votos
1,3.119e-06,1,0
2,3.786e-06,2,0
3,8.123e-06,3,0
4,1.8669e-05,4,0
5,4.3687e-05,5,0
6,0.000100958,6,0
7,0.000230903,7,0
8,0.000522548,8,0
9,0.00119425,9,0
10,0.00263066,10,0
11,0.00582794,11,0
12,0.0122849,12,0
13,0.026909,13,0
14,0.0591676,14,0
15,0.125739,15,0
16,0.268522,16,0
17,0.575521,17,0
18,1.27544,18,0
19,2.63336,19,0
20,5.5718,20,0
