tam,tiempo,agentes,votos
1,3.208e-06,1,0
2,3.765e-06,2,0
3,8.162e-06,3,0
4,1.8837e-05,4,0
5,4.3708e-05,5,0
6,0.000101019,6,0
7,0.000230913,7,0
8,0.000533159,8,0
9,0.00118975,9,0
10,0.00266752,10,0
11,0.00590616,11,0
12,0.0126852,12,0
13,0.0271008,13,0
14,0.0585995,14,0
15,0.125764,15,0
16,0.267677,16,0
17,0.577922,17,0
18,1.22713,18,0
19,2.65806,19,0
20,5.65925,20,0
