tam,tiempo,agentes,votos
1,3.125e-06,1,0
2,3.506e-06,2,0
3,7.744e-06,3,0
4,1.78e-05,4,0
5,4.1451e-05,5,0
6,9.6222e-05,6,0
7,0.000219578,7,0
8,0.000497735,8,0
9,0.00118719,9,0
10,0.00253031,10,0
11,0.00562044,11,0
12,0.0122518,12,0
13,0.0268578,13,0
14,0.0583351,14,0
15,0.125309,15,0
16,0.26956,16,0
17,0.576205,17,0
18,1.23435,18,0
19,2.61153,19,0
20,5.54802,20,0
