tam,tiempo,agentes,votos
1,3.334e-06,1,0
2,3.968e-06,2,0
3,7.988e-06,3,0
4,1.8789e-05,4,0
5,4.3682e-05,5,0
6,0.000101133,6,0
7,0.000230785,7,0
8,0.000521842,8,0
9,0.00118815,9,0
10,0.00262396,10,0
11,0.00578742,11,0
12,0.012397,12,0
13,0.0269773,13,0
14,0.0580368,14,0
15,0.12467,15,0
16,0.267305,16,0
17,0.572038,17,0
18,1.234,18,0
19,2.61627,19,0
20,5.76515,20,0
