tam,tiempo,agentes,votos
1,4.595e-06,1,0
2,3.956e-06,2,0
3,8.042e-06,3,0
4,1.8913e-05,4,0
5,4.3664e-05,5,0
6,0.000101173,6,0
7,0.000239506,7,0
8,0.00052553,8,0
9,0.0012291,9,0
10,0.00276162,10,0
11,0.00596375,11,0
12,0.0129065,12,0
13,0.0274999,13,0
14,0.0595943,14,0
15,0.129431,15,0
16,0.284692,16,0
17,0.593001,17,0
18,1.27093,18,0
19,2.67339,19,0
20,5.69634,20,0
