tam,tiempo,agentes,votos
1,4.26e-06,1,0
2,3.949e-06,2,0
3,7.973e-06,3,0
4,2.5016e-05,4,0
5,4.3734e-05,5,0
6,0.00010196,6,0
7,0.000231333,7,0
8,0.000523233,8,0
9,0.00124192,9,0
10,0.00264378,10,0
11,0.00601318,11,0
12,0.0127304,12,0
13,0.0278743,13,0
14,0.059504,14,0
15,0.12592,15,0
16,0.27199,16,0
17,0.590117,17,0
18,1.25414,18,0
19,2.64609,19,0
20,5.63247,20,0
