tam,tiempo,agentes,votos
1,3.454e-06,1,0
2,3.83e-06,2,0
3,8.057e-06,3,0
4,1.876e-05,4,0
5,4.3633e-05,5,0
6,0.000100508,6,0
7,0.000230541,7,0
8,0.000521584,8,0
9,0.00120297,9,0
10,0.00264078,10,0
11,0.00582354,11,0
12,0.0126047,12,0
13,0.0272913,13,0
14,0.0593259,14,0
15,0.125729,15,0
16,0.268097,16,0
17,0.589739,17,0
18,1.26242,18,0
19,2.70083,19,0
20,5.72625,20,0
