tam,tiempo,agentes,votos
1,3.553e-06,1,0
2,3.781e-06,2,0
3,8.079e-06,3,0
4,1.8768e-05,4,0
5,4.3997e-05,5,0
6,0.000101659,6,0
7,0.000234152,7,0
8,0.000543621,8,0
9,0.00119842,9,0
10,0.00276153,10,0
11,0.0058316,11,0
12,0.0129075,12,0
13,0.0275468,13,0
14,0.0603681,14,0
15,0.125605,15,0
16,0.270618,16,0
17,0.591457,17,0
18,1.26588,18,0
19,2.62579,19,0
20,5.55833,20,0
