tam,tiempo,agentes,votos
1,3.206e-06,1,0
2,3.816e-06,2,0
3,7.911e-06,3,0
4,1.8683e-05,4,0
5,4.339e-05,5,0
6,0.000100861,6,0
7,0.000230634,7,0
8,0.000522369,8,0
9,0.00118994,9,0
10,0.00276649,10,0
11,0.00574683,11,0
12,0.0124707,12,0
13,0.0270378,13,0
14,0.0578416,14,0
15,0.125664,15,0
16,0.283631,16,0
17,0.575708,17,0
18,1.22734,18,0
19,2.61501,19,0
20,5.5735,20,0
