tam,tiempo,agentes,votos
1,3.425e-06,1,0
2,3.777e-06,2,0
3,7.692e-06,3,0
4,1.7849e-05,4,0
5,4.1539e-05,5,0
6,9.6115e-05,6,0
7,0.00022262,7,0
8,0.00049904,8,0
9,0.0011338,9,0
10,0.00253199,10,0
11,0.00565426,11,0
12,0.0122297,12,0
13,0.026705,13,0
14,0.0579903,14,0
15,0.125157,15,0
16,0.268915,16,0
17,0.575833,17,0
18,1.25219,18,0
19,2.6671,19,0
20,5.57832,20,0
