tam,tiempo,agentes,votos
1,3.232e-06,1,0
2,3.684e-06,2,0
3,7.568e-06,3,0
4,1.78e-05,4,0
5,4.1621e-05,5,0
6,9.5862e-05,6,0
7,0.000249318,7,0
8,0.000498076,8,0
9,0.00117633,9,0
10,0.00259573,10,0
11,0.00580535,11,0
12,0.0127512,12,0
13,0.027319,13,0
14,0.0592042,14,0
15,0.125926,15,0
16,0.270937,16,0
17,0.584979,17,0
18,1.25023,18,0
19,2.65235,19,0
20,5.62145,20,0
