tam,tiempo,agentes,votos
1,3.028e-06,1,0
2,3.648e-06,2,0
3,7.668e-06,3,0
4,1.7807e-05,4,0
5,4.1638e-05,5,0
6,9.6013e-05,6,0
7,0.000220062,7,0
8,0.000505435,8,0
9,0.00116347,9,0
10,0.00253781,10,0
11,0.00561836,11,0
12,0.0124436,12,0
13,0.0269977,13,0
14,0.0580513,14,0
15,0.124536,15,0
16,0.267194,16,0
17,0.575216,17,0
18,1.22972,18,0
19,2.6235,19,0
20,5.63003,20,0
