tam,tiempo,agentes,votos
1,3.193e-06,1,0
2,3.58e-06,2,0
3,7.676e-06,3,0
4,1.7819e-05,4,0
5,4.1852e-05,5,0
6,9.6553e-05,6,0
7,0.000220118,7,0
8,0.000540817,8,0
9,0.0011329,9,0
10,0.00252997,10,0
11,0.00573063,11,0
12,0.0122869,12,0
13,0.0273452,13,0
14,0.0598086,14,0
15,0.13142,15,0
16,0.28627,16,0
17,0.59697,17,0
18,1.24567,18,0
19,2.65191,19,0
20,5.60335,20,0
