tam,tiempo,agentes,votos
1,3.051e-06,1,0
2,3.716e-06,2,0
3,7.687e-06,3,0
4,1.7808e-05,4,0
5,4.139e-05,5,0
6,9.651e-05,6,0
7,0.000219592,7,0
8,0.000497534,8,0
9,0.00119737,9,0
10,0.00249814,10,0
11,0.00561692,11,0
12,0.0123131,12,0
13,0.0266061,13,0
14,0.0592653,14,0
15,0.13016,15,0
16,0.274659,16,0
17,0.582964,17,0
18,1.2433,18,0
19,2.63026,19,0
20,5.56727,20,0
