tam,tiempo,agentes,votos
1,3.19e-06,1,0
2,3.599e-06,2,0
3,7.658e-06,3,0
4,1.7831e-05,4,0
5,4.1582e-05,5,0
6,9.59e-05,6,0
7,0.000220333,7,0
8,0.000497762,8,0
9,0.00113255,9,0
10,0.00253518,10,0
11,0.00565057,11,0
12,0.0124058,12,0
13,0.0268167,13,0
14,0.0582479,14,0
15,0.124188,15,0
16,0.267933,16,0
17,0.573491,17,0
18,1.23052,18,0
19,2.6106,19,0
20,5.56662,20,0
