tam,tiempo,agentes,votos
1,3.534e-06,1,0
2,3.876e-06,2,0
3,8.022e-06,3,0
4,1.8672e-05,4,0
5,4.3516e-05,5,0
6,0.000100933,6,0
7,0.000231293,7,0
8,0.0005234,8,0
9,0.00120043,9,0
10,0.0026238,10,0
11,0.00577592,11,0
12,0.0126495,12,0
13,0.0271996,13,0
14,0.0587507,14,0
15,0.133626,15,0
16,0.275806,16,0
17,0.585507,17,0
18,1.24757,18,0
19,2.65546,19,0
20,5.64768,20,0
