tam,tiempo,agentes,votos
1,3.04e-06,1,0
2,3.682e-06,2,0
3,7.58e-06,3,0
4,1.76e-05,4,0
5,4.1529e-05,5,0
6,9.5876e-05,6,0
7,0.000220126,7,0
8,0.0005281,8,0
9,0.0011523,9,0
10,0.00249778,10,0
11,0.00570588,11,0
12,0.0123428,12,0
13,0.0270602,13,0
14,0.0589694,14,0
15,0.124502,15,0
16,0.266985,16,0
17,0.576733,17,0
18,1.23115,18,0
19,2.6093,19,0
20,5.55408,20,0
