tam,tiempo,agentes,votos
1,3.254e-06,1,0
2,3.811e-06,2,0
3,2.0828e-05,3,0
4,1.8885e-05,4,0
5,4.3662e-05,5,0
6,0.000101629,6,0
7,0.000231511,7,0
8,0.000522544,8,0
9,0.00119003,9,0
10,0.0026172,10,0
11,0.00553567,11,0
12,0.0121956,12,0
13,0.0268447,13,0
14,0.0575137,14,0
15,0.125828,15,0
16,0.271288,16,0
17,0.579258,17,0
18,1.23409,18,0
19,2.65171,19,0
20,5.60352,20,0
