tam,tiempo,agentes,votos
1,3.001e-06,1,0
2,3.656e-06,2,0
3,7.587e-06,3,0
4,1.8053e-05,4,0
5,4.1463e-05,5,0
6,9.5916e-05,6,0
7,0.000219455,7,0
8,0.000498364,8,0
9,0.00119901,9,0
10,0.0026302,10,0
11,0.00577994,11,0
12,0.0125703,12,0
13,0.0272586,13,0
14,0.0583959,14,0
15,0.125197,15,0
16,0.268778,16,0
17,0.576208,17,0
18,1.23571,18,0
19,2.61454,19,0
20,5.57084,20,0
