tam,tiempo,agentes,votos
1,3.343e-06,1,0
2,3.868e-06,2,0
3,8.014e-06,3,0
4,1.8781e-05,4,0
5,5.5699e-05,5,0
6,9.5533e-05,6,0
7,0.000220404,7,0
8,0.000531997,8,0
9,0.00113287,9,0
10,0.00253854,10,0
11,0.00560334,11,0
12,0.0121592,12,0
13,0.0271197,13,0
14,0.0584009,14,0
15,0.125477,15,0
16,0.268901,16,0
17,0.578686,17,0
18,1.22836,18,0
19,2.62203,19,0
20,5.54386,20,0
