tam,tiempo,agentes,votos
1,3.671e-06,1,0
2,3.797e-06,2,0
3,7.677e-06,3,0
4,1.7814e-05,4,0
5,4.1578e-05,5,0
6,9.6327e-05,6,0
7,0.000220054,7,0
8,0.000517909,8,0
9,0.00120032,9,0
10,0.00256166,10,0
11,0.00594451,11,0
12,0.0124937,12,0
13,0.0271247,13,0
14,0.0590669,14,0
15,0.126556,15,0
16,0.270278,16,0
17,0.584774,17,0
18,1.2537,18,0
19,2.66997,19,0
20,5.66603,20,0
