tam,tiempo,agentes,votos
1,3.27e-06,1,0
2,3.763e-06,2,0
3,8.002e-06,3,0
4,1.8599e-05,4,0
5,5.8631e-05,5,0
6,0.000101293,6,0
7,0.000230495,7,0
8,0.00052233,8,0
9,0.00124159,9,0
10,0.00267444,10,0
11,0.00612957,11,0
12,0.012255,12,0
13,0.0273381,13,0
14,0.0585053,14,0
15,0.125122,15,0
16,0.267818,16,0
17,0.577474,17,0
18,1.23013,18,0
19,2.61857,19,0
20,5.55376,20,0
