tam,tiempo,agentes,votos
1,3.401e-06,1,0
2,3.869e-06,2,0
3,8.134e-06,3,0
4,1.8729e-05,4,0
5,4.3839e-05,5,0
6,0.000101118,6,0
7,0.000230746,7,0
8,0.00053526,8,0
9,0.00119035,9,0
10,0.00263936,10,0
11,0.00571244,11,0
12,0.0121684,12,0
13,0.0271815,13,0
14,0.0586942,14,0
15,0.125625,15,0
16,0.271211,16,0
17,0.5795,17,0
18,1.23505,18,0
19,2.6155,19,0
20,5.54735,20,0
