tam,tiempo,agentes,votos
1,3.314e-06,1,0
2,3.694e-06,2,0
3,7.608e-06,3,0
4,1.7739e-05,4,0
5,4.158e-05,5,0
6,9.6147e-05,6,0
7,0.000219709,7,0
8,0.000547874,8,0
9,0.00116317,9,0
10,0.00253415,10,0
11,0.00550373,11,0
12,0.0122413,12,0
13,0.0268282,13,0
14,0.0582842,14,0
15,0.125262,15,0
16,0.270627,16,0
17,0.575234,17,0
18,1.2304,18,0
19,2.60925,19,0
20,5.56464,20,0
