tam,tiempo,agentes,votos
1,3.093e-06,1,0
2,3.622e-06,2,0
3,7.794e-06,3,0
4,1.7772e-05,4,0
5,4.1568e-05,5,0
6,0.000139317,6,0
7,0.000220766,7,0
8,0.00052672,8,0
9,0.00113702,9,0
10,0.0025734,10,0
11,0.0055709,11,0
12,0.0123667,12,0
13,0.0268036,13,0
14,0.0587624,14,0
15,0.124401,15,0
16,0.269165,16,0
17,0.574083,17,0
18,1.23244,18,0
19,2.60901,19,0
20,5.55175,20,0
