tam,tiempo,agentes,votos
1,3.049e-06,1,0
2,3.663e-06,2,0
3,7.652e-06,3,0
4,1.7752e-05,4,0
5,4.1635e-05,5,0
6,9.6738e-05,6,0
7,0.0002203,7,0
8,0.000497693,8,0
9,0.00117088,9,0
10,0.00259999,10,0
11,0.00573255,11,0
12,0.0122296,12,0
13,0.0274198,13,0
14,0.0587082,14,0
15,0.126006,15,0
16,0.271023,16,0
17,0.579124,17,0
18,1.22952,18,0
19,2.61202,19,0
20,5.56956,20,0
