tam,tiempo,agentes,votos
1,3.254e-06,1,0
2,3.668e-06,2,0
3,7.62e-06,3,0
4,1.7786e-05,4,0
5,4.1523e-05,5,0
6,9.6441e-05,6,0
7,0.000262242,7,0
8,0.000497626,8,0
9,0.00113337,9,0
10,0.00253392,10,0
11,0.00558192,11,0
12,0.0124186,12,0
13,0.026599,13,0
14,0.0579852,14,0
15,0.124927,15,0
16,0.266525,16,0
17,0.575073,17,0
18,1.23269,18,0
19,2.61009,19,0
20,5.56715,20,0
