tam,tiempo,agentes,votos
1,3.059e-06,1,0
2,3.749e-06,2,0
3,7.556e-06,3,0
4,1.7947e-05,4,0
5,4.1541e-05,5,0
6,9.6422e-05,6,0
7,0.000219982,7,0
8,0.000497561,8,0
9,0.00113193,9,0
10,0.00261659,10,0
11,0.00563223,11,0
12,0.0123049,12,0
13,0.0267504,13,0
14,0.0576884,14,0
15,0.124529,15,0
16,0.268123,16,0
17,0.577279,17,0
18,1.23846,18,0
19,2.60647,19,0
20,5.52599,20,0
