tam,tiempo,agentes,votos
1,3.126e-06,1,0
2,3.579e-06,2,0
3,7.617e-06,3,0
4,1.784e-05,4,0
5,4.1668e-05,5,0
6,9.6086e-05,6,0
7,0.000220077,7,0
8,0.000497884,8,0
9,0.00113233,9,0
10,0.00253755,10,0
11,0.00552788,11,0
12,0.0125469,12,0
13,0.0269136,13,0
14,0.0589595,14,0
15,0.127789,15,0
16,0.277942,16,0
17,0.59308,17,0
18,1.26158,18,0
19,2.63007,19,0
20,5.56045,20,0
