tam,tiempo,agentes,votos
1,3.217e-06,1,0
2,3.769e-06,2,0
3,7.532e-06,3,0
4,1.7947e-05,4,0
5,4.1626e-05,5,0
6,9.6264e-05,6,0
7,0.000236252,7,0
8,0.000534712,8,0
9,0.00116276,9,0
10,0.00262809,10,0
11,0.00577,11,0
12,0.012611,12,0
13,0.0275208,13,0
14,0.0588123,14,0
15,0.126307,15,0
16,0.271285,16,0
17,0.586308,17,0
18,1.25289,18,0
19,2.71044,19,0
20,5.69187,20,0
