tam,tiempo,agentes,votos
1,3.423e-06,1,0
2,3.838e-06,2,0
3,8.065e-06,3,0
4,1.8602e-05,4,0
5,4.3645e-05,5,0
6,0.000100759,6,0
7,0.000231674,7,0
8,0.000521703,8,0
9,0.00119935,9,0
10,0.00268568,10,0
11,0.00594494,11,0
12,0.0125058,12,0
13,0.0272572,13,0
14,0.0585982,14,0
15,0.124822,15,0
16,0.269295,16,0
17,0.57454,17,0
18,1.22553,18,0
19,2.60542,19,0
20,5.5441,20,0
