tam,tiempo,agentes,votos
1,3.276e-06,1,0
2,3.802e-06,2,0
3,7.741e-06,3,0
4,1.7792e-05,4,0
5,4.1777e-05,5,0
6,9.6012e-05,6,0
7,0.000220743,7,0
8,0.000496847,8,0
9,0.00115548,9,0
10,0.00267588,10,0
11,0.00576675,11,0
12,0.0124388,12,0
13,0.0269825,13,0
14,0.058462,14,0
15,0.124566,15,0
16,0.269068,16,0
17,0.577557,17,0
18,1.23527,18,0
19,2.62183,19,0
20,5.54045,20,0
