tam,tiempo,agentes,votos
1,3.463e-06,1,0
2,3.85e-06,2,0
3,8.069e-06,3,0
4,1.8775e-05,4,0
5,4.3496e-05,5,0
6,0.000100952,6,0
7,0.000231103,7,0
8,0.000521323,8,0
9,0.00120579,9,0
10,0.00264862,10,0
11,0.00580846,11,0
12,0.0125714,12,0
13,0.0269759,13,0
14,0.0578085,14,0
15,0.124578,15,0
16,0.268019,16,0
17,0.583151,17,0
18,1.23615,18,0
19,2.72065,19,0
20,5.55503,20,0
