tam,tiempo,agentes,votos
1,3.552e-06,1,0
2,3.833e-06,2,0
3,8.035e-06,3,0
4,1.8622e-05,4,0
5,4.3653e-05,5,0
6,0.000100734,6,0
7,0.000230339,7,0
8,0.000521137,8,0
9,0.00120596,9,0
10,0.00263252,10,0
11,0.00613473,11,0
12,0.0125884,12,0
13,0.027383,13,0
14,0.0588361,14,0
15,0.12597,15,0
16,0.270687,16,0
17,0.594284,17,0
18,1.25192,18,0
19,2.66105,19,0
20,5.63723,20,0
