tam,tiempo,agentes,votos
1,3.458e-06,1,0
2,3.677e-06,2,0
3,7.642e-06,3,0
4,1.7776e-05,4,0
5,4.1457e-05,5,0
6,0.000140584,6,0
7,0.00021946,7,0
8,0.000500755,8,0
9,0.0011534,9,0
10,0.00254548,10,0
11,0.00598695,11,0
12,0.012655,12,0
13,0.0273432,13,0
14,0.0590243,14,0
15,0.124924,15,0
16,0.268392,16,0
17,0.576696,17,0
18,1.2264,18,0
19,2.61517,19,0
20,5.55598,20,0
