tam,tiempo,agentes,votos
1,3.06e-06,1,0
2,3.596e-06,2,0
3,7.683e-06,3,0
4,1.7809e-05,4,0
5,4.1627e-05,5,0
6,9.598e-05,6,0
7,0.000220285,7,0
8,0.000530797,8,0
9,0.00127331,9,0
10,0.00253714,10,0
11,0.00572313,11,0
12,0.0123646,12,0
13,0.0264084,13,0
14,0.0590567,14,0
15,0.12513,15,0
16,0.269176,16,0
17,0.580647,17,0
18,1.23163,18,0
19,2.62071,19,0
20,5.72116,20,0
