tam,tiempo,agentes,votos
1,3.103e-06,1,0
2,3.722e-06,2,0
3,7.719e-06,3,0
4,1.7854e-05,4,0
5,4.1654e-05,5,0
6,9.6136e-05,6,0
7,0.000220614,7,0
8,0.000506299,8,0
9,0.00113367,9,0
10,0.00257773,10,0
11,0.00567005,11,0
12,0.0121648,12,0
13,0.0267337,13,0
14,0.0579648,14,0
15,0.126131,15,0
16,0.27437,16,0
17,0.577944,17,0
18,1.22856,18,0
19,2.60597,19,0
20,5.57874,20,0
