tam,tiempo,agentes,votos
1,3.19e-06,1,0
2,3.637e-06,2,0
3,7.713e-06,3,0
4,1.7683e-05,4,0
5,4.1266e-05,5,0
6,0.000125499,6,0
7,0.000220201,7,0
8,0.000497732,8,0
9,0.00113185,9,0
10,0.00258169,10,0
11,0.00568571,11,0
12,0.0126456,12,0
13,0.0265238,13,0
14,0.0591068,14,0
15,0.124861,15,0
16,0.269134,16,0
17,0.577116,17,0
18,1.23054,18,0
19,2.62147,19,0
20,5.56033,20,0
