tam,tiempo,agentes,votos
1,3.567e-06,1,0
2,3.797e-06,2,0
3,7.61e-06,3,0
4,1.7911e-05,4,0
5,4.164e-05,5,0
6,9.6482e-05,6,0
7,0.000220241,7,0
8,0.000582574,8,0
9,0.00116586,9,0
10,0.00262161,10,0
11,0.00575306,11,0
12,0.0126765,12,0
13,0.0272841,13,0
14,0.0591241,14,0
15,0.12645,15,0
16,0.283893,16,0
17,0.585305,17,0
18,1.24579,18,0
19,2.6381,19,0
20,5.61637,20,0
