tam,tiempo,agentes,votos
1,3.267e-06,1,0
2,3.783e-06,2,0
3,7.938e-06,3,0
4,1.8893e-05,4,0
5,4.3678e-05,5,0
6,0.000101247,6,0
7,0.000231007,7,0
8,0.000522586,8,0
9,0.00122641,9,0
10,0.00276674,10,0
11,0.00585753,11,0
12,0.0126039,12,0
13,0.0273439,13,0
14,0.0653549,14,0
15,0.128413,15,0
16,0.267103,16,0
17,0.571454,17,0
18,1.21698,18,0
19,2.56387,19,0
20,5.62045,20,0
