tam,tiempo,agentes,votos
1,3.497e-06,1,0
2,3.567e-06,2,0
3,7.672e-06,3,0
4,1.7986e-05,4,0
5,4.1503e-05,5,0
6,9.6136e-05,6,0
7,0.000263194,7,0
8,0.000497776,8,0
9,0.00114029,9,0
10,0.00256742,10,0
11,0.00573228,11,0
12,0.0123045,12,0
13,0.0268022,13,0
14,0.0582914,14,0
15,0.122036,15,0
16,0.280764,16,0
17,0.592384,17,0
18,1.24161,18,0
19,2.62327,19,0
20,5.61329,20,0
