tam,tiempo,agentes,votos
1,3.229e-06,1,0
2,3.607e-06,2,0
3,7.689e-06,3,0
4,1.7774e-05,4,0
5,4.1334e-05,5,0
6,9.6247e-05,6,0
7,0.000219791,7,0
8,0.00049781,8,0
9,0.00117704,9,0
10,0.00255603,10,0
11,0.00584281,11,0
12,0.0121969,12,0
13,0.0274811,13,0
14,0.0585731,14,0
15,0.137171,15,0
16,0.275214,16,0
17,0.577538,17,0
18,1.22474,18,0
19,2.64806,19,0
20,5.55408,20,0
