tam,tiempo,agentes,votos
1,3.348e-06,1,0
2,4.01e-06,2,0
3,7.97e-06,3,0
4,1.8158e-05,4,0
5,4.2237e-05,5,0
6,0.000100228,6,0
7,0.000229185,7,0
8,0.000523553,8,0
9,0.00117866,9,0
10,0.00265534,10,0
11,0.0058392,11,0
12,0.0125094,12,0
13,0.0268229,13,0
14,0.0590907,14,0
15,0.123608,15,0
16,0.265864,16,0
17,0.576867,17,0
18,1.22219,18,0
19,2.63644,19,0
20,5.58716,20,0
