tam,tiempo,agentes,votos
1,3.64e-06,1,0
2,3.873e-06,2,0
3,8.048e-06,3,0
4,1.8788e-05,4,0
5,4.3556e-05,5,0
6,0.00010096,6,0
7,0.000230951,7,0
8,0.000605459,8,0
9,0.00167857,9,0
10,0.0031464,10,0
11,0.00583286,11,0
12,0.0135366,12,0
13,0.0272995,13,0
14,0.059044,14,0
15,0.126979,15,0
16,0.274108,16,0
17,0.585996,17,0
18,1.24804,18,0
19,2.64352,19,0
20,5.60887,20,0
