tam,tiempo,agentes,votos
1,3.282e-06,1,0
2,3.897e-06,2,0
3,7.978e-06,3,0
4,1.8674e-05,4,0
5,4.3791e-05,5,0
6,0.00010104,6,0
7,0.000230936,7,0
8,0.000560091,8,0
9,0.00120204,9,0
10,0.00262273,10,0
11,0.00577821,11,0
12,0.0125541,12,0
13,0.0275094,13,0
14,0.0576817,14,0
15,0.125368,15,0
16,0.268007,16,0
17,0.583241,17,0
18,1.23112,18,0
19,2.61214,19,0
20,5.54983,20,0
