tam,tiempo,agentes,votos
1,3.355e-06,1,0
2,3.907e-06,2,0
3,7.991e-06,3,0
4,1.865e-05,4,0
5,4.3526e-05,5,0
6,0.000101226,6,0
7,0.000230692,7,0
8,0.000522066,8,0
9,0.00119238,9,0
10,0.00268749,10,0
11,0.00598131,11,0
12,0.0123286,12,0
13,0.0274678,13,0
14,0.0580682,14,0
15,0.124657,15,0
16,0.270426,16,0
17,0.573951,17,0
18,1.22644,18,0
19,2.60341,19,0
20,5.53226,20,0
