tam,tiempo,agentes,votos
1,3.239e-06,1,0
2,3.756e-06,2,0
3,7.993e-06,3,0
4,1.8713e-05,4,0
5,4.3552e-05,5,0
6,0.000101108,6,0
7,0.000230603,7,0
8,0.000522631,8,0
9,0.00120565,9,0
10,0.00262876,10,0
11,0.00583398,11,0
12,0.0123022,12,0
13,0.0268303,13,0
14,0.058533,14,0
15,0.127791,15,0
16,0.268969,16,0
17,0.574274,17,0
18,1.22966,18,0
19,2.61958,19,0
20,5.54485,20,0
