tam,tiempo,agentes,votos
1,3.519e-06,1,0
2,3.858e-06,2,0
3,7.651e-06,3,0
4,3.2331e-05,4,0
5,4.7404e-05,5,0
6,0.000108758,6,0
7,0.000220454,7,0
8,0.000497586,8,0
9,0.00120776,9,0
10,0.00258742,10,0
11,0.00577798,11,0
12,0.0125636,12,0
13,0.0272165,13,0
14,0.0588356,14,0
15,0.125828,15,0
16,0.270737,16,0
17,0.582147,17,0
18,1.24767,18,0
19,2.65974,19,0
20,5.64193,20,0
