tam,tiempo,agentes,votos
1,3.181e-06,1,0
2,3.679e-06,2,0
3,7.607e-06,3,0
4,1.7759e-05,4,0
5,4.1637e-05,5,0
6,9.6063e-05,6,0
7,0.000220863,7,0
8,0.000500174,8,0
9,0.00113396,9,0
10,0.00253908,10,0
11,0.00576619,11,0
12,0.0123549,12,0
13,0.0273196,13,0
14,0.0582974,14,0
15,0.126462,15,0
16,0.270224,16,0
17,0.57906,17,0
18,1.23234,18,0
19,2.61364,19,0
20,5.55262,20,0
