tam,tiempo,agentes,votos
1,3.256e-06,1,0
2,3.561e-06,2,0
3,7.531e-06,3,0
4,1.775e-05,4,0
5,4.1424e-05,5,0
6,9.5982e-05,6,0
7,0.000219936,7,0
8,0.000497442,8,0
9,0.00122474,9,0
10,0.0025366,10,0
11,0.0055787,11,0
12,0.0125177,12,0
13,0.0272086,13,0
14,0.0580273,14,0
15,0.124631,15,0
16,0.268139,16,0
17,0.574758,17,0
18,1.22736,18,0
19,2.62278,19,0
20,5.54967,20,0
