tam,tiempo,agentes,votos
1,3.322e-06,1,0
2,3.629e-06,2,0
3,7.645e-06,3,0
4,1.7789e-05,4,0
5,4.1802e-05,5,0
6,9.6239e-05,6,0
7,0.000220392,7,0
8,0.000537556,8,0
9,0.00113558,9,0
10,0.00254656,10,0
11,0.00563862,11,0
12,0.0124106,12,0
13,0.0263518,13,0
14,0.0578242,14,0
15,0.126023,15,0
16,0.267652,16,0
17,0.578956,17,0
18,1.26188,18,0
19,2.61729,19,0
20,5.56106,20,0
