tam,tiempo,agentes,votos
1,3.137e-06,1,0
2,3.609e-06,2,0
3,7.653e-06,3,0
4,1.7929e-05,4,0
5,4.1631e-05,5,0
6,9.648e-05,6,0
7,0.000220777,7,0
8,0.000500353,8,0
9,0.00117419,9,0
10,0.00249804,10,0
11,0.00560759,11,0
12,0.0125124,12,0
13,0.0271503,13,0
14,0.05839,14,0
15,0.125822,15,0
16,0.270493,16,0
17,0.57704,17,0
18,1.22939,18,0
19,2.6211,19,0
20,5.54042,20,0
