tam,tiempo,agentes,votos
1,3.63e-06,1,0
2,3.765e-06,2,0
3,8.041e-06,3,0
4,1.8756e-05,4,0
5,4.3745e-05,5,0
6,0.00010078,6,0
7,0.000230645,7,0
8,0.000523715,8,0
9,0.00121315,9,0
10,0.00263051,10,0
11,0.00577379,11,0
12,0.0125714,12,0
13,0.027362,13,0
14,0.0586188,14,0
15,0.125838,15,0
16,0.269584,16,0
17,0.581719,17,0
18,1.24254,18,0
19,2.64891,19,0
20,5.64284,20,0
