tam,tiempo,agentes,votos
1,3.143e-06,1,0
2,3.636e-06,2,0
3,7.544e-06,3,0
4,1.7805e-05,4,0
5,4.1682e-05,5,0
6,9.7398e-05,6,0
7,0.000219711,7,0
8,0.000497239,8,0
9,0.00113419,9,0
10,0.00256191,10,0
11,0.00577388,11,0
12,0.0124055,12,0
13,0.0270601,13,0
14,0.0585745,14,0
15,0.12518,15,0
16,0.268859,16,0
17,0.578606,17,0
18,1.23003,18,0
19,2.662,19,0
20,5.53421,20,0
