tam,tiempo,agentes,votos
1,3.32e-06,1,0
2,3.647e-06,2,0
3,7.625e-06,3,0
4,1.7791e-05,4,0
5,4.1684e-05,5,0
6,9.6665e-05,6,0
7,0.000220137,7,0
8,0.000498328,8,0
9,0.00113335,9,0
10,0.00253808,10,0
11,0.0056202,11,0
12,0.0121401,12,0
13,0.0270307,13,0
14,0.0576026,14,0
15,0.125279,15,0
16,0.268736,16,0
17,0.574148,17,0
18,1.23634,18,0
19,2.60604,19,0
20,5.56706,20,0
