tam,tiempo,agentes,votos
1,3.516e-06,1,0
2,3.876e-06,2,0
3,8.025e-06,3,0
4,1.8676e-05,4,0
5,4.3657e-05,5,0
6,0.00010138,6,0
7,0.000231827,7,0
8,0.000532527,8,0
9,0.00119194,9,0
10,0.00262935,10,0
11,0.00561079,11,0
12,0.0122961,12,0
13,0.0270615,13,0
14,0.0583894,14,0
15,0.125884,15,0
16,0.269856,16,0
17,0.582581,17,0
18,1.23302,18,0
19,2.61223,19,0
20,5.54174,20,0
