tam,tiempo,agentes,votos
1,3.641e-06,1,0
2,3.923e-06,2,0
3,8.045e-06,3,0
4,1.8739e-05,4,0
5,4.3636e-05,5,0
6,0.000101334,6,0
7,0.000230413,7,0
8,0.000521697,8,0
9,0.00119821,9,0
10,0.00263189,10,0
11,0.00580665,11,0
12,0.0125352,12,0
13,0.0271726,13,0
14,0.0590324,14,0
15,0.126507,15,0
16,0.27143,16,0
17,0.593417,17,0
18,1.32687,18,0
19,2.66613,19,0
20,5.65397,20,0
