tam,tiempo,agentes,votos
1,3.117e-06,1,0
2,3.607e-06,2,0
3,7.764e-06,3,0
4,1.7914e-05,4,0
5,4.15e-05,5,0
6,9.6109e-05,6,0
7,0.00021962,7,0
8,0.000526997,8,0
9,0.00118736,9,0
10,0.00249858,10,0
11,0.00584804,11,0
12,0.0128149,12,0
13,0.0272786,13,0
14,0.0589753,14,0
15,0.125509,15,0
16,0.268957,16,0
17,0.576935,17,0
18,1.2374,18,0
19,2.61025,19,0
20,5.54809,20,0
