tam,tiempo,agentes,votos
1,3.24e-06,1,0
2,3.658e-06,2,0
3,7.641e-06,3,0
4,1.7911e-05,4,0
5,4.133e-05,5,0
6,9.5678e-05,6,0
7,0.000219703,7,0
8,0.000497127,8,0
9,0.00113447,9,0
10,0.00254168,10,0
11,0.0056172,11,0
12,0.0126201,12,0
13,0.0267061,13,0
14,0.0575392,14,0
15,0.126484,15,0
16,0.266682,16,0
17,0.57496,17,0
18,1.23526,18,0
19,2.65337,19,0
20,5.57681,20,0
