tam,tiempo,agentes,votos
1,3.338e-06,1,0
2,3.693e-06,2,0
3,7.729e-06,3,0
4,1.7814e-05,4,0
5,4.1393e-05,5,0
6,9.6156e-05,6,0
7,0.000220279,7,0
8,0.000537748,8,0
9,0.00113302,9,0
10,0.00250748,10,0
11,0.00574563,11,0
12,0.0124448,12,0
13,0.0270704,13,0
14,0.0581729,14,0
15,0.125817,15,0
16,0.26864,16,0
17,0.575176,17,0
18,1.23096,18,0
19,2.63664,19,0
20,5.5486,20,0
