tam,tiempo,agentes,votos
1,3.122e-06,1,0
2,3.666e-06,2,0
3,7.634e-06,3,0
4,1.7668e-05,4,0
5,4.1803e-05,5,0
6,9.6319e-05,6,0
7,0.000219907,7,0
8,0.00049632,8,0
9,0.00119358,9,0
10,0.00287068,10,0
11,0.00576421,11,0
12,0.0125687,12,0
13,0.0271476,13,0
14,0.0579173,14,0
15,0.124361,15,0
16,0.268707,16,0
17,0.570175,17,0
18,1.22281,18,0
19,2.60224,19,0
20,5.5484,20,0
