tam,tiempo,agentes,votos
1,3.401e-06,1,0
2,3.663e-06,2,0
3,7.689e-06,3,0
4,1.7804e-05,4,0
5,4.1638e-05,5,0
6,9.6289e-05,6,0
7,0.000264321,7,0
8,0.000497672,8,0
9,0.00116121,9,0
10,0.00265582,10,0
11,0.00575542,11,0
12,0.012546,12,0
13,0.0272156,13,0
14,0.0587782,14,0
15,0.125897,15,0
16,0.272737,16,0
17,0.586152,17,0
18,1.25805,18,0
19,2.67683,19,0
20,5.66922,20,0
