tam,tiempo,agentes,votos
1,3.299e-06,1,0
2,3.742e-06,2,0
3,8.101e-06,3,0
4,1.8738e-05,4,0
5,4.367e-05,5,0
6,0.000100839,6,0
7,0.000230197,7,0
8,0.000521147,8,0
9,0.00116714,9,0
10,0.00264875,10,0
11,0.0058812,11,0
12,0.0122196,12,0
13,0.027245,13,0
14,0.0583264,14,0
15,0.123815,15,0
16,0.268374,16,0
17,0.572112,17,0
18,1.22847,18,0
19,2.64314,19,0
20,5.60392,20,0
