tam,tiempo,agentes,votos
1,1.4727e-05,1,0
2,1.7088e-05,2,0
3,4.1105e-05,3,0
4,9.9979e-05,4,0
5,0.00019543,5,0
6,0.000464065,6,0
7,0.000597841,7,0
8,0.000499176,8,0
9,0.00116539,9,0
10,0.00257932,10,0
11,0.00565348,11,0
12,0.0126165,12,0
13,0.0263833,13,0
14,0.0584673,14,0
15,0.126502,15,0
16,0.270626,16,0
17,0.57655,17,0
18,1.22974,18,0
19,2.609,19,0
20,5.56928,20,0
