tam,tiempo,agentes,votos
1,3.16e-06,1,0
2,3.561e-06,2,0
3,7.707e-06,3,0
4,1.7788e-05,4,0
5,4.1549e-05,5,0
6,9.644e-05,6,0
7,0.000220067,7,0
8,0.000555171,8,0
9,0.00114069,9,0
10,0.00249725,10,0
11,0.00583636,11,0
12,0.0125366,12,0
13,0.0268734,13,0
14,0.0588098,14,0
15,0.124572,15,0
16,0.267935,16,0
17,0.577266,17,0
18,1.22897,18,0
19,2.6234,19,0
20,5.5466,20,0
