tam,tiempo,agentes,votos
1,3.233e-06,1,0
2,3.677e-06,2,0
3,7.744e-06,3,0
4,1.7718e-05,4,0
5,4.1394e-05,5,0
6,9.6175e-05,6,0
7,0.000237116,7,0
8,0.000528575,8,0
9,0.00117034,9,0
10,0.0025705,10,0
11,0.00574357,11,0
12,0.012604,12,0
13,0.0268076,13,0
14,0.0584861,14,0
15,0.126332,15,0
16,0.268335,16,0
17,0.577834,17,0
18,1.23118,18,0
19,2.63203,19,0
20,5.55435,20,0
