tam,tiempo,agentes,votos
1,3.599e-06,1,0
2,3.726e-06,2,0
3,7.697e-06,3,0
4,1.7885e-05,4,0
5,4.1576e-05,5,0
6,0.000126711,6,0
7,0.000219974,7,0
8,0.000496993,8,0
9,0.0012116,9,0
10,0.00266373,10,0
11,0.00586643,11,0
12,0.0127573,12,0
13,0.0276422,13,0
14,0.0593719,14,0
15,0.129415,15,0
16,0.274782,16,0
17,0.585246,17,0
18,1.24492,18,0
19,2.74706,19,0
20,5.66599,20,0
