tam,tiempo,agentes,votos
1,3.199e-06,1,0
2,3.664e-06,2,0
3,7.718e-06,3,0
4,1.7831e-05,4,0
5,4.1352e-05,5,0
6,9.6204e-05,6,0
7,0.000220438,7,0
8,0.000498908,8,0
9,0.00119292,9,0
10,0.00260911,10,0
11,0.0057779,11,0
12,0.0123319,12,0
13,0.0267508,13,0
14,0.0585353,14,0
15,0.128003,15,0
16,0.26783,16,0
17,0.574479,17,0
18,1.22713,18,0
19,2.61467,19,0
20,5.54198,20,0
