tam,tiempo,agentes,votos
1,3.138e-06,1,0
2,3.637e-06,2,0
3,7.632e-06,3,0
4,1.7938e-05,4,0
5,4.188e-05,5,0
6,9.6838e-05,6,0
7,0.000220228,7,0
8,0.000499642,8,0
9,0.0012307,9,0
10,0.00281424,10,0
11,0.00558753,11,0
12,0.0126046,12,0
13,0.0270534,13,0
14,0.0579243,14,0
15,0.124473,15,0
16,0.268597,16,0
17,0.575376,17,0
18,1.22583,18,0
19,2.6185,19,0
20,5.55422,20,0
