tam,tiempo,agentes,votos
1,3.141e-06,1,0
2,3.662e-06,2,0
3,7.621e-06,3,0
4,1.7847e-05,4,0
5,4.1652e-05,5,0
6,0.000122081,6,0
7,0.000220053,7,0
8,0.000496844,8,0
9,0.00116594,9,0
10,0.00250736,10,0
11,0.00599272,11,0
12,0.0124294,12,0
13,0.0268758,13,0
14,0.0580323,14,0
15,0.126251,15,0
16,0.27192,16,0
17,0.57564,17,0
18,1.2344,18,0
19,2.60993,19,0
20,5.54322,20,0
