tam,tiempo,agentes,votos
1,3.045e-06,1,0
2,3.66e-06,2,0
3,7.635e-06,3,0
4,1.7871e-05,4,0
5,4.1889e-05,5,0
6,9.6296e-05,6,0
7,0.000220198,7,0
8,0.000497734,8,0
9,0.00113507,9,0
10,0.00253717,10,0
11,0.00565651,11,0
12,0.01253,12,0
13,0.0265688,13,0
14,0.0586779,14,0
15,0.124825,15,0
16,0.269485,16,0
17,0.606109,17,0
18,1.23262,18,0
19,2.61011,19,0
20,5.56877,20,0
