tam,tiempo,agentes,votos
1,3.454e-06,1,0
2,3.972e-06,2,0
3,8.043e-06,3,0
4,1.8891e-05,4,0
5,4.3541e-05,5,0
6,0.000101355,6,0
7,0.000230899,7,0
8,0.000521343,8,0
9,0.00119402,9,0
10,0.002632,10,0
11,0.00587652,11,0
12,0.0125997,12,0
13,0.0273561,13,0
14,0.0590695,14,0
15,0.126525,15,0
16,0.27205,16,0
17,0.58757,17,0
18,1.25278,18,0
19,2.67908,19,0
20,5.62806,20,0
