tam,tiempo,agentes,votos
1,3.042e-06,1,0
2,3.661e-06,2,0
3,7.57e-06,3,0
4,1.7883e-05,4,0
5,4.1495e-05,5,0
6,9.6173e-05,6,0
7,0.000220161,7,0
8,0.000496476,8,0
9,0.00121982,9,0
10,0.00257541,10,0
11,0.00581998,11,0
12,0.0124868,12,0
13,0.0270777,13,0
14,0.0581273,14,0
15,0.125227,15,0
16,0.269814,16,0
17,0.576707,17,0
18,1.23458,18,0
19,2.62147,19,0
20,5.55167,20,0
