tam,tiempo,agentes,votos
1,3.195e-06,1,0
2,3.704e-06,2,0
3,8.062e-06,3,0
4,1.8984e-05,4,0
5,4.3324e-05,5,0
6,0.000100832,6,0
7,0.000231109,7,0
8,0.000523013,8,0
9,0.00118805,9,0
10,0.00263764,10,0
11,0.0057481,11,0
12,0.0125047,12,0
13,0.0267436,13,0
14,0.0614477,14,0
15,0.125724,15,0
16,0.269755,16,0
17,0.577073,17,0
18,1.23322,18,0
19,2.62251,19,0
20,5.61307,20,0
