tam,tiempo,agentes,votos
1,2.978e-06,1,0
2,3.56e-06,2,0
3,7.663e-06,3,0
4,1.7993e-05,4,0
5,4.1794e-05,5,0
6,9.6457e-05,6,0
7,0.000220522,7,0
8,0.000565133,8,0
9,0.00113313,9,0
10,0.00254714,10,0
11,0.00567082,11,0
12,0.0125747,12,0
13,0.0266885,13,0
14,0.058712,14,0
15,0.125186,15,0
16,0.278294,16,0
17,0.580451,17,0
18,1.23731,18,0
19,2.62039,19,0
20,5.5705,20,0
