tam,tiempo,agentes,votos
1,3.084e-06,1,0
2,3.682e-06,2,0
3,7.713e-06,3,0
4,1.791e-05,4,0
5,4.1714e-05,5,0
6,9.7315e-05,6,0
7,0.000220212,7,0
8,0.000541752,8,0
9,0.00113812,9,0
10,0.00255578,10,0
11,0.00575157,11,0
12,0.0125689,12,0
13,0.0265054,13,0
14,0.0583756,14,0
15,0.124561,15,0
16,0.268457,16,0
17,0.5787,17,0
18,1.23417,18,0
19,2.62013,19,0
20,5.55084,20,0
