tam,tiempo,agentes,votos
1,3.4e-06,1,0
2,3.761e-06,2,0
3,7.631e-06,3,0
4,1.8092e-05,4,0
5,4.1493e-05,5,0
6,9.639e-05,6,0
7,0.000220184,7,0
8,0.000596843,8,0
9,0.00116395,9,0
10,0.00262349,10,0
11,0.00587153,11,0
12,0.0125694,12,0
13,0.0274434,13,0
14,0.0591295,14,0
15,0.126232,15,0
16,0.274989,16,0
17,0.580944,17,0
18,1.24289,18,0
19,2.64845,19,0
20,5.64439,20,0
