tam,tiempo,agentes,votos
1,3.446e-06,1,0
2,4.365e-06,2,0
3,8.103e-06,3,0
4,1.8836e-05,4,0
5,4.3984e-05,5,0
6,0.00010512,6,0
7,0.000239098,7,0
8,0.000538547,8,0
9,0.00124997,9,0
10,0.00269277,10,0
11,0.00594643,11,0
12,0.0126192,12,0
13,0.0277021,13,0
14,0.0624571,14,0
15,0.127018,15,0
16,0.272877,16,0
17,0.584048,17,0
18,1.25018,18,0
19,2.6533,19,0
20,5.67655,20,0
