tam,tiempo,agentes,votos
1,3.156e-06,1,0
2,3.671e-06,2,0
3,7.67e-06,3,0
4,1.8132e-05,4,0
5,4.1464e-05,5,0
6,9.6702e-05,6,0
7,0.000219813,7,0
8,0.00049863,8,0
9,0.00116294,9,0
10,0.0025954,10,0
11,0.00571203,11,0
12,0.0122205,12,0
13,0.0265957,13,0
14,0.0584402,14,0
15,0.124251,15,0
16,0.27078,16,0
17,0.573113,17,0
18,1.22997,18,0
19,2.61261,19,0
20,5.75644,20,0
