tam,tiempo,agentes,votos
1,3.309e-06,1,0
2,3.736e-06,2,0
3,8.126e-06,3,0
4,1.8722e-05,4,0
5,4.3296e-05,5,0
6,0.000100741,6,0
7,0.000230757,7,0
8,0.000521194,8,0
9,0.00120244,9,0
10,0.00263648,10,0
11,0.00575151,11,0
12,0.0125916,12,0
13,0.0267139,13,0
14,0.0582037,14,0
15,0.125764,15,0
16,0.270205,16,0
17,0.576575,17,0
18,1.22396,18,0
19,2.6066,19,0
20,5.55638,20,0
