tam,tiempo,agentes,votos
1,3.038e-06,1,0
2,3.651e-06,2,0
3,7.782e-06,3,0
4,1.7869e-05,4,0
5,4.1566e-05,5,0
6,9.6234e-05,6,0
7,0.000220674,7,0
8,0.000497725,8,0
9,0.001132,9,0
10,0.00255578,10,0
11,0.00566939,11,0
12,0.0125108,12,0
13,0.0266733,13,0
14,0.0591106,14,0
15,0.126275,15,0
16,0.267652,16,0
17,0.578851,17,0
18,1.22553,18,0
19,2.61319,19,0
20,5.55469,20,0
