tam,tiempo,agentes,votos
1,3.623e-06,1,0
2,3.746e-06,2,0
3,7.734e-06,3,0
4,1.7699e-05,4,0
5,4.1801e-05,5,0
6,9.6259e-05,6,0
7,0.000219903,7,0
8,0.000527065,8,0
9,0.00123412,9,0
10,0.00264092,10,0
11,0.00592678,11,0
12,0.0128239,12,0
13,0.0271803,13,0
14,0.0590043,14,0
15,0.126052,15,0
16,0.271097,16,0
17,0.582855,17,0
18,1.24849,18,0
19,2.67161,19,0
20,5.61947,20,0
