tam,tiempo,agentes,votos
1,3.282e-06,1,0
2,3.934e-06,2,0
3,7.998e-06,3,0
4,1.8575e-05,4,0
5,4.3243e-05,5,0
6,0.000100667,6,0
7,0.000230514,7,0
8,0.000521216,8,0
9,0.00119045,9,0
10,0.00267333,10,0
11,0.00565346,11,0
12,0.0126142,12,0
13,0.0270455,13,0
14,0.0580285,14,0
15,0.125321,15,0
16,0.267827,16,0
17,0.576933,17,0
18,1.2313,18,0
19,2.61222,19,0
20,5.5924,20,0
