tam,tiempo,agentes,votos
1,3.439e-06,1,0
2,3.843e-06,2,0
3,8.017e-06,3,0
4,1.8869e-05,4,0
5,4.3843e-05,5,0
6,0.000101031,6,0
7,0.000231452,7,0
8,0.000532322,8,0
9,0.00119391,9,0
10,0.00263204,10,0
11,0.00578271,11,0
12,0.0125851,12,0
13,0.0271351,13,0
14,0.057695,14,0
15,0.124756,15,0
16,0.269286,16,0
17,0.575773,17,0
18,1.22731,18,0
19,2.61713,19,0
20,5.55825,20,0
