tam,tiempo,agentes,votos
1,3.444e-06,1,0
2,3.791e-06,2,0
3,7.989e-06,3,0
4,1.8709e-05,4,0
5,5.6144e-05,5,0
6,9.6175e-05,6,0
7,0.000220295,7,0
8,0.00049972,8,0
9,0.00117589,9,0
10,0.00257221,10,0
11,0.00557385,11,0
12,0.0121922,12,0
13,0.0270349,13,0
14,0.0580453,14,0
15,0.12521,15,0
16,0.268428,16,0
17,0.575856,17,0
18,1.22713,18,0
19,2.61663,19,0
20,5.61447,20,0
