tam,tiempo,agentes,votos
1,3.515e-06,1,0
2,3.813e-06,2,0
3,8.027e-06,3,0
4,1.8724e-05,4,0
5,4.3773e-05,5,0
6,0.000100601,6,0
7,0.000263645,7,0
8,0.000561566,8,0
9,0.00122133,9,0
10,0.00262036,10,0
11,0.00580593,11,0
12,0.0125406,12,0
13,0.0273584,13,0
14,0.0591852,14,0
15,0.130685,15,0
16,0.273912,16,0
17,0.587343,17,0
18,1.25765,18,0
19,2.67145,19,0
20,5.65069,20,0
