tam,tiempo,agentes,votos
1,3.191e-06,1,0
2,3.597e-06,2,0
3,7.682e-06,3,0
4,1.7842e-05,4,0
5,4.1524e-05,5,0
6,9.6861e-05,6,0
7,0.000220421,7,0
8,0.00049891,8,0
9,0.00118096,9,0
10,0.00249897,10,0
11,0.00573371,11,0
12,0.0125444,12,0
13,0.0270939,13,0
14,0.0587428,14,0
15,0.125153,15,0
16,0.267745,16,0
17,0.576011,17,0
18,1.23478,18,0
19,2.61266,19,0
20,5.54408,20,0
