tam,tiempo,agentes,votos
1,3.228e-06,1,0
2,3.803e-06,2,0
3,7.721e-06,3,0
4,1.7795e-05,4,0
5,4.1644e-05,5,0
6,9.6369e-05,6,0
7,0.000219207,7,0
8,0.000529513,8,0
9,0.00113453,9,0
10,0.00259109,10,0
11,0.00557503,11,0
12,0.0121929,12,0
13,0.0267786,13,0
14,0.0582382,14,0
15,0.124894,15,0
16,0.266981,16,0
17,0.579716,17,0
18,1.30987,18,0
19,2.62618,19,0
20,5.74989,20,0
