tam,tiempo,agentes,votos
1,3.09e-06,1,0
2,3.577e-06,2,0
3,7.702e-06,3,0
4,1.7718e-05,4,0
5,5.8639e-05,5,0
6,0.000101326,6,0
7,0.000256703,7,0
8,0.000497996,8,0
9,0.001184,9,0
10,0.00253384,10,0
11,0.00562364,11,0
12,0.0122277,12,0
13,0.0264741,13,0
14,0.0576974,14,0
15,0.125862,15,0
16,0.268186,16,0
17,0.575563,17,0
18,1.22702,18,0
19,2.61067,19,0
20,5.55462,20,0
