tam,tiempo,agentes,votos
1,3.158e-06,1,0
2,3.673e-06,2,0
3,7.63e-06,3,0
4,1.7627e-05,4,0
5,4.1693e-05,5,0
6,9.6203e-05,6,0
7,0.000219908,7,0
8,0.000498804,8,0
9,0.00113652,9,0
10,0.00256079,10,0
11,0.00565167,11,0
12,0.0125665,12,0
13,0.0268769,13,0
14,0.0579843,14,0
15,0.124434,15,0
16,0.274118,16,0
17,0.576362,17,0
18,1.22921,18,0
19,2.61599,19,0
20,5.59536,20,0
