tam,tiempo,agentes,votos
1,3.82e-06,1,0
2,3.762e-06,2,0
3,8.112e-06,3,0
4,1.8683e-05,4,0
5,5.4812e-05,5,0
6,9.6659e-05,6,0
7,0.00022009,7,0
8,0.000497618,8,0
9,0.00121062,9,0
10,0.00263235,10,0
11,0.0058906,11,0
12,0.0127042,12,0
13,0.0273971,13,0
14,0.0593925,14,0
15,0.127693,15,0
16,0.274633,16,0
17,0.587818,17,0
18,1.28059,18,0
19,2.66834,19,0
20,5.65007,20,0
