tam,tiempo,agentes,votos
1,3.05e-06,1,0
2,3.67e-06,2,0
3,7.679e-06,3,0
4,1.7786e-05,4,0
5,4.1497e-05,5,0
6,0.000124559,6,0
7,0.00023502,7,0
8,0.000499318,8,0
9,0.00113308,9,0
10,0.00258416,10,0
11,0.0057507,11,0
12,0.0122349,12,0
13,0.0265238,13,0
14,0.0576643,14,0
15,0.127565,15,0
16,0.271213,16,0
17,0.568947,17,0
18,1.2054,18,0
19,2.5743,19,0
20,5.46506,20,0
