tam,tiempo,agentes,votos
1,3.136e-06,1,0
2,3.665e-06,2,0
3,7.661e-06,3,0
4,1.7723e-05,4,0
5,4.1734e-05,5,0
6,9.6349e-05,6,0
7,0.000220154,7,0
8,0.000529247,8,0
9,0.00113433,9,0
10,0.0025919,10,0
11,0.00559113,11,0
12,0.0120703,12,0
13,0.0263927,13,0
14,0.0570574,14,0
15,0.122892,15,0
16,0.262393,16,0
17,0.569444,17,0
18,1.29163,18,0
19,2.587,19,0
20,5.47768,20,0
