tam,tiempo,agentes,votos
1,3.119e-06,1,0
2,3.597e-06,2,0
3,7.643e-06,3,0
4,1.7843e-05,4,0
5,4.1632e-05,5,0
6,9.6268e-05,6,0
7,0.000239599,7,0
8,0.000518224,8,0
9,0.00119134,9,0
10,0.00253757,10,0
11,0.00572237,11,0
12,0.012853,12,0
13,0.0273364,13,0
14,0.0592495,14,0
15,0.12725,15,0
16,0.272928,16,0
17,0.584979,17,0
18,1.26145,18,0
19,2.66676,19,0
20,5.7227,20,0
