tam,tiempo,agentes,votos
1,3.374e-06,1,0
2,3.695e-06,2,0
3,7.702e-06,3,0
4,1.7739e-05,4,0
5,4.1316e-05,5,0
6,9.6248e-05,6,0
7,0.000237744,7,0
8,0.000526852,8,0
9,0.00126326,9,0
10,0.00264569,10,0
11,0.00559871,11,0
12,0.0123981,12,0
13,0.0272049,13,0
14,0.0590357,14,0
15,0.127859,15,0
16,0.27495,16,0
17,0.595388,17,0
18,1.27014,18,0
19,2.68649,19,0
20,5.6391,20,0
