tam,tiempo,agentes,votos
1,3.733e-06,1,0
2,3.916e-06,2,0
3,8.046e-06,3,0
4,1.8689e-05,4,0
5,4.3699e-05,5,0
6,0.000100899,6,0
7,0.000255631,7,0
8,0.000496638,8,0
9,0.00119335,9,0
10,0.00259851,10,0
11,0.00610755,11,0
12,0.0126255,12,0
13,0.0273855,13,0
14,0.0585939,14,0
15,0.125859,15,0
16,0.2703,16,0
17,0.586824,17,0
18,1.24584,18,0
19,2.6585,19,0
20,5.69962,20,0
