tam,tiempo,agentes,votos
1,3.121e-06,1,0
2,3.652e-06,2,0
3,7.655e-06,3,0
4,1.778e-05,4,0
5,4.1727e-05,5,0
6,9.6171e-05,6,0
7,0.000220249,7,0
8,0.000496758,8,0
9,0.00117405,9,0
10,0.00249757,10,0
11,0.00576776,11,0
12,0.0123865,12,0
13,0.027365,13,0
14,0.0581851,14,0
15,0.12664,15,0
16,0.269256,16,0
17,0.576467,17,0
18,1.23069,18,0
19,2.61334,19,0
20,5.68091,20,0
