tam,tiempo,agentes,votos
1,3.405e-06,1,0
2,4.261e-06,2,0
3,8.705e-06,3,0
4,2.0187e-05,4,0
5,4.7547e-05,5,0
6,0.000111029,6,0
7,0.000254839,7,0
8,0.000576335,8,0
9,0.0013097,9,0
10,0.00290147,10,0
11,0.00600753,11,0
12,0.0124478,12,0
13,0.0265965,13,0
14,0.0593579,14,0
15,0.125719,15,0
16,0.267846,16,0
17,0.573913,17,0
18,1.22716,18,0
19,2.709,19,0
20,5.64926,20,0
