tam,tiempo,agentes,votos
1,3.2e-06,1,0
2,3.66e-06,2,0
3,7.712e-06,3,0
4,1.7899e-05,4,0
5,4.1427e-05,5,0
6,0.000123377,6,0
7,0.00024241,7,0
8,0.000530555,8,0
9,0.00113327,9,0
10,0.00253881,10,0
11,0.00555414,11,0
12,0.0121372,12,0
13,0.0269563,13,0
14,0.0577486,14,0
15,0.124469,15,0
16,0.26936,16,0
17,0.580282,17,0
18,1.23176,18,0
19,2.61186,19,0
20,5.55385,20,0
