tam,tiempo,agentes,votos
1,3.244e-06,1,0
2,3.873e-06,2,0
3,8.044e-06,3,0
4,1.8614e-05,4,0
5,4.3542e-05,5,0
6,0.000110002,6,0
7,0.000220405,7,0
8,0.000497501,8,0
9,0.0011388,9,0
10,0.00257822,10,0
11,0.00559125,11,0
12,0.0124341,12,0
13,0.0269768,13,0
14,0.0580702,14,0
15,0.124802,15,0
16,0.268641,16,0
17,0.57677,17,0
18,1.23263,18,0
19,2.6118,19,0
20,5.605,20,0
