tam,tiempo,agentes,votos
1,3.584e-06,1,0
2,3.99e-06,2,0
3,8.147e-06,3,0
4,1.8765e-05,4,0
5,4.3505e-05,5,0
6,0.000101023,6,0
7,0.000230901,7,0
8,0.000543505,8,0
9,0.00120257,9,0
10,0.00266666,10,0
11,0.00586084,11,0
12,0.0126217,12,0
13,0.0272965,13,0
14,0.0591121,14,0
15,0.126786,15,0
16,0.273838,16,0
17,0.587955,17,0
18,1.24888,18,0
19,2.65731,19,0
20,5.66725,20,0
