tam,tiempo,agentes,votos
1,3.215e-06,1,0
2,3.669e-06,2,0
3,7.779e-06,3,0
4,1.7841e-05,4,0
5,4.148e-05,5,0
6,0.000114381,6,0
7,0.000232314,7,0
8,0.000497535,8,0
9,0.00119581,9,0
10,0.00259641,10,0
11,0.00610559,11,0
12,0.0125618,12,0
13,0.0276102,13,0
14,0.0589515,14,0
15,0.126565,15,0
16,0.274235,16,0
17,0.585273,17,0
18,1.2532,18,0
19,2.64903,19,0
20,5.63833,20,0
