tam,tiempo,agentes,votos
1,3.199e-06,1,0
2,3.651e-06,2,0
3,7.726e-06,3,0
4,1.7805e-05,4,0
5,4.156e-05,5,0
6,0.000113925,6,0
7,0.000235285,7,0
8,0.000496917,8,0
9,0.00132342,9,0
10,0.00258654,10,0
11,0.00615974,11,0
12,0.0127656,12,0
13,0.0282271,13,0
14,0.0611066,14,0
15,0.130304,15,0
16,0.272707,16,0
17,0.583224,17,0
18,1.26675,18,0
19,2.73566,19,0
20,5.63693,20,0
