tam,tiempo,agentes,votos
1,3.448e-06,1,0
2,3.753e-06,2,0
3,7.549e-06,3,0
4,1.7671e-05,4,0
5,4.165e-05,5,0
6,9.6548e-05,6,0
7,0.00025119,7,0
8,0.000497061,8,0
9,0.00126117,9,0
10,0.00262726,10,0
11,0.0057876,11,0
12,0.0125519,12,0
13,0.0272695,13,0
14,0.0586811,14,0
15,0.126368,15,0
16,0.27042,16,0
17,0.583599,17,0
18,1.24295,18,0
19,2.64747,19,0
20,5.63285,20,0
