tam,tiempo,agentes,votos
1,3.461e-06,1,0
2,3.764e-06,2,0
3,7.7e-06,3,0
4,1.7835e-05,4,0
5,4.1525e-05,5,0
6,9.593e-05,6,0
7,0.000251579,7,0
8,0.000499977,8,0
9,0.00116246,9,0
10,0.00268644,10,0
11,0.00578948,11,0
12,0.0126614,12,0
13,0.0274333,13,0
14,0.0590629,14,0
15,0.126892,15,0
16,0.271789,16,0
17,0.584915,17,0
18,1.24716,18,0
19,2.6536,19,0
20,5.6517,20,0
