tam,tiempo,agentes,votos
1,3.168e-06,1,0
2,3.666e-06,2,0
3,7.736e-06,3,0
4,1.7922e-05,4,0
5,4.1344e-05,5,0
6,9.6248e-05,6,0
7,0.000249286,7,0
8,0.000526156,8,0
9,0.00116666,9,0
10,0.00260508,10,0
11,0.00586468,11,0
12,0.0125067,12,0
13,0.0274311,13,0
14,0.059107,14,0
15,0.127091,15,0
16,0.272185,16,0
17,0.584461,17,0
18,1.24882,18,0
19,2.67833,19,0
20,5.64383,20,0
