tam,tiempo,agentes,votos
1,4.128e-06,1,0
2,5.128e-06,2,0
3,8.037e-06,3,0
4,1.8747e-05,4,0
5,4.3425e-05,5,0
6,0.000128595,6,0
7,0.00023076,7,0
8,0.000559549,8,0
9,0.00128341,9,0
10,0.00259594,10,0
11,0.00596612,11,0
12,0.0124977,12,0
13,0.0279354,13,0
14,0.0582359,14,0
15,0.12436,15,0
16,0.268832,16,0
17,0.576234,17,0
18,1.23097,18,0
19,2.6187,19,0
20,5.64406,20,0
