tam,tiempo,agentes,votos
1,4.398e-06,1,0
2,4.011e-06,2,0
3,8.037e-06,3,0
4,1.8942e-05,4,0
5,4.3597e-05,5,0
6,0.000101247,6,0
7,0.000231022,7,0
8,0.00052291,8,0
9,0.00119283,9,0
10,0.00265448,10,0
11,0.00610595,11,0
12,0.0126691,12,0
13,0.0274252,13,0
14,0.0598601,14,0
15,0.127627,15,0
16,0.273945,16,0
17,0.586595,17,0
18,1.27025,18,0
19,2.68784,19,0
20,5.65299,20,0
