tam,tiempo,agentes,votos
1,3.562e-06,1,0
2,3.785e-06,2,0
3,8.111e-06,3,0
4,1.7922e-05,4,0
5,4.1458e-05,5,0
6,9.6307e-05,6,0
7,0.000219743,7,0
8,0.000497535,8,0
9,0.00116957,9,0
10,0.00253283,10,0
11,0.00560648,11,0
12,0.0121452,12,0
13,0.0266221,13,0
14,0.0569921,14,0
15,0.12337,15,0
16,0.263943,16,0
17,0.566176,17,0
18,1.2464,18,0
19,2.74606,19,0
20,5.76943,20,0
