tam,tiempo,agentes,votos
1,3.257e-06,1,0
2,3.862e-06,2,0
3,7.916e-06,3,0
4,1.8653e-05,4,0
5,4.3666e-05,5,0
6,0.000100667,6,0
7,0.000230539,7,0
8,0.000521483,8,0
9,0.00121889,9,0
10,0.0026634,10,0
11,0.00577238,11,0
12,0.0126359,12,0
13,0.0275484,13,0
14,0.0587986,14,0
15,0.127736,15,0
16,0.286169,16,0
17,0.596807,17,0
18,1.24952,18,0
19,2.71784,19,0
20,5.62946,20,0
