tam,tiempo,agentes,votos
1,3.375e-06,1,0
2,3.781e-06,2,0
3,7.959e-06,3,0
4,1.8704e-05,4,0
5,4.3647e-05,5,0
6,0.000101084,6,0
7,0.000231626,7,0
8,0.000521878,8,0
9,0.00119066,9,0
10,0.00263395,10,0
11,0.00581787,11,0
12,0.0126657,12,0
13,0.027358,13,0
14,0.0593813,14,0
15,0.125723,15,0
16,0.273742,16,0
17,0.607946,17,0
18,1.22414,18,0
19,2.63586,19,0
20,5.54676,20,0
