tam,tiempo,agentes,votos
1,3.604e-06,1,0
2,3.842e-06,2,0
3,8.012e-06,3,0
4,1.8743e-05,4,0
5,4.3989e-05,5,0
6,0.000101689,6,0
7,0.000231882,7,0
8,0.00052371,8,0
9,0.00120118,9,0
10,0.00266831,10,0
11,0.00588063,11,0
12,0.0128577,12,0
13,0.0274248,13,0
14,0.0597176,14,0
15,0.128455,15,0
16,0.273187,16,0
17,0.581697,17,0
18,1.24583,18,0
19,2.65095,19,0
20,5.62863,20,0
