tam,tiempo,agentes,votos
1,3.365e-06,1,0
2,3.631e-06,2,0
3,7.563e-06,3,0
4,1.7855e-05,4,0
5,4.1607e-05,5,0
6,9.6336e-05,6,0
7,0.000229886,7,0
8,0.000536044,8,0
9,0.00124531,9,0
10,0.00268551,10,0
11,0.0058214,11,0
12,0.012673,12,0
13,0.0276867,13,0
14,0.0583009,14,0
15,0.125326,15,0
16,0.274355,16,0
17,0.588409,17,0
18,1.23746,18,0
19,2.65576,19,0
20,5.65745,20,0
