tam,tiempo,agentes,votos
1,3.619e-06,1,0
2,3.86e-06,2,0
3,7.992e-06,3,0
4,1.8711e-05,4,0
5,4.3372e-05,5,0
6,0.000101354,6,0
7,0.000265289,7,0
8,0.000522291,8,0
9,0.00121144,9,0
10,0.00273303,10,0
11,0.00602484,11,0
12,0.0128309,12,0
13,0.0279333,13,0
14,0.059863,14,0
15,0.128342,15,0
16,0.273613,16,0
17,0.583747,17,0
18,1.24353,18,0
19,2.64783,19,0
20,5.66677,20,0
