tam,tiempo,agentes,votos
1,3.661e-06,1,0
2,3.751e-06,2,0
3,7.61e-06,3,0
4,1.7793e-05,4,0
5,5.7868e-05,5,0
6,0.000111908,6,0
7,0.000219804,7,0
8,0.000526977,8,0
9,0.00116547,9,0
10,0.00272123,10,0
11,0.00580056,11,0
12,0.0126618,12,0
13,0.0272217,13,0
14,0.059343,14,0
15,0.126572,15,0
16,0.271049,16,0
17,0.581391,17,0
18,1.24091,18,0
19,2.65026,19,0
20,5.61224,20,0
