tam,tiempo,agentes,votos
1,3.352e-06,1,0
2,3.728e-06,2,0
3,7.619e-06,3,0
4,4.814e-05,4,0
5,4.1739e-05,5,0
6,9.623e-05,6,0
7,0.000220016,7,0
8,0.000497868,8,0
9,0.00118958,9,0
10,0.00254432,10,0
11,0.00626961,11,0
12,0.0123948,12,0
13,0.0284615,13,0
14,0.0591546,14,0
15,0.124512,15,0
16,0.266803,16,0
17,0.573139,17,0
18,1.24964,18,0
19,2.66957,19,0
20,5.66566,20,0
