tam,tiempo,agentes,votos
1,4.125e-06,1,0
2,3.933e-06,2,0
3,8.078e-06,3,0
4,1.886e-05,4,0
5,4.3856e-05,5,0
6,0.000101039,6,0
7,0.000230687,7,0
8,0.000522243,8,0
9,0.00119066,9,0
10,0.00265022,10,0
11,0.00586592,11,0
12,0.0127534,12,0
13,0.0274924,13,0
14,0.0598201,14,0
15,0.129244,15,0
16,0.280024,16,0
17,0.58788,17,0
18,1.25331,18,0
19,2.65555,19,0
20,5.69057,20,0
