tam,tiempo,agentes,votos
1,3.394e-06,1,0
2,3.673e-06,2,0
3,7.767e-06,3,0
4,1.7862e-05,4,0
5,4.1494e-05,5,0
6,9.616e-05,6,0
7,0.0002437,7,0
8,0.000516431,8,0
9,0.00117857,9,0
10,0.00259167,10,0
11,0.00574544,11,0
12,0.0127324,12,0
13,0.0271852,13,0
14,0.0584368,14,0
15,0.12461,15,0
16,0.267077,16,0
17,0.581759,17,0
18,1.25858,18,0
19,2.6472,19,0
20,5.58485,20,0
