tam,tiempo,agentes,votos
1,3.272e-06,1,0
2,3.874e-06,2,0
3,8.031e-06,3,0
4,1.863e-05,4,0
5,4.1779e-05,5,0
6,9.659e-05,6,0
7,0.000219696,7,0
8,0.000542848,8,0
9,0.00118921,9,0
10,0.00259009,10,0
11,0.00597775,11,0
12,0.0125685,12,0
13,0.0274173,13,0
14,0.0587826,14,0
15,0.126211,15,0
16,0.271268,16,0
17,0.579732,17,0
18,1.24799,18,0
19,2.63959,19,0
20,5.62813,20,0
