tam,tiempo,agentes,votos
1,3.746e-06,1,0
2,3.824e-06,2,0
3,7.672e-06,3,0
4,1.7612e-05,4,0
5,4.1563e-05,5,0
6,9.6809e-05,6,0
7,0.000219977,7,0
8,0.000540714,8,0
9,0.00116097,9,0
10,0.00253903,10,0
11,0.00575784,11,0
12,0.0126242,12,0
13,0.0280653,13,0
14,0.0583381,14,0
15,0.127192,15,0
16,0.269238,16,0
17,0.579321,17,0
18,1.24018,18,0
19,2.64301,19,0
20,5.64991,20,0
