tam,tiempo,agentes,votos
1,3.305e-06,1,0
2,3.7e-06,2,0
3,7.651e-06,3,0
4,1.7692e-05,4,0
5,4.1672e-05,5,0
6,9.6306e-05,6,0
7,0.00025113,7,0
8,0.000497107,8,0
9,0.0012352,9,0
10,0.00254785,10,0
11,0.00593471,11,0
12,0.0123002,12,0
13,0.0271167,13,0
14,0.0584561,14,0
15,0.125335,15,0
16,0.268492,16,0
17,0.58403,17,0
18,1.25906,18,0
19,2.63454,19,0
20,5.60498,20,0
