tam,tiempo,agentes,votos
1,3.428e-06,1,0
2,3.815e-06,2,0
3,8.008e-06,3,0
4,1.8756e-05,4,0
5,4.3798e-05,5,0
6,0.00010141,6,0
7,0.000230903,7,0
8,0.000522091,8,0
9,0.00120328,9,0
10,0.00263101,10,0
11,0.00611551,11,0
12,0.0130018,12,0
13,0.028119,13,0
14,0.0596174,14,0
15,0.127823,15,0
16,0.276855,16,0
17,0.589471,17,0
18,1.2951,18,0
19,2.75129,19,0
20,5.55678,20,0
