tam,tiempo,agentes,votos
1,3.295e-06,1,0
2,3.874e-06,2,0
3,8.02e-06,3,0
4,1.8697e-05,4,0
5,4.3299e-05,5,0
6,0.00010143,6,0
7,0.000231077,7,0
8,0.000521943,8,0
9,0.00119383,9,0
10,0.00264815,10,0
11,0.00576619,11,0
12,0.0128395,12,0
13,0.027674,13,0
14,0.0602324,14,0
15,0.131218,15,0
16,0.285893,16,0
17,0.59695,17,0
18,1.23867,18,0
19,2.63598,19,0
20,5.56297,20,0
