tam,tiempo,agentes,votos
1,3.144e-06,1,0
2,3.619e-06,2,0
3,7.683e-06,3,0
4,1.7938e-05,4,0
5,4.1514e-05,5,0
6,9.5875e-05,6,0
7,0.000219592,7,0
8,0.00049732,8,0
9,0.00119791,9,0
10,0.00253922,10,0
11,0.00557387,11,0
12,0.0121566,12,0
13,0.0263651,13,0
14,0.0566533,14,0
15,0.121742,15,0
16,0.262193,16,0
17,0.57079,17,0
18,1.22427,18,0
19,2.58895,19,0
20,5.59577,20,0
