tam,tiempo,agentes,votos
1,4.136e-06,1,0
2,3.914e-06,2,0
3,7.991e-06,3,0
4,1.861e-05,4,0
5,4.3538e-05,5,0
6,0.000101472,6,0
7,0.0002312,7,0
8,0.000521849,8,0
9,0.00120396,9,0
10,0.00262364,10,0
11,0.00576332,11,0
12,0.0125766,12,0
13,0.0273008,13,0
14,0.0590143,14,0
15,0.1272,15,0
16,0.27163,16,0
17,0.585317,17,0
18,1.26627,18,0
19,2.65468,19,0
20,5.67779,20,0
