tam,tiempo,agentes,votos
1,3.066e-06,1,0
2,3.666e-06,2,0
3,7.578e-06,3,0
4,1.8003e-05,4,0
5,4.1563e-05,5,0
6,9.6503e-05,6,0
7,0.000249429,7,0
8,0.000512997,8,0
9,0.0011839,9,0
10,0.00265896,10,0
11,0.00596841,11,0
12,0.0125329,12,0
13,0.0273186,13,0
14,0.0588252,14,0
15,0.125755,15,0
16,0.271013,16,0
17,0.585511,17,0
18,1.24951,18,0
19,2.6642,19,0
20,5.65411,20,0
