tam,tiempo,agentes,votos
1,3.48e-06,1,0
2,3.709e-06,2,0
3,7.629e-06,3,0
4,1.775e-05,4,0
5,4.1701e-05,5,0
6,9.6416e-05,6,0
7,0.000220181,7,0
8,0.000527504,8,0
9,0.00122345,9,0
10,0.00257684,10,0
11,0.00577407,11,0
12,0.0125623,12,0
13,0.0272994,13,0
14,0.0599186,14,0
15,0.127727,15,0
16,0.272613,16,0
17,0.582689,17,0
18,1.24329,18,0
19,2.64941,19,0
20,5.67456,20,0
