tam,tiempo,agentes,votos
1,4.173e-06,1,0
2,4.006e-06,2,0
3,8.06e-06,3,0
4,1.8823e-05,4,0
5,4.3796e-05,5,0
6,0.000101043,6,0
7,0.000230516,7,0
8,0.000521757,8,0
9,0.00118808,9,0
10,0.00262352,10,0
11,0.00587986,11,0
12,0.0126682,12,0
13,0.0274827,13,0
14,0.0595774,14,0
15,0.127315,15,0
16,0.272416,16,0
17,0.584631,17,0
18,1.25171,18,0
19,2.68756,19,0
20,5.64788,20,0
