tam,tiempo,agentes,votos
1,3.532e-06,1,0
2,3.886e-06,2,0
3,7.688e-06,3,0
4,1.7715e-05,4,0
5,4.147e-05,5,0
6,0.000110975,6,0
7,0.000238146,7,0
8,0.000538927,8,0
9,0.00119219,9,0
10,0.00262026,10,0
11,0.00606111,11,0
12,0.0128743,12,0
13,0.0279799,13,0
14,0.0596908,14,0
15,0.126739,15,0
16,0.271686,16,0
17,0.582527,17,0
18,1.24929,18,0
19,2.65162,19,0
20,5.6639,20,0
