tam,tiempo,agentes,votos
1,3.414e-06,1,0
2,3.986e-06,2,0
3,8.005e-06,3,0
4,1.8749e-05,4,0
5,4.3807e-05,5,0
6,0.000101317,6,0
7,0.000230694,7,0
8,0.000523158,8,0
9,0.00121079,9,0
10,0.0026403,10,0
11,0.00591931,11,0
12,0.0126456,12,0
13,0.027233,13,0
14,0.0593247,14,0
15,0.127495,15,0
16,0.272692,16,0
17,0.580229,17,0
18,1.2447,18,0
19,2.65761,19,0
20,5.65298,20,0
