tam,tiempo,agentes,votos
1,3.255e-06,1,0
2,3.69e-06,2,0
3,7.596e-06,3,0
4,1.7813e-05,4,0
5,4.1288e-05,5,0
6,9.5977e-05,6,0
7,0.000245667,7,0
8,0.000539797,8,0
9,0.0011604,9,0
10,0.00262525,10,0
11,0.00576903,11,0
12,0.0125251,12,0
13,0.0271713,13,0
14,0.0586165,14,0
15,0.12714,15,0
16,0.270731,16,0
17,0.584841,17,0
18,1.24088,18,0
19,2.65206,19,0
20,5.62732,20,0
