tam,tiempo,agentes,votos
1,3.17e-06,1,0
2,3.661e-06,2,0
3,7.641e-06,3,0
4,1.7873e-05,4,0
5,4.1441e-05,5,0
6,9.6642e-05,6,0
7,0.00024556,7,0
8,0.000510564,8,0
9,0.00116915,9,0
10,0.00253504,10,0
11,0.00587861,11,0
12,0.0124794,12,0
13,0.0265964,13,0
14,0.0569496,14,0
15,0.127108,15,0
16,0.275165,16,0
17,0.602771,17,0
18,1.26903,18,0
19,2.66125,19,0
20,5.59292,20,0
