tam,tiempo,agentes,votos
1,3.02e-06,1,0
2,3.576e-06,2,0
3,7.73e-06,3,0
4,1.7821e-05,4,0
5,4.1396e-05,5,0
6,9.6256e-05,6,0
7,0.000219979,7,0
8,0.000496932,8,0
9,0.001132,9,0
10,0.00253213,10,0
11,0.00555105,11,0
12,0.0125208,12,0
13,0.0270836,13,0
14,0.0606032,14,0
15,0.124841,15,0
16,0.268168,16,0
17,0.587303,17,0
18,1.26782,18,0
19,2.63586,19,0
20,5.48104,20,0
