tam,tiempo,agentes,votos
1,3.072e-06,1,0
2,3.639e-06,2,0
3,7.693e-06,3,0
4,1.7856e-05,4,0
5,4.1445e-05,5,0
6,9.6002e-05,6,0
7,0.000219934,7,0
8,0.000496588,8,0
9,0.00113513,9,0
10,0.00254063,10,0
11,0.00553818,11,0
12,0.0120454,12,0
13,0.0260649,13,0
14,0.056398,14,0
15,0.121295,15,0
16,0.263416,16,0
17,0.610856,17,0
18,1.30269,18,0
19,2.76653,19,0
20,5.79332,20,0
