tam,tiempo,agentes,votos
1,3.421e-06,1,0
2,3.871e-06,2,0
3,8.021e-06,3,0
4,1.8716e-05,4,0
5,4.3531e-05,5,0
6,0.000100912,6,0
7,0.00023122,7,0
8,0.0005276,8,0
9,0.00119239,9,0
10,0.00267948,10,0
11,0.00584283,11,0
12,0.0127175,12,0
13,0.0276351,13,0
14,0.0600236,14,0
15,0.127826,15,0
16,0.271146,16,0
17,0.593149,17,0
18,1.27804,18,0
19,2.68516,19,0
20,5.6929,20,0
