tam,tiempo,agentes,votos
1,3.637e-06,1,0
2,3.957e-06,2,0
3,8.059e-06,3,0
4,1.8573e-05,4,0
5,4.3587e-05,5,0
6,0.000101914,6,0
7,0.000231399,7,0
8,0.000523928,8,0
9,0.00119345,9,0
10,0.00267816,10,0
11,0.00602741,11,0
12,0.0125267,12,0
13,0.0273155,13,0
14,0.0587801,14,0
15,0.126569,15,0
16,0.270484,16,0
17,0.586473,17,0
18,1.25183,18,0
19,2.64701,19,0
20,5.63536,20,0
