tam,tiempo,agentes,votos
1,3.46e-06,1,0
2,3.629e-06,2,0
3,7.637e-06,3,0
4,1.7873e-05,4,0
5,4.1755e-05,5,0
6,9.7456e-05,6,0
7,0.000222895,7,0
8,0.000528157,8,0
9,0.00118752,9,0
10,0.00262084,10,0
11,0.00579823,11,0
12,0.0125524,12,0
13,0.0272433,13,0
14,0.0597444,14,0
15,0.127067,15,0
16,0.272626,16,0
17,0.586762,17,0
18,1.28002,18,0
19,2.69468,19,0
20,5.67617,20,0
