tam,tiempo,agentes,votos
1,3.387e-06,1,0
2,3.641e-06,2,0
3,8.348e-06,3,0
4,2.2136e-05,4,0
5,4.2472e-05,5,0
6,9.6253e-05,6,0
7,0.000220195,7,0
8,0.000498655,8,0
9,0.00114492,9,0
10,0.00256364,10,0
11,0.00571193,11,0
12,0.0123791,12,0
13,0.027121,13,0
14,0.0583981,14,0
15,0.123978,15,0
16,0.265431,16,0
17,0.57522,17,0
18,1.29408,18,0
19,2.59992,19,0
20,5.5395,20,0
