tam,tiempo,agentes,votos
1,3.851e-06,1,0
2,3.866e-06,2,0
3,8.084e-06,3,0
4,1.8623e-05,4,0
5,4.3592e-05,5,0
6,0.000100987,6,0
7,0.000257368,7,0
8,0.000522332,8,0
9,0.00122391,9,0
10,0.00261332,10,0
11,0.00570838,11,0
12,0.01278,12,0
13,0.0270006,13,0
14,0.0584473,14,0
15,0.126351,15,0
16,0.271755,16,0
17,0.584343,17,0
18,1.24565,18,0
19,2.61912,19,0
20,5.60921,20,0
