tam,tiempo,agentes,votos
1,3.548e-06,1,0
2,3.888e-06,2,0
3,8.057e-06,3,0
4,1.8819e-05,4,0
5,4.348e-05,5,0
6,0.000117467,6,0
7,0.000231225,7,0
8,0.000521871,8,0
9,0.00119161,9,0
10,0.00262448,10,0
11,0.00591203,11,0
12,0.0126699,12,0
13,0.0275002,13,0
14,0.0591173,14,0
15,0.12653,15,0
16,0.27051,16,0
17,0.582946,17,0
18,1.24274,18,0
19,2.64669,19,0
20,5.56274,20,0
