tam,tiempo,agentes,votos
1,3.542e-06,1,0
2,3.664e-06,2,0
3,7.637e-06,3,0
4,1.7955e-05,4,0
5,4.1545e-05,5,0
6,9.6406e-05,6,0
7,0.000219294,7,0
8,0.000556748,8,0
9,0.00117641,9,0
10,0.00262108,10,0
11,0.00587401,11,0
12,0.0125491,12,0
13,0.0273368,13,0
14,0.0587756,14,0
15,0.125992,15,0
16,0.272672,16,0
17,0.582899,17,0
18,1.24458,18,0
19,2.64782,19,0
20,5.61244,20,0
