tam,tiempo,agentes,votos
1,3.801e-06,1,0
2,3.861e-06,2,0
3,8.06e-06,3,0
4,1.8774e-05,4,0
5,4.3723e-05,5,0
6,0.000100946,6,0
7,0.000230614,7,0
8,0.000552043,8,0
9,0.00120476,9,0
10,0.002622,10,0
11,0.00586395,11,0
12,0.0125989,12,0
13,0.0273562,13,0
14,0.0589562,14,0
15,0.126287,15,0
16,0.271559,16,0
17,0.58147,17,0
18,1.2413,18,0
19,2.63966,19,0
20,5.61559,20,0
