tam,tiempo,agentes,votos
1,3.352e-06,1,0
2,3.702e-06,2,0
3,7.743e-06,3,0
4,1.7887e-05,4,0
5,4.1491e-05,5,0
6,9.6283e-05,6,0
7,0.000224828,7,0
8,0.00052672,8,0
9,0.00116184,9,0
10,0.00259013,10,0
11,0.00577417,11,0
12,0.0126708,12,0
13,0.0272175,13,0
14,0.0589424,14,0
15,0.126105,15,0
16,0.270888,16,0
17,0.581305,17,0
18,1.23964,18,0
19,2.6429,19,0
20,5.60971,20,0
