tam,tiempo,agentes,votos
1,3.602e-06,1,0
2,3.748e-06,2,0
3,7.641e-06,3,0
4,1.7839e-05,4,0
5,4.1662e-05,5,0
6,9.6751e-05,6,0
7,0.00021992,7,0
8,0.00049976,8,0
9,0.00117506,9,0
10,0.00251631,10,0
11,0.00572885,11,0
12,0.0123684,12,0
13,0.026993,13,0
14,0.0584615,14,0
15,0.12383,15,0
16,0.26518,16,0
17,0.569829,17,0
18,1.21745,18,0
19,2.59864,19,0
20,5.48299,20,0
