tam,tiempo,agentes,votos
1,3.147e-06,1,0
2,3.705e-06,2,0
3,7.716e-06,3,0
4,1.7724e-05,4,0
5,5.9109e-05,5,0
6,0.000101008,6,0
7,0.000235689,7,0
8,0.000496895,8,0
9,0.00113659,9,0
10,0.00266322,10,0
11,0.00580412,11,0
12,0.0124713,12,0
13,0.0269984,13,0
14,0.0593221,14,0
15,0.126729,15,0
16,0.270505,16,0
17,0.580777,17,0
18,1.26063,18,0
19,2.65223,19,0
20,5.71766,20,0
