tam,tiempo,agentes,votos
1,3.176e-06,1,0
2,3.753e-06,2,0
3,8e-06,3,0
4,1.8632e-05,4,0
5,4.3764e-05,5,0
6,0.000101156,6,0
7,0.000230298,7,0
8,0.000522469,8,0
9,0.00119834,9,0
10,0.00263163,10,0
11,0.00575727,11,0
12,0.0128334,12,0
13,0.0273455,13,0
14,0.0584471,14,0
15,0.12463,15,0
16,0.272256,16,0
17,0.581653,17,0
18,1.23884,18,0
19,2.64034,19,0
20,5.66935,20,0
