tam,tiempo,agentes,votos
1,3.412e-06,1,0
2,3.622e-06,2,0
3,7.612e-06,3,0
4,1.8009e-05,4,0
5,4.1403e-05,5,0
6,9.6033e-05,6,0
7,0.000220016,7,0
8,0.000517829,8,0
9,0.00115293,9,0
10,0.00258056,10,0
11,0.00592449,11,0
12,0.0123356,12,0
13,0.0274329,13,0
14,0.0583428,14,0
15,0.12463,15,0
16,0.268139,16,0
17,0.575796,17,0
18,1.22862,18,0
19,2.65353,19,0
20,5.62077,20,0
