tam,tiempo,agentes,votos
1,3.353e-06,1,0
2,3.853e-06,2,0
3,8.071e-06,3,0
4,1.8759e-05,4,0
5,4.3761e-05,5,0
6,0.000110117,6,0
7,0.000220492,7,0
8,0.00049714,8,0
9,0.0011754,9,0
10,0.00260763,10,0
11,0.00571732,11,0
12,0.0125166,12,0
13,0.0272709,13,0
14,0.0588225,14,0
15,0.126008,15,0
16,0.270648,16,0
17,0.580716,17,0
18,1.23953,18,0
19,2.6389,19,0
20,5.60493,20,0
