tam,tiempo,agentes,votos
1,3.763e-06,1,0
2,3.804e-06,2,0
3,7.681e-06,3,0
4,1.7828e-05,4,0
5,5.5262e-05,5,0
6,0.00011275,6,0
7,0.000220573,7,0
8,0.000527591,8,0
9,0.00119516,9,0
10,0.00264747,10,0
11,0.00579088,11,0
12,0.0125771,12,0
13,0.0272101,13,0
14,0.0586495,14,0
15,0.125566,15,0
16,0.27023,16,0
17,0.579968,17,0
18,1.23819,18,0
19,2.64996,19,0
20,5.60113,20,0
