tam,tiempo,agentes,votos
1,3.307e-06,1,0
2,3.748e-06,2,0
3,7.655e-06,3,0
4,1.7717e-05,4,0
5,4.1463e-05,5,0
6,0.000111847,6,0
7,0.000250345,7,0
8,0.000527723,8,0
9,0.0011631,9,0
10,0.00261782,10,0
11,0.00585624,11,0
12,0.012429,12,0
13,0.0271433,13,0
14,0.0587565,14,0
15,0.126,15,0
16,0.270935,16,0
17,0.581202,17,0
18,1.24488,18,0
19,2.63894,19,0
20,5.60953,20,0
