tam,tiempo,agentes,votos
1,3.317e-06,1,0
2,3.661e-06,2,0
3,7.658e-06,3,0
4,1.7936e-05,4,0
5,4.1545e-05,5,0
6,9.641e-05,6,0
7,0.000238641,7,0
8,0.000571768,8,0
9,0.00118955,9,0
10,0.00263761,10,0
11,0.00593523,11,0
12,0.0125318,12,0
13,0.0275628,13,0
14,0.0586697,14,0
15,0.125963,15,0
16,0.270706,16,0
17,0.58016,17,0
18,1.24367,18,0
19,2.63605,19,0
20,5.61284,20,0
