tam,tiempo,agentes,votos
1,4.113e-06,1,0
2,4.478e-06,2,0
3,9.352e-06,3,0
4,2.2189e-05,4,0
5,5.2959e-05,5,0
6,0.000130291,6,0
7,0.000260066,7,0
8,0.000514604,8,0
9,0.00119188,9,0
10,0.00260841,10,0
11,0.0058474,11,0
12,0.0123948,12,0
13,0.0272185,13,0
14,0.0584791,14,0
15,0.125064,15,0
16,0.268541,16,0
17,0.576667,17,0
18,1.21637,18,0
19,2.57529,19,0
20,5.56144,20,0
