tam,tiempo,agentes,votos
1,3.428e-06,1,0
2,3.657e-06,2,0
3,7.697e-06,3,0
4,1.7812e-05,4,0
5,4.1619e-05,5,0
6,9.6132e-05,6,0
7,0.000244762,7,0
8,0.000512979,8,0
9,0.00114334,9,0
10,0.00255244,10,0
11,0.00571645,11,0
12,0.0121955,12,0
13,0.0266847,13,0
14,0.0574077,14,0
15,0.123373,15,0
16,0.264465,16,0
17,0.570857,17,0
18,1.21222,18,0
19,2.59492,19,0
20,5.5029,20,0
