tam,tiempo,agentes,votos
1,4.074e-06,1,0
2,3.922e-06,2,0
3,8.075e-06,3,0
4,1.8696e-05,4,0
5,4.3711e-05,5,0
6,0.000101162,6,0
7,0.000241877,7,0
8,0.000541701,8,0
9,0.00116151,9,0
10,0.00261679,10,0
11,0.00578295,11,0
12,0.0126765,12,0
13,0.0275176,13,0
14,0.0589471,14,0
15,0.125805,15,0
16,0.270999,16,0
17,0.580758,17,0
18,1.24238,18,0
19,2.64864,19,0
20,5.60362,20,0
