tam,tiempo,agentes,votos
1,3.562e-06,1,0
2,3.87e-06,2,0
3,6.11e-06,3,0
4,9.584e-06,4,0
5,1.3681e-05,5,0
6,1.9152e-05,6,0
7,2.5259e-05,7,0
8,3.2437e-05,8,0
9,4.087e-05,9,0
10,4.9837e-05,10,0
11,6.053e-05,11,0
12,7.2842e-05,12,0
13,8.5941e-05,13,0
14,0.000100182,14,0
15,0.000116784,15,0
16,0.00013352,16,0
17,0.000153384,17,0
18,0.000171903,18,0
19,0.000194025,19,0
20,0.000217244,20,0
