tam,tiempo,agentes,votos
1,3.617e-06,1,0
2,3.824e-06,2,0
3,6.239e-06,3,0
4,9.682e-06,4,0
5,1.3535e-05,5,0
6,1.92e-05,6,0
7,2.5399e-05,7,0
8,3.237e-05,8,0
9,4.1119e-05,9,0
10,5.0036e-05,10,0
11,6.0506e-05,11,0
12,7.2721e-05,12,0
13,8.5986e-05,13,0
14,0.000100387,14,0
15,0.000117931,15,0
16,0.000133375,16,0
17,0.000152456,17,0
18,0.000171385,18,0
19,0.000193911,19,0
20,0.000216902,20,0
