tam,tiempo,agentes,votos
1,3.551e-06,1,0
2,3.809e-06,2,0
3,6.171e-06,3,0
4,9.596e-06,4,0
5,1.3711e-05,5,0
6,1.93e-05,6,0
7,2.5347e-05,7,0
8,3.2451e-05,8,0
9,4.0993e-05,9,0
10,4.9913e-05,10,0
11,6.0803e-05,11,0
12,7.2677e-05,12,0
13,8.5679e-05,13,0
14,0.000100435,14,0
15,0.000149449,15,0
16,0.00014712,16,0
17,0.000152598,17,0
18,0.000171388,18,0
19,0.000194087,19,0
20,0.00021852,20,0
