tam,tiempo,agentes,votos
1,3.675e-06,1,0
2,3.969e-06,2,0
3,6.22e-06,3,0
4,9.565e-06,4,0
5,1.376e-05,5,0
6,1.9384e-05,6,0
7,2.5373e-05,7,0
8,3.2646e-05,8,0
9,4.0859e-05,9,0
10,4.9838e-05,10,0
11,6.0544e-05,11,0
12,7.2893e-05,12,0
13,8.6123e-05,13,0
14,0.000100186,14,0
15,0.000116679,15,0
16,0.000133568,16,0
17,0.000152609,17,0
18,0.000172472,18,0
19,0.000209004,19,0
20,0.000228309,20,0
