tam,tiempo,agentes,votos
1,3.887e-06,1,0
2,3.997e-06,2,0
3,6.154e-06,3,0
4,9.645e-06,4,0
5,1.3525e-05,5,0
6,1.909e-05,6,0
7,4.0559e-05,7,0
8,4.6077e-05,8,0
9,4.0769e-05,9,0
10,5.0024e-05,10,0
11,6.0664e-05,11,0
12,7.3309e-05,12,0
13,8.59e-05,13,0
14,0.000100238,14,0
15,0.000116747,15,0
16,0.000133422,16,0
17,0.000153154,17,0
18,0.000189523,18,0
19,0.000252851,19,0
20,0.000217151,20,0
