tam,tiempo,agentes,votos
1,3.545e-06,1,0
2,4.064e-06,2,0
3,6.415e-06,3,0
4,9.98e-06,4,0
5,1.4422e-05,5,0
6,2.0135e-05,6,0
7,2.6538e-05,7,0
8,3.4062e-05,8,0
9,4.3163e-05,9,0
10,5.2426e-05,10,0
11,6.3661e-05,11,0
12,7.6404e-05,12,0
13,8.9898e-05,13,0
14,0.000105252,14,0
15,0.000122211,15,0
16,0.000139804,16,0
17,0.000160509,17,0
18,0.000180183,18,0
19,0.000203863,19,0
20,0.000244015,20,0
