tam,tiempo,agentes,votos
1,3.979e-06,1,0
2,4.094e-06,2,0
3,6.41e-06,3,0
4,1.009e-05,4,0
5,1.4334e-05,5,0
6,2.0013e-05,6,0
7,2.6598e-05,7,0
8,3.4007e-05,8,0
9,4.2829e-05,9,0
10,5.2512e-05,10,0
11,6.3487e-05,11,0
12,7.6152e-05,12,0
13,9.0075e-05,13,0
14,0.000105231,14,0
15,0.000122216,15,0
16,0.000139943,16,0
17,0.000160499,17,0
18,0.000180083,18,0
19,0.0002044,19,0
20,0.000231815,20,0
