tam,tiempo,agentes,votos
1,3.685e-06,1,0
2,4.086e-06,2,0
3,6.501e-06,3,0
4,9.932e-06,4,0
5,1.4461e-05,5,0
6,2.0152e-05,6,0
7,3.7742e-05,7,0
8,3.4314e-05,8,0
9,4.3088e-05,9,0
10,5.2595e-05,10,0
11,6.3712e-05,11,0
12,7.6504e-05,12,0
13,9.1008e-05,13,0
14,0.00010531,14,0
15,0.00012244,15,0
16,0.000140232,16,0
17,0.000159972,17,0
18,0.000180741,18,0
19,0.000203682,19,0
20,0.000228089,20,0
