tam,tiempo,agentes,votos
1,3.692e-06,1,0
2,3.975e-06,2,0
3,6.531e-06,3,0
4,9.983e-06,4,0
5,1.455e-05,5,0
6,2.0218e-05,6,0
7,2.6827e-05,7,0
8,3.3874e-05,8,0
9,4.2945e-05,9,0
10,5.2443e-05,10,0
11,6.3728e-05,11,0
12,7.638e-05,12,0
13,9.0641e-05,13,0
14,0.000105717,14,0
15,0.000121999,15,0
16,0.000139881,16,0
17,0.000160416,17,0
18,0.000180518,18,0
19,0.000203596,19,0
20,0.000236674,20,0
