tam,tiempo,agentes,votos
1,3.52e-06,1,0
2,3.844e-06,2,0
3,6.15e-06,3,0
4,9.666e-06,4,0
5,1.375e-05,5,0
6,1.9203e-05,6,0
7,2.5312e-05,7,0
8,3.251e-05,8,0
9,4.0923e-05,9,0
10,4.9718e-05,10,0
11,6.0853e-05,11,0
12,0.000101858,12,0
13,8.5736e-05,13,0
14,0.00010041,14,0
15,0.000117128,15,0
16,0.00013339,16,0
17,0.000152908,17,0
18,0.000209309,18,0
19,0.00022314,19,0
20,0.000216977,20,0
