tam,tiempo,agentes,votos
1,3.837e-06,1,0
2,4.058e-06,2,0
3,6.482e-06,3,0
4,1.0032e-05,4,0
5,1.4565e-05,5,0
6,2.0031e-05,6,0
7,2.6702e-05,7,0
8,3.4063e-05,8,0
9,4.3186e-05,9,0
10,5.2992e-05,10,0
11,6.3875e-05,11,0
12,7.7104e-05,12,0
13,9.105e-05,13,0
14,0.000105339,14,0
15,0.00012242,15,0
16,0.000140442,16,0
17,0.000160428,17,0
18,0.000180244,18,0
19,0.000203451,19,0
20,0.00022774,20,0
