tam,tiempo,agentes,votos
1,3.419e-06,1,0
2,4.018e-06,2,0
3,6.46e-06,3,0
4,9.996e-06,4,0
5,1.4313e-05,5,0
6,2.0073e-05,6,0
7,2.663e-05,7,0
8,3.4278e-05,8,0
9,5.3055e-05,9,0
10,5.25e-05,10,0
11,6.3548e-05,11,0
12,7.6139e-05,12,0
13,8.993e-05,13,0
14,0.000105228,14,0
15,0.000122198,15,0
16,0.00013959,16,0
17,0.000160082,17,0
18,0.000180417,18,0
19,0.000204543,19,0
20,0.000229299,20,0
