tam,tiempo,agentes,votos
1,3.766e-06,1,0
2,4.097e-06,2,0
3,6.509e-06,3,0
4,1.0013e-05,4,0
5,1.4407e-05,5,0
6,2.0131e-05,6,0
7,2.6677e-05,7,0
8,3.4126e-05,8,0
9,4.2859e-05,9,0
10,5.2279e-05,10,0
11,6.372e-05,11,0
12,7.6464e-05,12,0
13,8.9923e-05,13,0
14,0.000105127,14,0
15,0.000122143,15,0
16,0.000139926,16,0
17,0.000159998,17,0
18,0.00017986,18,0
19,0.000203291,19,0
20,0.000228021,20,0
