tam,tiempo,agentes,votos
1,3.928e-06,1,0
2,4.154e-06,2,0
3,6.69e-06,3,0
4,1.0108e-05,4,0
5,1.4607e-05,5,0
6,2.0067e-05,6,0
7,2.695e-05,7,0
8,3.4324e-05,8,0
9,4.2994e-05,9,0
10,5.2632e-05,10,0
11,6.4008e-05,11,0
12,7.6976e-05,12,0
13,9.0496e-05,13,0
14,0.00010629,14,0
15,0.000122952,15,0
16,0.000140518,16,0
17,0.00018261,17,0
18,0.000180553,18,0
19,0.000204116,19,0
20,0.00024492,20,0
