tam,tiempo,agentes,votos
1,3.713e-06,1,0
2,4.029e-06,2,0
3,6.457e-06,3,0
4,1.008e-05,4,0
5,1.4398e-05,5,0
6,2.0162e-05,6,0
7,2.6514e-05,7,0
8,4.4342e-05,8,0
9,4.2958e-05,9,0
10,5.2368e-05,10,0
11,6.366e-05,11,0
12,7.6654e-05,12,0
13,8.9862e-05,13,0
14,0.000104922,14,0
15,0.00012198,15,0
16,0.00013975,16,0
17,0.000160333,17,0
18,0.000179958,18,0
19,0.000203336,19,0
20,0.000227893,20,0
