tam,tiempo,agentes,votos
1,3.78e-06,1,0
2,4.09e-06,2,0
3,6.483e-06,3,0
4,9.938e-06,4,0
5,1.4249e-05,5,0
6,2.0212e-05,6,0
7,2.6629e-05,7,0
8,3.4162e-05,8,0
9,4.2978e-05,9,0
10,5.2578e-05,10,0
11,6.3557e-05,11,0
12,7.6539e-05,12,0
13,9.0306e-05,13,0
14,0.000105139,14,0
15,0.000122153,15,0
16,0.000139692,16,0
17,0.000159611,17,0
18,0.00018076,18,0
19,0.00020476,19,0
20,0.000238251,20,0
