tam,tiempo,agentes,votos
1,3.961e-06,1,0
2,4.171e-06,2,0
3,6.617e-06,3,0
4,1.021e-05,4,0
5,1.4278e-05,5,0
6,2.5253e-05,6,0
7,2.7119e-05,7,0
8,3.9816e-05,8,0
9,4.382e-05,9,0
10,6.5394e-05,10,0
11,6.37e-05,11,0
12,7.7399e-05,12,0
13,9.0589e-05,13,0
14,0.000106296,14,0
15,0.000122929,15,0
16,0.000141234,16,0
17,0.000161255,17,0
18,0.000184953,18,0
19,0.000205591,19,0
20,0.000228722,20,0
