tam,tiempo,agentes,votos
1,3.851e-06,1,0
2,4.031e-06,2,0
3,6.459e-06,3,0
4,1.0049e-05,4,0
5,1.4661e-05,5,0
6,2.0048e-05,6,0
7,2.6843e-05,7,0
8,3.4378e-05,8,0
9,4.3224e-05,9,0
10,5.2894e-05,10,0
11,6.3969e-05,11,0
12,7.6749e-05,12,0
13,8.9997e-05,13,0
14,0.000105394,14,0
15,0.000122331,15,0
16,0.0001401,16,0
17,0.000161295,17,0
18,0.000181103,18,0
19,0.000204753,19,0
20,0.000233655,20,0
