tam,tiempo,agentes,votos
1,3.776e-06,1,0
2,4.079e-06,2,0
3,6.583e-06,3,0
4,1.0146e-05,4,0
5,1.4462e-05,5,0
6,2.0005e-05,6,0
7,2.655e-05,7,0
8,3.8374e-05,8,0
9,4.2974e-05,9,0
10,5.2557e-05,10,0
11,6.3846e-05,11,0
12,7.6862e-05,12,0
13,9.0271e-05,13,0
14,0.000105603,14,0
15,0.000122447,15,0
16,0.000139463,16,0
17,0.000160638,17,0
18,0.000180162,18,0
19,0.00020341,19,0
20,0.000227786,20,0
