tam,tiempo,agentes,votos
1,4.131e-06,1,0
2,4.09e-06,2,0
3,6.482e-06,3,0
4,1.0112e-05,4,0
5,1.4237e-05,5,0
6,2.0178e-05,6,0
7,2.7125e-05,7,0
8,3.4102e-05,8,0
9,4.3018e-05,9,0
10,5.2609e-05,10,0
11,6.3557e-05,11,0
12,7.676e-05,12,0
13,9.0039e-05,13,0
14,0.000105567,14,0
15,0.000122123,15,0
16,0.000139498,16,0
17,0.000160386,17,0
18,0.00018009,18,0
19,0.000203139,19,0
20,0.000244131,20,0
