tam,tiempo,agentes,votos
1,3.647e-06,1,0
2,4.112e-06,2,0
3,6.455e-06,3,0
4,1.0084e-05,4,0
5,1.4171e-05,5,0
6,2.0094e-05,6,0
7,2.6861e-05,7,0
8,3.4118e-05,8,0
9,4.3059e-05,9,0
10,5.2496e-05,10,0
11,6.3697e-05,11,0
12,7.6569e-05,12,0
13,8.9829e-05,13,0
14,0.000106357,14,0
15,0.000122292,15,0
16,0.000139614,16,0
17,0.000160137,17,0
18,0.000186044,18,0
19,0.000208185,19,0
20,0.000227436,20,0
