tam,tiempo,agentes,votos
1,3.638e-06,1,0
2,4.057e-06,2,0
3,6.532e-06,3,0
4,1.0027e-05,4,0
5,1.4366e-05,5,0
6,2.0225e-05,6,0
7,2.6775e-05,7,0
8,3.4209e-05,8,0
9,4.291e-05,9,0
10,5.2495e-05,10,0
11,6.3662e-05,11,0
12,7.6449e-05,12,0
13,8.9889e-05,13,0
14,0.00010553,14,0
15,0.000122352,15,0
16,0.000139859,16,0
17,0.000160062,17,0
18,0.000180467,18,0
19,0.000203191,19,0
20,0.000241712,20,0
