tam,tiempo,agentes,votos
1,3.755e-06,1,0
2,4.113e-06,2,0
3,6.393e-06,3,0
4,1.0097e-05,4,0
5,1.4432e-05,5,0
6,1.9996e-05,6,0
7,2.6667e-05,7,0
8,3.411e-05,8,0
9,4.327e-05,9,0
10,5.2857e-05,10,0
11,6.3472e-05,11,0
12,7.6774e-05,12,0
13,8.9816e-05,13,0
14,0.000106094,14,0
15,0.000122476,15,0
16,0.000140445,16,0
17,0.000160682,17,0
18,0.000180602,18,0
19,0.000203927,19,0
20,0.00022806,20,0
