tam,tiempo,agentes,votos
1,3.837e-06,1,0
2,4.107e-06,2,0
3,6.553e-06,3,0
4,1.0054e-05,4,0
5,2.7019e-05,5,0
6,2.0223e-05,6,0
7,2.672e-05,7,0
8,3.414e-05,8,0
9,4.3132e-05,9,0
10,5.263e-05,10,0
11,6.4834e-05,11,0
12,7.6532e-05,12,0
13,9.0274e-05,13,0
14,0.000105287,14,0
15,0.000127322,15,0
16,0.00014199,16,0
17,0.000159702,17,0
18,0.000180064,18,0
19,0.000204178,19,0
20,0.000228044,20,0
