tam,tiempo,agentes,votos
1,3.815e-06,1,0
2,4.033e-06,2,0
3,6.556e-06,3,0
4,1.0026e-05,4,0
5,1.4464e-05,5,0
6,2.0117e-05,6,0
7,2.6443e-05,7,0
8,3.398e-05,8,0
9,4.2828e-05,9,0
10,5.2499e-05,10,0
11,6.422e-05,11,0
12,7.6328e-05,12,0
13,9.0305e-05,13,0
14,0.000105358,14,0
15,0.000122605,15,0
16,0.000140154,16,0
17,0.000160527,17,0
18,0.000180206,18,0
19,0.000214986,19,0
20,0.000228368,20,0
