tam,tiempo,agentes,votos
1,3.721e-06,1,0
2,4.092e-06,2,0
3,6.468e-06,3,0
4,1.0981e-05,4,0
5,1.4563e-05,5,0
6,2.0208e-05,6,0
7,2.6663e-05,7,0
8,3.4243e-05,8,0
9,4.3235e-05,9,0
10,5.2362e-05,10,0
11,6.4515e-05,11,0
12,7.675e-05,12,0
13,8.9894e-05,13,0
14,0.000104939,14,0
15,0.000122353,15,0
16,0.000139923,16,0
17,0.000159709,17,0
18,0.000180395,18,0
19,0.000210758,19,0
20,0.000228295,20,0
