tam,tiempo,agentes,votos
1,3.903e-06,1,0
2,4.257e-06,2,0
3,6.526e-06,3,0
4,1.0149e-05,4,0
5,1.4256e-05,5,0
6,2.0103e-05,6,0
7,2.6693e-05,7,0
8,3.4329e-05,8,0
9,5.0603e-05,9,0
10,5.279e-05,10,0
11,6.4121e-05,11,0
12,7.7526e-05,12,0
13,9.0205e-05,13,0
14,0.0001053,14,0
15,0.000122573,15,0
16,0.000140032,16,0
17,0.000160506,17,0
18,0.0001866,18,0
19,0.000203543,19,0
20,0.000227609,20,0
