tam,tiempo,agentes,votos
1,3.83e-06,1,0
2,4.096e-06,2,0
3,6.543e-06,3,0
4,1.0013e-05,4,0
5,1.442e-05,5,0
6,2.018e-05,6,0
7,2.6589e-05,7,0
8,3.4161e-05,8,0
9,4.2941e-05,9,0
10,5.2307e-05,10,0
11,6.3695e-05,11,0
12,7.6638e-05,12,0
13,9.0128e-05,13,0
14,0.000104713,14,0
15,0.000122398,15,0
16,0.000139476,16,0
17,0.000159799,17,0
18,0.000180543,18,0
19,0.000232739,19,0
20,0.000228407,20,0
