tam,tiempo,agentes,votos
1,3.727e-06,1,0
2,4.15e-06,2,0
3,6.547e-06,3,0
4,1.0947e-05,4,0
5,1.4967e-05,5,0
6,2.0162e-05,6,0
7,2.6802e-05,7,0
8,3.4092e-05,8,0
9,4.3058e-05,9,0
10,5.2582e-05,10,0
11,6.3673e-05,11,0
12,7.7015e-05,12,0
13,8.9831e-05,13,0
14,0.000105168,14,0
15,0.000122166,15,0
16,0.000139396,16,0
17,0.000159616,17,0
18,0.000180511,18,0
19,0.000203391,19,0
20,0.000228281,20,0
