tam,tiempo,agentes,votos
1,3.695e-06,1,0
2,3.982e-06,2,0
3,6.446e-06,3,0
4,1.0056e-05,4,0
5,1.453e-05,5,0
6,2.0403e-05,6,0
7,2.6986e-05,7,0
8,3.4265e-05,8,0
9,4.3274e-05,9,0
10,5.2352e-05,10,0
11,6.3347e-05,11,0
12,7.6854e-05,12,0
13,9.0155e-05,13,0
14,0.000105146,14,0
15,0.000122239,15,0
16,0.000140352,16,0
17,0.000160788,17,0
18,0.000180488,18,0
19,0.000215557,19,0
20,0.000228085,20,0
