tam,tiempo,agentes,votos
1,4.455e-06,1,0
2,4.188e-06,2,0
3,6.54e-06,3,0
4,1.0095e-05,4,0
5,1.4153e-05,5,0
6,2.0153e-05,6,0
7,2.6663e-05,7,0
8,3.3957e-05,8,0
9,4.2955e-05,9,0
10,5.2164e-05,10,0
11,6.3997e-05,11,0
12,7.6255e-05,12,0
13,9.0321e-05,13,0
14,0.000109307,14,0
15,0.000122448,15,0
16,0.000139273,16,0
17,0.00015969,17,0
18,0.00018021,18,0
19,0.000203335,19,0
20,0.00022738,20,0
