tam,tiempo,agentes,votos
1,3.991e-06,1,0
2,4.135e-06,2,0
3,6.559e-06,3,0
4,9.987e-06,4,0
5,1.4523e-05,5,0
6,2.0009e-05,6,0
7,2.6596e-05,7,0
8,3.3955e-05,8,0
9,4.3e-05,9,0
10,5.2566e-05,10,0
11,6.3562e-05,11,0
12,7.6296e-05,12,0
13,9.0265e-05,13,0
14,0.000104976,14,0
15,0.000122474,15,0
16,0.000139905,16,0
17,0.000159652,17,0
18,0.000179625,18,0
19,0.000204343,19,0
20,0.000227794,20,0
