tam,tiempo,agentes,votos
1,3.885e-06,1,0
2,4.109e-06,2,0
3,6.478e-06,3,0
4,1.0061e-05,4,0
5,1.4376e-05,5,0
6,2.0044e-05,6,0
7,2.6693e-05,7,0
8,3.4073e-05,8,0
9,4.2994e-05,9,0
10,5.251e-05,10,0
11,6.3357e-05,11,0
12,7.7333e-05,12,0
13,9.0214e-05,13,0
14,0.000105438,14,0
15,0.000123119,15,0
16,0.000139879,16,0
17,0.000160192,17,0
18,0.000179993,18,0
19,0.000212465,19,0
20,0.000228802,20,0
