tam,tiempo,agentes,votos
1,3.654e-06,1,0
2,4.152e-06,2,0
3,6.616e-06,3,0
4,1.0026e-05,4,0
5,1.4367e-05,5,0
6,2.0163e-05,6,0
7,2.667e-05,7,0
8,3.4017e-05,8,0
9,4.3053e-05,9,0
10,5.2528e-05,10,0
11,6.3486e-05,11,0
12,7.6414e-05,12,0
13,8.9667e-05,13,0
14,0.000105285,14,0
15,0.000122354,15,0
16,0.000140081,16,0
17,0.00016045,17,0
18,0.000180142,18,0
19,0.000203317,19,0
20,0.000227437,20,0
