tam,tiempo,agentes,votos
1,3.73e-06,1,0
2,4.068e-06,2,0
3,6.522e-06,3,0
4,1.0167e-05,4,0
5,1.435e-05,5,0
6,2.0565e-05,6,0
7,2.6827e-05,7,0
8,3.4291e-05,8,0
9,4.3056e-05,9,0
10,5.2611e-05,10,0
11,6.4571e-05,11,0
12,7.6422e-05,12,0
13,9.008e-05,13,0
14,0.000105167,14,0
15,0.000127819,15,0
16,0.000150111,16,0
17,0.000160249,17,0
18,0.000180417,18,0
19,0.00020429,19,0
20,0.000228028,20,0
