tam,tiempo,agentes,votos
1,3.733e-06,1,0
2,4.126e-06,2,0
3,6.565e-06,3,0
4,1.0046e-05,4,0
5,1.4147e-05,5,0
6,2.0193e-05,6,0
7,2.673e-05,7,0
8,3.4203e-05,8,0
9,4.2943e-05,9,0
10,5.2414e-05,10,0
11,6.3435e-05,11,0
12,7.6737e-05,12,0
13,9.0035e-05,13,0
14,0.000105044,14,0
15,0.000122355,15,0
16,0.000139709,16,0
17,0.000159881,17,0
18,0.000180127,18,0
19,0.000207477,19,0
20,0.000228065,20,0
