tam,tiempo,agentes,votos
1,3.669e-06,1,0
2,4.062e-06,2,0
3,6.504e-06,3,0
4,9.916e-06,4,0
5,1.4485e-05,5,0
6,2.0174e-05,6,0
7,2.6641e-05,7,0
8,3.4085e-05,8,0
9,4.3148e-05,9,0
10,5.2578e-05,10,0
11,6.3293e-05,11,0
12,7.6552e-05,12,0
13,9.0024e-05,13,0
14,0.000105423,14,0
15,0.000122596,15,0
16,0.000140383,16,0
17,0.000160235,17,0
18,0.000180924,18,0
19,0.000204015,19,0
20,0.000236966,20,0
