tam,tiempo,agentes,votos
1,4.224e-06,1,0
2,4.158e-06,2,0
3,6.456e-06,3,0
4,9.961e-06,4,0
5,1.4361e-05,5,0
6,2.0212e-05,6,0
7,2.6781e-05,7,0
8,3.4396e-05,8,0
9,4.2784e-05,9,0
10,5.2389e-05,10,0
11,6.3761e-05,11,0
12,7.6932e-05,12,0
13,8.9829e-05,13,0
14,0.000105235,14,0
15,0.000122068,15,0
16,0.000140086,16,0
17,0.000159669,17,0
18,0.000179953,18,0
19,0.000203105,19,0
20,0.0002279,20,0
