tam,tiempo,agentes,votos
1,3.855e-06,1,0
2,4.129e-06,2,0
3,6.559e-06,3,0
4,1.0066e-05,4,0
5,1.4261e-05,5,0
6,2.0258e-05,6,0
7,2.6788e-05,7,0
8,3.4349e-05,8,0
9,4.3126e-05,9,0
10,5.2529e-05,10,0
11,6.3531e-05,11,0
12,7.6283e-05,12,0
13,8.9723e-05,13,0
14,0.000105937,14,0
15,0.000122353,15,0
16,0.000140102,16,0
17,0.000160281,17,0
18,0.000180876,18,0
19,0.000218903,19,0
20,0.000229415,20,0
