tam,tiempo,agentes,votos
1,3.807e-06,1,0
2,4.096e-06,2,0
3,6.496e-06,3,0
4,1.0036e-05,4,0
5,1.4388e-05,5,0
6,2.0121e-05,6,0
7,2.668e-05,7,0
8,3.4032e-05,8,0
9,4.2831e-05,9,0
10,5.212e-05,10,0
11,7.1502e-05,11,0
12,8.1087e-05,12,0
13,9.6063e-05,13,0
14,0.000105384,14,0
15,0.00012176,15,0
16,0.00013966,16,0
17,0.000160727,17,0
18,0.000180337,18,0
19,0.000203502,19,0
20,0.000228495,20,0
