tam,tiempo,agentes,votos
1,3.933e-06,1,0
2,4.016e-06,2,0
3,6.458e-06,3,0
4,1.0041e-05,4,0
5,1.4315e-05,5,0
6,2.0136e-05,6,0
7,2.6566e-05,7,0
8,3.4074e-05,8,0
9,4.326e-05,9,0
10,5.2431e-05,10,0
11,6.3671e-05,11,0
12,7.6618e-05,12,0
13,9.0012e-05,13,0
14,0.000150493,14,0
15,0.000178805,15,0
16,0.000157291,16,0
17,0.000161453,17,0
18,0.000180199,18,0
19,0.000203871,19,0
20,0.00022834,20,0
