tam,tiempo,agentes,votos
1,3.751e-06,1,0
2,4.092e-06,2,0
3,6.575e-06,3,0
4,1.0089e-05,4,0
5,1.4243e-05,5,0
6,2.0173e-05,6,0
7,2.6675e-05,7,0
8,3.4246e-05,8,0
9,4.2935e-05,9,0
10,5.2036e-05,10,0
11,6.3651e-05,11,0
12,7.6402e-05,12,0
13,9.0295e-05,13,0
14,0.000105146,14,0
15,0.000122375,15,0
16,0.000139809,16,0
17,0.000160849,17,0
18,0.000188517,18,0
19,0.000203422,19,0
20,0.000228136,20,0
