tam,tiempo,agentes,votos
1,3.86e-06,1,0
2,4.089e-06,2,0
3,6.51e-06,3,0
4,9.91e-06,4,0
5,1.4502e-05,5,0
6,2.012e-05,6,0
7,2.6534e-05,7,0
8,3.4451e-05,8,0
9,4.2915e-05,9,0
10,5.2467e-05,10,0
11,6.3731e-05,11,0
12,7.6593e-05,12,0
13,9.0051e-05,13,0
14,0.000105153,14,0
15,0.000122319,15,0
16,0.00013984,16,0
17,0.000160469,17,0
18,0.000180349,18,0
19,0.00020346,19,0
20,0.000228025,20,0
