tam,tiempo,agentes,votos
1,3.97e-06,1,0
2,3.96e-06,2,0
3,6.285e-06,3,0
4,9.626e-06,4,0
5,2.8194e-05,5,0
6,2.0127e-05,6,0
7,3.902e-05,7,0
8,3.2646e-05,8,0
9,4.1135e-05,9,0
10,5.005e-05,10,0
11,6.0516e-05,11,0
12,7.2735e-05,12,0
13,8.5759e-05,13,0
14,0.000100285,14,0
15,0.000116712,15,0
16,0.000133675,16,0
17,0.000152286,17,0
18,0.000171726,18,0
19,0.000194711,19,0
20,0.000216732,20,0
