tam,tiempo,agentes,votos
1,3.481e-06,1,0
2,3.809e-06,2,0
3,6.215e-06,3,0
4,9.69e-06,4,0
5,1.3744e-05,5,0
6,1.9199e-05,6,0
7,2.5432e-05,7,0
8,3.2453e-05,8,0
9,5.563e-05,9,0
10,5.2658e-05,10,0
11,6.382e-05,11,0
12,7.6526e-05,12,0
13,9.0049e-05,13,0
14,0.000105136,14,0
15,0.000144907,15,0
16,0.000140092,16,0
17,0.000159866,17,0
18,0.000187488,18,0
19,0.000209627,19,0
20,0.000232691,20,0
