tam,tiempo,agentes,votos
1,3.978e-06,1,0
2,4.22e-06,2,0
3,6.532e-06,3,0
4,1.0122e-05,4,0
5,1.4361e-05,5,0
6,2.0329e-05,6,0
7,2.6704e-05,7,0
8,3.4095e-05,8,0
9,4.6294e-05,9,0
10,6.2958e-05,10,0
11,8.3272e-05,11,0
12,0.000107342,12,0
13,0.000123304,13,0
14,0.000125089,14,0
15,0.000162249,15,0
16,0.000155893,16,0
17,0.00016069,17,0
18,0.000180486,18,0
19,0.000204201,19,0
20,0.000228484,20,0
