tam,tiempo,agentes,votos
1,3.658e-06,1,0
2,3.901e-06,2,0
3,6.167e-06,3,0
4,9.579e-06,4,0
5,1.3689e-05,5,0
6,1.9173e-05,6,0
7,2.5347e-05,7,0
8,3.2475e-05,8,0
9,4.0918e-05,9,0
10,4.9848e-05,10,0
11,6.0468e-05,11,0
12,7.2923e-05,12,0
13,8.5851e-05,13,0
14,0.000100036,14,0
15,0.000116976,15,0
16,0.000133512,16,0
17,0.000152793,17,0
18,0.000171817,18,0
19,0.00019393,19,0
20,0.000217486,20,0
