tam,tiempo,agentes,votos
1,3.67e-06,1,0
2,3.884e-06,2,0
3,6.131e-06,3,0
4,9.437e-06,4,0
5,1.3788e-05,5,0
6,1.9334e-05,6,0
7,2.5231e-05,7,0
8,3.2361e-05,8,0
9,4.0846e-05,9,0
10,5.0014e-05,10,0
11,6.0706e-05,11,0
12,7.2842e-05,12,0
13,8.5927e-05,13,0
14,0.000100234,14,0
15,0.000131512,15,0
16,0.000139947,16,0
17,0.000160111,17,0
18,0.00018055,18,0
19,0.000208526,19,0
20,0.000217249,20,0
