tam,tiempo,agentes,votos
1,3.775e-06,1,0
2,4.172e-06,2,0
3,6.501e-06,3,0
4,1.009e-05,4,0
5,1.4432e-05,5,0
6,2.0014e-05,6,0
7,2.6514e-05,7,0
8,3.4053e-05,8,0
9,4.3097e-05,9,0
10,5.2338e-05,10,0
11,6.406e-05,11,0
12,7.6691e-05,12,0
13,9.0149e-05,13,0
14,0.000105459,14,0
15,0.000122504,15,0
16,0.000139748,16,0
17,0.000160449,17,0
18,0.000180494,18,0
19,0.000210089,19,0
20,0.000228516,20,0
