tam,tiempo,agentes,votos
1,3.729e-06,1,0
2,4.074e-06,2,0
3,6.455e-06,3,0
4,1.0107e-05,4,0
5,1.4411e-05,5,0
6,2.0188e-05,6,0
7,2.6503e-05,7,0
8,3.4264e-05,8,0
9,4.3082e-05,9,0
10,5.2646e-05,10,0
11,6.3392e-05,11,0
12,7.6387e-05,12,0
13,9.0453e-05,13,0
14,0.000105434,14,0
15,0.000122581,15,0
16,0.000140457,16,0
17,0.000160833,17,0
18,0.00018043,18,0
19,0.000203622,19,0
20,0.00022805,20,0
