tam,tiempo,agentes,votos
1,3.754e-06,1,0
2,4.045e-06,2,0
3,6.52e-06,3,0
4,9.978e-06,4,0
5,1.4463e-05,5,0
6,1.9988e-05,6,0
7,2.6549e-05,7,0
8,3.409e-05,8,0
9,4.2942e-05,9,0
10,5.2348e-05,10,0
11,6.3582e-05,11,0
12,7.6632e-05,12,0
13,9.0452e-05,13,0
14,0.000105412,14,0
15,0.000122154,15,0
16,0.000139875,16,0
17,0.000160493,17,0
18,0.000193529,18,0
19,0.000203984,19,0
20,0.000227831,20,0
