tam,tiempo,agentes,votos
1,3.734e-06,1,0
2,3.99e-06,2,0
3,6.518e-06,3,0
4,9.953e-06,4,0
5,1.4392e-05,5,0
6,2.0015e-05,6,0
7,2.6542e-05,7,0
8,3.4263e-05,8,0
9,4.3168e-05,9,0
10,5.2457e-05,10,0
11,6.3759e-05,11,0
12,7.6733e-05,12,0
13,8.9986e-05,13,0
14,0.000105553,14,0
15,0.00012246,15,0
16,0.000140035,16,0
17,0.00015989,17,0
18,0.000180219,18,0
19,0.000204028,19,0
20,0.000228877,20,0
