tam,tiempo,agentes,votos
1,3.793e-06,1,0
2,4.113e-06,2,0
3,6.531e-06,3,0
4,9.892e-06,4,0
5,1.4457e-05,5,0
6,2.0193e-05,6,0
7,2.6416e-05,7,0
8,3.401e-05,8,0
9,4.3181e-05,9,0
10,5.2489e-05,10,0
11,6.3769e-05,11,0
12,7.6481e-05,12,0
13,9.0078e-05,13,0
14,0.000105109,14,0
15,0.000122253,15,0
16,0.000140479,16,0
17,0.000160102,17,0
18,0.000180442,18,0
19,0.000203283,19,0
20,0.000227922,20,0
