tam,tiempo,agentes,votos
1,3.754e-06,1,0
2,4.111e-06,2,0
3,6.489e-06,3,0
4,1.0027e-05,4,0
5,1.4212e-05,5,0
6,2.0088e-05,6,0
7,2.6762e-05,7,0
8,3.3991e-05,8,0
9,4.2999e-05,9,0
10,5.2495e-05,10,0
11,6.3757e-05,11,0
12,7.6575e-05,12,0
13,9.0179e-05,13,0
14,0.000105165,14,0
15,0.000148723,15,0
16,0.000182487,16,0
17,0.000190106,17,0
18,0.000180165,18,0
19,0.000203461,19,0
20,0.000228116,20,0
