tam,tiempo,agentes,votos
1,3.626e-06,1,0
2,4.087e-06,2,0
3,6.55e-06,3,0
4,9.952e-06,4,0
5,1.4531e-05,5,0
6,2.017e-05,6,0
7,2.6647e-05,7,0
8,3.3968e-05,8,0
9,4.2953e-05,9,0
10,5.2496e-05,10,0
11,6.3621e-05,11,0
12,7.664e-05,12,0
13,8.9898e-05,13,0
14,0.000105417,14,0
15,0.000122155,15,0
16,0.000139963,16,0
17,0.00015995,17,0
18,0.000180774,18,0
19,0.000208239,19,0
20,0.000227998,20,0
