tam,tiempo,agentes,votos
1,3.876e-06,1,0
2,4.14e-06,2,0
3,6.541e-06,3,0
4,1.0097e-05,4,0
5,1.4298e-05,5,0
6,2.0234e-05,6,0
7,2.6739e-05,7,0
8,3.4139e-05,8,0
9,4.3201e-05,9,0
10,5.2545e-05,10,0
11,6.367e-05,11,0
12,0.00012171,12,0
13,9.0286e-05,13,0
14,0.000124847,14,0
15,0.000124604,15,0
16,0.000141763,16,0
17,0.000160419,17,0
18,0.000179821,18,0
19,0.000210358,19,0
20,0.00022818,20,0
