tam,tiempo,agentes,votos
1,3.601e-06,1,0
2,4.113e-06,2,0
3,6.643e-06,3,0
4,1.0024e-05,4,0
5,1.431e-05,5,0
6,2.5946e-05,6,0
7,2.6664e-05,7,0
8,3.4222e-05,8,0
9,4.3097e-05,9,0
10,5.2728e-05,10,0
11,6.3742e-05,11,0
12,7.6644e-05,12,0
13,8.9836e-05,13,0
14,0.0001061,14,0
15,0.000122173,15,0
16,0.000140262,16,0
17,0.000159881,17,0
18,0.000179937,18,0
19,0.000204122,19,0
20,0.000227534,20,0
