tam,tiempo,agentes,votos
1,3.654e-06,1,0
2,3.994e-06,2,0
3,6.554e-06,3,0
4,9.937e-06,4,0
5,1.4101e-05,5,0
6,2.0179e-05,6,0
7,2.672e-05,7,0
8,3.4258e-05,8,0
9,4.2937e-05,9,0
10,5.2349e-05,10,0
11,6.3663e-05,11,0
12,7.6386e-05,12,0
13,9.0003e-05,13,0
14,0.000104768,14,0
15,0.000122246,15,0
16,0.000140007,16,0
17,0.000160426,17,0
18,0.000179847,18,0
19,0.000215967,19,0
20,0.000227592,20,0
