tam,tiempo,agentes,votos
1,3.826e-06,1,0
2,4.152e-06,2,0
3,6.58e-06,3,0
4,1.0015e-05,4,0
5,1.45e-05,5,0
6,2.0408e-05,6,0
7,2.6684e-05,7,0
8,3.4039e-05,8,0
9,4.3279e-05,9,0
10,5.2614e-05,10,0
11,6.3797e-05,11,0
12,7.6538e-05,12,0
13,8.9905e-05,13,0
14,0.000105756,14,0
15,0.000122056,15,0
16,0.000140164,16,0
17,0.000162874,17,0
18,0.000180148,18,0
19,0.000203374,19,0
20,0.000227984,20,0
