tam,tiempo,agentes,votos
1,3.751e-06,1,0
2,4.288e-06,2,0
3,6.555e-06,3,0
4,1.0005e-05,4,0
5,1.4482e-05,5,0
6,2.0179e-05,6,0
7,2.6601e-05,7,0
8,3.4234e-05,8,0
9,4.3027e-05,9,0
10,5.2699e-05,10,0
11,6.3683e-05,11,0
12,7.6376e-05,12,0
13,9.1203e-05,13,0
14,0.000105738,14,0
15,0.000122815,15,0
16,0.000139746,16,0
17,0.000160431,17,0
18,0.000180488,18,0
19,0.000203752,19,0
20,0.000228282,20,0
