tam,tiempo,agentes,votos
1,3.686e-06,1,0
2,4.111e-06,2,0
3,6.522e-06,3,0
4,9.989e-06,4,0
5,1.4344e-05,5,0
6,2.781e-05,6,0
7,2.7079e-05,7,0
8,3.4251e-05,8,0
9,4.317e-05,9,0
10,5.271e-05,10,0
11,6.3571e-05,11,0
12,7.6308e-05,12,0
13,8.9956e-05,13,0
14,0.000105555,14,0
15,0.000122984,15,0
16,0.000141395,16,0
17,0.000160417,17,0
18,0.000180281,18,0
19,0.000204074,19,0
20,0.000227964,20,0
