tam,tiempo,agentes,votos
1,3.825e-06,1,0
2,4.129e-06,2,0
3,6.568e-06,3,0
4,1.0039e-05,4,0
5,1.4548e-05,5,0
6,2.0222e-05,6,0
7,2.6685e-05,7,0
8,3.4227e-05,8,0
9,4.2992e-05,9,0
10,5.2773e-05,10,0
11,6.39e-05,11,0
12,7.7039e-05,12,0
13,9.1185e-05,13,0
14,0.000105566,14,0
15,0.00012224,15,0
16,0.000140379,16,0
17,0.000160662,17,0
18,0.000180335,18,0
19,0.000203977,19,0
20,0.000227734,20,0
