tam,tiempo,agentes,votos
1,3.845e-06,1,0
2,4.239e-06,2,0
3,6.546e-06,3,0
4,1.0023e-05,4,0
5,1.4216e-05,5,0
6,2.0065e-05,6,0
7,2.6783e-05,7,0
8,3.407e-05,8,0
9,4.3103e-05,9,0
10,5.2494e-05,10,0
11,6.3712e-05,11,0
12,7.7616e-05,12,0
13,9.0058e-05,13,0
14,0.000105509,14,0
15,0.000122469,15,0
16,0.000140144,16,0
17,0.000174527,17,0
18,0.000180493,18,0
19,0.000213782,19,0
20,0.000228349,20,0
