tam,tiempo,agentes,votos
1,3.868e-06,1,0
2,4.014e-06,2,0
3,6.514e-06,3,0
4,1.0016e-05,4,0
5,1.4497e-05,5,0
6,3.2418e-05,6,0
7,2.6777e-05,7,0
8,3.4027e-05,8,0
9,4.2912e-05,9,0
10,5.2486e-05,10,0
11,6.3603e-05,11,0
12,7.677e-05,12,0
13,9.0174e-05,13,0
14,0.000104874,14,0
15,0.000122179,15,0
16,0.000139774,16,0
17,0.000160569,17,0
18,0.000179932,18,0
19,0.000203705,19,0
20,0.000227971,20,0
