tam,tiempo,agentes,votos
1,3.865e-06,1,0
2,4.1e-06,2,0
3,6.563e-06,3,0
4,1.0055e-05,4,0
5,1.436e-05,5,0
6,2.0331e-05,6,0
7,2.6534e-05,7,0
8,3.4219e-05,8,0
9,4.2956e-05,9,0
10,5.244e-05,10,0
11,6.3594e-05,11,0
12,7.6488e-05,12,0
13,9.014e-05,13,0
14,0.000110221,14,0
15,0.000122395,15,0
16,0.000139977,16,0
17,0.000160379,17,0
18,0.000181534,18,0
19,0.000207173,19,0
20,0.000228217,20,0
