tam,tiempo,agentes,votos
1,3.652e-06,1,0
2,4.068e-06,2,0
3,6.558e-06,3,0
4,1.0061e-05,4,0
5,1.4219e-05,5,0
6,2.0208e-05,6,0
7,2.6679e-05,7,0
8,3.4257e-05,8,0
9,4.2991e-05,9,0
10,5.6732e-05,10,0
11,6.3929e-05,11,0
12,8.3568e-05,12,0
13,9.0137e-05,13,0
14,0.000105521,14,0
15,0.000122365,15,0
16,0.00014607,16,0
17,0.000159958,17,0
18,0.000179982,18,0
19,0.000205329,19,0
20,0.000228193,20,0
