tam,tiempo,agentes,votos
1,3.799e-06,1,0
2,4.079e-06,2,0
3,6.568e-06,3,0
4,9.988e-06,4,0
5,1.4333e-05,5,0
6,2.0206e-05,6,0
7,2.6687e-05,7,0
8,3.4063e-05,8,0
9,4.3084e-05,9,0
10,5.2688e-05,10,0
11,6.3515e-05,11,0
12,7.6373e-05,12,0
13,9.1116e-05,13,0
14,0.000105006,14,0
15,0.000128933,15,0
16,0.000140294,16,0
17,0.000159532,17,0
18,0.000179977,18,0
19,0.000205894,19,0
20,0.000227902,20,0
