tam,tiempo,agentes,votos
1,3.761e-06,1,0
2,4.137e-06,2,0
3,6.491e-06,3,0
4,1.009e-05,4,0
5,1.4515e-05,5,0
6,2.0149e-05,6,0
7,2.6686e-05,7,0
8,3.4191e-05,8,0
9,4.3208e-05,9,0
10,5.2575e-05,10,0
11,6.3769e-05,11,0
12,7.6508e-05,12,0
13,9.0225e-05,13,0
14,0.000105178,14,0
15,0.000122309,15,0
16,0.000139817,16,0
17,0.000160633,17,0
18,0.000180199,18,0
19,0.000203232,19,0
20,0.000228176,20,0
