tam,tiempo,agentes,votos
1,3.733e-06,1,0
2,4.244e-06,2,0
3,6.549e-06,3,0
4,1.0053e-05,4,0
5,2.0445e-05,5,0
6,2.0148e-05,6,0
7,2.6657e-05,7,0
8,3.4186e-05,8,0
9,4.3187e-05,9,0
10,5.2815e-05,10,0
11,6.3577e-05,11,0
12,7.652e-05,12,0
13,9.1572e-05,13,0
14,0.000105479,14,0
15,0.000139372,15,0
16,0.000140446,16,0
17,0.000160288,17,0
18,0.000180387,18,0
19,0.000203725,19,0
20,0.00022811,20,0
