tam,tiempo,agentes,votos
1,3.72e-06,1,0
2,4.168e-06,2,0
3,6.564e-06,3,0
4,1.0059e-05,4,0
5,1.4197e-05,5,0
6,2.0309e-05,6,0
7,2.6752e-05,7,0
8,3.4151e-05,8,0
9,4.3158e-05,9,0
10,5.2565e-05,10,0
11,6.383e-05,11,0
12,7.6547e-05,12,0
13,9.0007e-05,13,0
14,0.000105013,14,0
15,0.000121874,15,0
16,0.000139321,16,0
17,0.000160752,17,0
18,0.000179754,18,0
19,0.000203844,19,0
20,0.000227408,20,0
