tam,tiempo,agentes,votos
1,3.74e-06,1,0
2,4.063e-06,2,0
3,6.507e-06,3,0
4,9.926e-06,4,0
5,1.4148e-05,5,0
6,2.0263e-05,6,0
7,2.677e-05,7,0
8,3.4064e-05,8,0
9,4.3136e-05,9,0
10,5.2562e-05,10,0
11,6.3415e-05,11,0
12,7.7275e-05,12,0
13,9.011e-05,13,0
14,0.000105018,14,0
15,0.000122193,15,0
16,0.000139572,16,0
17,0.000160205,17,0
18,0.000189863,18,0
19,0.000203662,19,0
20,0.000227803,20,0
