tam,tiempo,agentes,votos
1,3.767e-06,1,0
2,4.079e-06,2,0
3,6.575e-06,3,0
4,1.0253e-05,4,0
5,1.4224e-05,5,0
6,2.0189e-05,6,0
7,2.6481e-05,7,0
8,3.4106e-05,8,0
9,4.2797e-05,9,0
10,5.2626e-05,10,0
11,6.3346e-05,11,0
12,7.6273e-05,12,0
13,8.9828e-05,13,0
14,0.000105404,14,0
15,0.000122268,15,0
16,0.000140108,16,0
17,0.000159791,17,0
18,0.000179629,18,0
19,0.000203913,19,0
20,0.000228788,20,0
