tam,tiempo,agentes,votos
1,3.895e-06,1,0
2,4.22e-06,2,0
3,6.56e-06,3,0
4,1.0104e-05,4,0
5,1.4502e-05,5,0
6,2.0319e-05,6,0
7,2.6682e-05,7,0
8,3.4294e-05,8,0
9,4.3118e-05,9,0
10,5.2325e-05,10,0
11,6.3594e-05,11,0
12,7.6539e-05,12,0
13,9.0151e-05,13,0
14,0.000106416,14,0
15,0.000122175,15,0
16,0.000140406,16,0
17,0.000171405,17,0
18,0.000180896,18,0
19,0.000203998,19,0
20,0.00022833,20,0
