tam,tiempo,agentes,votos
1,3.849e-06,1,0
2,4.096e-06,2,0
3,6.493e-06,3,0
4,1.0028e-05,4,0
5,1.4487e-05,5,0
6,2.0421e-05,6,0
7,2.6513e-05,7,0
8,3.4014e-05,8,0
9,4.3095e-05,9,0
10,5.2656e-05,10,0
11,6.3643e-05,11,0
12,7.6256e-05,12,0
13,9.0141e-05,13,0
14,0.000105203,14,0
15,0.000122169,15,0
16,0.00013982,16,0
17,0.000160943,17,0
18,0.000180557,18,0
19,0.00020403,19,0
20,0.000227774,20,0
