tam,tiempo,agentes,votos
1,3.762e-06,1,0
2,4.048e-06,2,0
3,6.533e-06,3,0
4,1.0042e-05,4,0
5,1.4385e-05,5,0
6,2.0054e-05,6,0
7,2.6698e-05,7,0
8,3.415e-05,8,0
9,4.3022e-05,9,0
10,5.2423e-05,10,0
11,6.3764e-05,11,0
12,7.6674e-05,12,0
13,9.0083e-05,13,0
14,0.00010501,14,0
15,0.000122355,15,0
16,0.000139703,16,0
17,0.000160168,17,0
18,0.000180369,18,0
19,0.000209519,19,0
20,0.000237321,20,0
