tam,tiempo,agentes,votos
1,3.928e-06,1,0
2,4.159e-06,2,0
3,6.515e-06,3,0
4,1.0136e-05,4,0
5,1.4348e-05,5,0
6,2.0268e-05,6,0
7,2.6752e-05,7,0
8,3.4288e-05,8,0
9,4.2962e-05,9,0
10,5.2764e-05,10,0
11,6.3949e-05,11,0
12,7.6754e-05,12,0
13,9.0353e-05,13,0
14,0.00010528,14,0
15,0.000122256,15,0
16,0.000139818,16,0
17,0.000159973,17,0
18,0.000180675,18,0
19,0.000203676,19,0
20,0.000228968,20,0
