tam,tiempo,agentes,votos
1,3.886e-06,1,0
2,4.23e-06,2,0
3,6.436e-06,3,0
4,1.0129e-05,4,0
5,1.4289e-05,5,0
6,2.0054e-05,6,0
7,2.667e-05,7,0
8,3.4265e-05,8,0
9,4.3024e-05,9,0
10,5.2451e-05,10,0
11,6.3642e-05,11,0
12,7.7772e-05,12,0
13,8.9846e-05,13,0
14,0.000105248,14,0
15,0.00012227,15,0
16,0.000140236,16,0
17,0.000160488,17,0
18,0.000180023,18,0
19,0.000203084,19,0
20,0.000227839,20,0
