tam,tiempo,agentes,votos
1,3.8e-06,1,0
2,4.065e-06,2,0
3,6.487e-06,3,0
4,9.964e-06,4,0
5,1.4415e-05,5,0
6,2.0134e-05,6,0
7,2.6937e-05,7,0
8,3.4358e-05,8,0
9,4.345e-05,9,0
10,5.2871e-05,10,0
11,6.3756e-05,11,0
12,7.6725e-05,12,0
13,9.0226e-05,13,0
14,0.000106406,14,0
15,0.000122592,15,0
16,0.000139644,16,0
17,0.000160348,17,0
18,0.000179952,18,0
19,0.000209999,19,0
20,0.000227595,20,0
