tam,tiempo,agentes,votos
1,4.305e-06,1,0
2,4.187e-06,2,0
3,6.549e-06,3,0
4,1.0077e-05,4,0
5,1.4385e-05,5,0
6,2.028e-05,6,0
7,2.6827e-05,7,0
8,3.4375e-05,8,0
9,4.328e-05,9,0
10,5.2498e-05,10,0
11,6.3885e-05,11,0
12,7.6798e-05,12,0
13,9.0599e-05,13,0
14,0.000105537,14,0
15,0.000122447,15,0
16,0.000140497,16,0
17,0.000159647,17,0
18,0.000180188,18,0
19,0.00020375,19,0
20,0.000227989,20,0
