tam,tiempo,agentes,votos
1,3.716e-06,1,0
2,4.104e-06,2,0
3,6.522e-06,3,0
4,1.0057e-05,4,0
5,1.439e-05,5,0
6,2.0023e-05,6,0
7,2.6624e-05,7,0
8,3.4146e-05,8,0
9,4.3014e-05,9,0
10,5.2548e-05,10,0
11,6.351e-05,11,0
12,7.6774e-05,12,0
13,9.0037e-05,13,0
14,0.000105579,14,0
15,0.000122191,15,0
16,0.000139871,16,0
17,0.000172654,17,0
18,0.00018065,18,0
19,0.00020534,19,0
20,0.000228442,20,0
