tam,tiempo,agentes,votos
1,3.909e-06,1,0
2,4.16e-06,2,0
3,6.611e-06,3,0
4,1.0011e-05,4,0
5,1.4357e-05,5,0
6,2.0192e-05,6,0
7,2.6857e-05,7,0
8,3.4326e-05,8,0
9,4.3026e-05,9,0
10,5.2766e-05,10,0
11,6.379e-05,11,0
12,7.6718e-05,12,0
13,9.0162e-05,13,0
14,0.00010622,14,0
15,0.000124629,15,0
16,0.00014588,16,0
17,0.000162321,17,0
18,0.000180192,18,0
19,0.000203567,19,0
20,0.000228601,20,0
