tam,tiempo,agentes,votos
1,3.721e-06,1,0
2,4.096e-06,2,0
3,6.581e-06,3,0
4,1.0006e-05,4,0
5,1.438e-05,5,0
6,2.0258e-05,6,0
7,2.6931e-05,7,0
8,3.4352e-05,8,0
9,4.3046e-05,9,0
10,5.2722e-05,10,0
11,6.3751e-05,11,0
12,7.6509e-05,12,0
13,9.1203e-05,13,0
14,0.000105316,14,0
15,0.000122622,15,0
16,0.000140303,16,0
17,0.000160126,17,0
18,0.000180178,18,0
19,0.000203912,19,0
20,0.000227568,20,0
