tam,tiempo,agentes,votos
1,3.732e-06,1,0
2,4.07e-06,2,0
3,6.556e-06,3,0
4,1.0016e-05,4,0
5,1.4245e-05,5,0
6,2.0086e-05,6,0
7,2.6606e-05,7,0
8,3.4043e-05,8,0
9,4.2806e-05,9,0
10,5.2544e-05,10,0
11,6.3655e-05,11,0
12,7.6477e-05,12,0
13,9.0183e-05,13,0
14,0.000105017,14,0
15,0.000130099,15,0
16,0.000139798,16,0
17,0.000160008,17,0
18,0.000180457,18,0
19,0.00020321,19,0
20,0.000227915,20,0
