tam,tiempo,agentes,votos
1,3.564e-06,1,0
2,3.831e-06,2,0
3,6.205e-06,3,0
4,9.559e-06,4,0
5,1.3698e-05,5,0
6,1.9226e-05,6,0
7,2.5347e-05,7,0
8,3.2519e-05,8,0
9,4.0913e-05,9,0
10,4.977e-05,10,0
11,6.0746e-05,11,0
12,7.2859e-05,12,0
13,0.000111412,13,0
14,0.000114105,14,0
15,0.000116642,15,0
16,0.000132948,16,0
17,0.000152652,17,0
18,0.000190214,18,0
19,0.000203878,19,0
20,0.000228501,20,0
