tam,tiempo,agentes,votos
1,3.733e-06,1,0
2,4.166e-06,2,0
3,6.508e-06,3,0
4,1.0163e-05,4,0
5,1.4416e-05,5,0
6,1.9982e-05,6,0
7,2.6571e-05,7,0
8,3.3891e-05,8,0
9,4.3114e-05,9,0
10,6.2136e-05,10,0
11,6.3837e-05,11,0
12,9.0171e-05,12,0
13,9.0013e-05,13,0
14,0.000105165,14,0
15,0.000122019,15,0
16,0.000139905,16,0
17,0.00016374,17,0
18,0.000229988,18,0
19,0.000270054,19,0
20,0.000272032,20,0
