tam,tiempo,agentes,votos
1,3.784e-06,1,0
2,4.116e-06,2,0
3,6.461e-06,3,0
4,9.953e-06,4,0
5,1.4429e-05,5,0
6,2.0023e-05,6,0
7,2.6498e-05,7,0
8,3.4044e-05,8,0
9,4.2805e-05,9,0
10,5.2545e-05,10,0
11,6.3643e-05,11,0
12,7.6256e-05,12,0
13,9.0082e-05,13,0
14,0.000104964,14,0
15,0.000122225,15,0
16,0.000139833,16,0
17,0.000160859,17,0
18,0.00018068,18,0
19,0.000204292,19,0
20,0.000229114,20,0
