tam,tiempo,agentes,votos
1,3.558e-06,1,0
2,3.992e-06,2,0
3,6.484e-06,3,0
4,9.998e-06,4,0
5,1.4382e-05,5,0
6,1.9983e-05,6,0
7,2.6547e-05,7,0
8,3.4133e-05,8,0
9,4.3033e-05,9,0
10,5.6927e-05,10,0
11,6.3611e-05,11,0
12,7.6467e-05,12,0
13,9.0304e-05,13,0
14,0.000105048,14,0
15,0.000122339,15,0
16,0.000139647,16,0
17,0.000160257,17,0
18,0.000180297,18,0
19,0.000203515,19,0
20,0.000227341,20,0
