tam,tiempo,agentes,votos
1,3.674e-06,1,0
2,2.3917e-05,2,0
3,6.523e-06,3,0
4,9.892e-06,4,0
5,2.6531e-05,5,0
6,1.931e-05,6,0
7,2.5322e-05,7,0
8,3.2775e-05,8,0
9,4.6772e-05,9,0
10,6.525e-05,10,0
11,8.9808e-05,11,0
12,0.000150681,12,0
13,0.000124944,13,0
14,0.000144072,14,0
15,0.000151025,15,0
16,0.000140749,16,0
17,0.000160756,17,0
18,0.000216662,18,0
19,0.000194833,19,0
20,0.000218131,20,0
