tam,tiempo,agentes,votos
1,3.655e-06,1,0
2,4.175e-06,2,0
3,6.549e-06,3,0
4,1.0095e-05,4,0
5,1.4586e-05,5,0
6,2.0112e-05,6,0
7,2.6552e-05,7,0
8,3.4196e-05,8,0
9,4.311e-05,9,0
10,5.2514e-05,10,0
11,6.402e-05,11,0
12,7.6558e-05,12,0
13,9.0157e-05,13,0
14,0.000105397,14,0
15,0.00012327,15,0
16,0.000140451,16,0
17,0.0001605,17,0
18,0.000180584,18,0
19,0.000204023,19,0
20,0.000228406,20,0
