tam,tiempo,agentes,votos
1,3.672e-06,1,0
2,4.069e-06,2,0
3,6.581e-06,3,0
4,1.0048e-05,4,0
5,1.4516e-05,5,0
6,2.0104e-05,6,0
7,2.662e-05,7,0
8,3.4153e-05,8,0
9,4.3203e-05,9,0
10,5.257e-05,10,0
11,6.3725e-05,11,0
12,7.7057e-05,12,0
13,9.0137e-05,13,0
14,0.000105661,14,0
15,0.000122291,15,0
16,0.000140058,16,0
17,0.000160279,17,0
18,0.000179905,18,0
19,0.000203874,19,0
20,0.000228298,20,0
