tam,tiempo,agentes,votos
1,3.554e-06,1,0
2,3.989e-06,2,0
3,6.526e-06,3,0
4,1.0012e-05,4,0
5,1.4194e-05,5,0
6,2.0074e-05,6,0
7,2.6557e-05,7,0
8,3.401e-05,8,0
9,4.285e-05,9,0
10,5.3059e-05,10,0
11,6.3487e-05,11,0
12,7.6348e-05,12,0
13,9.0064e-05,13,0
14,0.000105021,14,0
15,0.000122194,15,0
16,0.000140349,16,0
17,0.000160327,17,0
18,0.00018009,18,0
19,0.000203275,19,0
20,0.000228191,20,0
