tam,tiempo,agentes,votos
1,3.843e-06,1,0
2,4.289e-06,2,0
3,6.491e-06,3,0
4,1.0001e-05,4,0
5,1.432e-05,5,0
6,2.0399e-05,6,0
7,2.658e-05,7,0
8,3.4018e-05,8,0
9,4.3003e-05,9,0
10,5.2474e-05,10,0
11,6.3554e-05,11,0
12,7.6816e-05,12,0
13,8.9884e-05,13,0
14,0.00010506,14,0
15,0.000122345,15,0
16,0.000139885,16,0
17,0.000160414,17,0
18,0.000180291,18,0
19,0.000203567,19,0
20,0.000227644,20,0
