tam,tiempo,agentes,votos
1,3.665e-06,1,0
2,4.078e-06,2,0
3,6.507e-06,3,0
4,1.0137e-05,4,0
5,1.4459e-05,5,0
6,2.023e-05,6,0
7,2.6677e-05,7,0
8,3.4164e-05,8,0
9,4.2988e-05,9,0
10,5.2361e-05,10,0
11,6.3484e-05,11,0
12,8.8375e-05,12,0
13,0.000112573,13,0
14,0.000132101,14,0
15,0.000163582,15,0
16,0.000173828,16,0
17,0.000160656,17,0
18,0.000182158,18,0
19,0.000203737,19,0
20,0.000227938,20,0
