tam,tiempo,agentes,votos
1,4.683e-06,1,0
2,5.602e-06,2,0
3,9.215e-06,3,0
4,1.2153e-05,4,0
5,1.4276e-05,5,0
6,2.0086e-05,6,0
7,2.655e-05,7,0
8,3.4047e-05,8,0
9,4.3156e-05,9,0
10,5.2552e-05,10,0
11,6.373e-05,11,0
12,7.977e-05,12,0
13,0.000104847,13,0
14,0.000105673,14,0
15,0.000122239,15,0
16,0.000139968,16,0
17,0.000160072,17,0
18,0.00018052,18,0
19,0.00020354,19,0
20,0.000228077,20,0
