tam,tiempo,agentes,votos
1,3.62e-06,1,0
2,4.044e-06,2,0
3,6.529e-06,3,0
4,1.0127e-05,4,0
5,1.4367e-05,5,0
6,2.0294e-05,6,0
7,2.6595e-05,7,0
8,3.4169e-05,8,0
9,4.3243e-05,9,0
10,5.2486e-05,10,0
11,6.3664e-05,11,0
12,8.0146e-05,12,0
13,8.9943e-05,13,0
14,0.000105153,14,0
15,0.000122348,15,0
16,0.000139812,16,0
17,0.00016042,17,0
18,0.000180207,18,0
19,0.000203209,19,0
20,0.000228242,20,0
