tam,tiempo,agentes,votos
1,3.608e-06,1,0
2,4.143e-06,2,0
3,6.581e-06,3,0
4,9.898e-06,4,0
5,1.4423e-05,5,0
6,2.0121e-05,6,0
7,2.674e-05,7,0
8,3.4177e-05,8,0
9,4.3115e-05,9,0
10,5.2382e-05,10,0
11,6.3906e-05,11,0
12,7.6632e-05,12,0
13,9.0155e-05,13,0
14,0.000105171,14,0
15,0.00012247,15,0
16,0.000140019,16,0
17,0.000160764,17,0
18,0.000180073,18,0
19,0.00020387,19,0
20,0.000228298,20,0
