tam,tiempo,agentes,votos
1,3.675e-06,1,0
2,4.165e-06,2,0
3,6.54e-06,3,0
4,9.989e-06,4,0
5,1.4291e-05,5,0
6,2.0187e-05,6,0
7,2.6771e-05,7,0
8,3.4029e-05,8,0
9,4.2872e-05,9,0
10,5.2331e-05,10,0
11,6.367e-05,11,0
12,7.6359e-05,12,0
13,9.0083e-05,13,0
14,0.000105351,14,0
15,0.000122155,15,0
16,0.000139728,16,0
17,0.000160074,17,0
18,0.000181307,18,0
19,0.00020372,19,0
20,0.000228831,20,0
