tam,tiempo,agentes,votos
1,3.842e-06,1,0
2,4.114e-06,2,0
3,6.541e-06,3,0
4,1.0004e-05,4,0
5,1.438e-05,5,0
6,2.0243e-05,6,0
7,2.659e-05,7,0
8,3.3897e-05,8,0
9,4.3249e-05,9,0
10,5.2503e-05,10,0
11,6.3839e-05,11,0
12,7.6429e-05,12,0
13,9.0127e-05,13,0
14,0.000104885,14,0
15,0.000122102,15,0
16,0.000150259,16,0
17,0.000160116,17,0
18,0.000180033,18,0
19,0.000203707,19,0
20,0.000227983,20,0
