tam,tiempo,agentes,votos
1,3.604e-06,1,0
2,4.161e-06,2,0
3,6.48e-06,3,0
4,1.0079e-05,4,0
5,1.4282e-05,5,0
6,2.0192e-05,6,0
7,2.6857e-05,7,0
8,3.4325e-05,8,0
9,4.2953e-05,9,0
10,5.2509e-05,10,0
11,6.3658e-05,11,0
12,7.6754e-05,12,0
13,8.9966e-05,13,0
14,0.000104888,14,0
15,0.00012362,15,0
16,0.00013988,16,0
17,0.00016035,17,0
18,0.000180203,18,0
19,0.000203428,19,0
20,0.000227897,20,0
