tam,tiempo,agentes,votos
1,3.637e-06,1,0
2,4.143e-06,2,0
3,6.599e-06,3,0
4,1.0107e-05,4,0
5,1.4231e-05,5,0
6,2.0211e-05,6,0
7,2.6838e-05,7,0
8,3.434e-05,8,0
9,4.3271e-05,9,0
10,5.2596e-05,10,0
11,7.3545e-05,11,0
12,7.7671e-05,12,0
13,8.9831e-05,13,0
14,0.000105211,14,0
15,0.00012264,15,0
16,0.000141064,16,0
17,0.000160313,17,0
18,0.000180589,18,0
19,0.000203844,19,0
20,0.00022794,20,0
