tam,tiempo,agentes,votos
1,3.672e-06,1,0
2,4.134e-06,2,0
3,6.428e-06,3,0
4,1.0039e-05,4,0
5,1.419e-05,5,0
6,2.0149e-05,6,0
7,2.6643e-05,7,0
8,3.3988e-05,8,0
9,4.3215e-05,9,0
10,5.2382e-05,10,0
11,6.3398e-05,11,0
12,7.6727e-05,12,0
13,9.0486e-05,13,0
14,0.00010512,14,0
15,0.00012896,15,0
16,0.000140291,16,0
17,0.000160981,17,0
18,0.000181137,18,0
19,0.000203635,19,0
20,0.000232365,20,0
