tam,tiempo,agentes,votos
1,3.866e-06,1,0
2,4.15e-06,2,0
3,6.574e-06,3,0
4,1.007e-05,4,0
5,1.4548e-05,5,0
6,2.0165e-05,6,0
7,2.6513e-05,7,0
8,3.4162e-05,8,0
9,4.3066e-05,9,0
10,5.263e-05,10,0
11,6.3396e-05,11,0
12,7.6577e-05,12,0
13,9.02e-05,13,0
14,0.000105219,14,0
15,0.000122395,15,0
16,0.00013973,16,0
17,0.000159878,17,0
18,0.000180318,18,0
19,0.000203564,19,0
20,0.000227765,20,0
