tam,tiempo,agentes,votos
1,3.872e-06,1,0
2,4.079e-06,2,0
3,6.462e-06,3,0
4,1.0011e-05,4,0
5,1.4405e-05,5,0
6,2.0224e-05,6,0
7,2.6782e-05,7,0
8,3.4161e-05,8,0
9,5.4295e-05,9,0
10,5.2667e-05,10,0
11,6.3555e-05,11,0
12,7.6876e-05,12,0
13,8.9954e-05,13,0
14,0.000105107,14,0
15,0.000122567,15,0
16,0.000140183,16,0
17,0.000160294,17,0
18,0.00017967,18,0
19,0.000203695,19,0
20,0.000228096,20,0
