tam,tiempo,agentes,votos
1,3.759e-06,1,0
2,4.032e-06,2,0
3,6.517e-06,3,0
4,1.0003e-05,4,0
5,1.4497e-05,5,0
6,2.0156e-05,6,0
7,2.6634e-05,7,0
8,3.4227e-05,8,0
9,4.7467e-05,9,0
10,5.2608e-05,10,0
11,6.3829e-05,11,0
12,7.6428e-05,12,0
13,9.0012e-05,13,0
14,0.000105462,14,0
15,0.000122462,15,0
16,0.000140086,16,0
17,0.000179549,17,0
18,0.000242782,18,0
19,0.000206227,19,0
20,0.00022799,20,0
