tam,tiempo,agentes,votos
1,4.031e-06,1,0
2,4.177e-06,2,0
3,6.499e-06,3,0
4,9.987e-06,4,0
5,1.4458e-05,5,0
6,2.0078e-05,6,0
7,2.6641e-05,7,0
8,3.416e-05,8,0
9,4.306e-05,9,0
10,5.2634e-05,10,0
11,6.3716e-05,11,0
12,7.6472e-05,12,0
13,9.0441e-05,13,0
14,0.000105651,14,0
15,0.00012342,15,0
16,0.000140086,16,0
17,0.000161148,17,0
18,0.000180321,18,0
19,0.000213962,19,0
20,0.000228306,20,0
