tam,tiempo,agentes,votos
1,4.007e-06,1,0
2,4.543e-06,2,0
3,7.255e-06,3,0
4,1.1162e-05,4,0
5,1.5833e-05,5,0
6,2.2741e-05,6,0
7,2.9611e-05,7,0
8,3.7912e-05,8,0
9,4.7626e-05,9,0
10,5.7903e-05,10,0
11,6.9899e-05,11,0
12,8.4287e-05,12,0
13,9.851e-05,13,0
14,0.000114479,14,0
15,0.000132637,15,0
16,0.00015227,16,0
17,0.000174586,17,0
18,0.000195328,18,0
19,0.000219476,19,0
20,0.000246702,20,0
