tam,tiempo,agentes,votos
1,3.704e-06,1,0
2,4.079e-06,2,0
3,6.603e-06,3,0
4,1.0106e-05,4,0
5,1.438e-05,5,0
6,2.0187e-05,6,0
7,2.6682e-05,7,0
8,3.471e-05,8,0
9,5.2202e-05,9,0
10,5.5468e-05,10,0
11,6.3672e-05,11,0
12,7.7194e-05,12,0
13,8.9975e-05,13,0
14,0.000105099,14,0
15,0.000122474,15,0
16,0.000140136,16,0
17,0.000160264,17,0
18,0.000180384,18,0
19,0.000203224,19,0
20,0.000228246,20,0
