tam,tiempo,agentes,votos
1,3.582e-06,1,0
2,4.006e-06,2,0
3,6.568e-06,3,0
4,1.0061e-05,4,0
5,1.4226e-05,5,0
6,2.0366e-05,6,0
7,2.663e-05,7,0
8,3.3969e-05,8,0
9,4.2874e-05,9,0
10,5.2569e-05,10,0
11,6.3495e-05,11,0
12,7.6336e-05,12,0
13,8.989e-05,13,0
14,0.000105239,14,0
15,0.000136219,15,0
16,0.000141835,16,0
17,0.00016131,17,0
18,0.000197444,18,0
19,0.000203754,19,0
20,0.000228294,20,0
