tam,tiempo,agentes,votos
1,3.81e-06,1,0
2,4.135e-06,2,0
3,6.598e-06,3,0
4,9.942e-06,4,0
5,1.4477e-05,5,0
6,2.029e-05,6,0
7,2.688e-05,7,0
8,3.3898e-05,8,0
9,4.2731e-05,9,0
10,5.2282e-05,10,0
11,6.3813e-05,11,0
12,7.6704e-05,12,0
13,0.000125271,13,0
14,0.000121972,14,0
15,0.000122918,15,0
16,0.000144915,16,0
17,0.000170735,17,0
18,0.000180589,18,0
19,0.000204012,19,0
20,0.000255656,20,0
