tam,tiempo,agentes,votos
1,3.783e-06,1,0
2,4.054e-06,2,0
3,6.498e-06,3,0
4,1.0215e-05,4,0
5,1.419e-05,5,0
6,2.0081e-05,6,0
7,2.6418e-05,7,0
8,3.4092e-05,8,0
9,4.3043e-05,9,0
10,5.2337e-05,10,0
11,6.377e-05,11,0
12,7.6408e-05,12,0
13,8.9701e-05,13,0
14,0.000108638,14,0
15,0.000123241,15,0
16,0.000139909,16,0
17,0.000160316,17,0
18,0.000180289,18,0
19,0.000204106,19,0
20,0.000228158,20,0
