tam,tiempo,agentes,votos
1,3.696e-06,1,0
2,4.069e-06,2,0
3,6.567e-06,3,0
4,1.0045e-05,4,0
5,1.422e-05,5,0
6,2.0296e-05,6,0
7,2.6807e-05,7,0
8,3.416e-05,8,0
9,4.3039e-05,9,0
10,5.2707e-05,10,0
11,6.3652e-05,11,0
12,7.6274e-05,12,0
13,9.1015e-05,13,0
14,0.00010555,14,0
15,0.000122417,15,0
16,0.000139964,16,0
17,0.000159933,17,0
18,0.000179911,18,0
19,0.000218915,19,0
20,0.000232852,20,0
