tam,tiempo,agentes,votos
1,3.708e-06,1,0
2,4.015e-06,2,0
3,6.533e-06,3,0
4,1.0088e-05,4,0
5,1.4482e-05,5,0
6,2.0228e-05,6,0
7,2.6692e-05,7,0
8,3.4005e-05,8,0
9,4.318e-05,9,0
10,5.2226e-05,10,0
11,6.404e-05,11,0
12,7.65e-05,12,0
13,9.0022e-05,13,0
14,0.000105309,14,0
15,0.00012199,15,0
16,0.000139855,16,0
17,0.000160469,17,0
18,0.000179839,18,0
19,0.000203014,19,0
20,0.000227698,20,0
