tam,tiempo,agentes,votos
1,3.87e-06,1,0
2,4.097e-06,2,0
3,6.68e-06,3,0
4,9.987e-06,4,0
5,1.4522e-05,5,0
6,2.0128e-05,6,0
7,2.6569e-05,7,0
8,3.4041e-05,8,0
9,4.3077e-05,9,0
10,5.2586e-05,10,0
11,6.3594e-05,11,0
12,7.6344e-05,12,0
13,9.0042e-05,13,0
14,0.000105252,14,0
15,0.000122198,15,0
16,0.000139679,16,0
17,0.000159611,17,0
18,0.000180954,18,0
19,0.000204392,19,0
20,0.000227994,20,0
