tam,tiempo,agentes,votos
1,3.729e-06,1,0
2,4.119e-06,2,0
3,6.587e-06,3,0
4,9.955e-06,4,0
5,1.4381e-05,5,0
6,2.0204e-05,6,0
7,2.6679e-05,7,0
8,3.4227e-05,8,0
9,4.2848e-05,9,0
10,5.24e-05,10,0
11,6.3912e-05,11,0
12,7.6609e-05,12,0
13,9.0107e-05,13,0
14,0.000104919,14,0
15,0.000122374,15,0
16,0.00013992,16,0
17,0.000159707,17,0
18,0.000180156,18,0
19,0.00021441,19,0
20,0.000227538,20,0
