tam,tiempo,agentes,votos
1,3.694e-06,1,0
2,4.172e-06,2,0
3,6.561e-06,3,0
4,1.004e-05,4,0
5,1.4487e-05,5,0
6,2.017e-05,6,0
7,2.6772e-05,7,0
8,3.4176e-05,8,0
9,4.2981e-05,9,0
10,5.229e-05,10,0
11,6.3764e-05,11,0
12,7.6932e-05,12,0
13,9.0297e-05,13,0
14,0.00010503,14,0
15,0.000122575,15,0
16,0.00013982,16,0
17,0.000160485,17,0
18,0.00017989,18,0
19,0.00020355,19,0
20,0.000227944,20,0
