tam,tiempo,agentes,votos
1,3.721e-06,1,0
2,4.027e-06,2,0
3,6.538e-06,3,0
4,1.0067e-05,4,0
5,1.4398e-05,5,0
6,2.0269e-05,6,0
7,2.6549e-05,7,0
8,3.4188e-05,8,0
9,4.9736e-05,9,0
10,5.2472e-05,10,0
11,6.3663e-05,11,0
12,7.6682e-05,12,0
13,9.0152e-05,13,0
14,0.000105676,14,0
15,0.000122228,15,0
16,0.000140149,16,0
17,0.000160074,17,0
18,0.000180264,18,0
19,0.000203272,19,0
20,0.000228558,20,0
