tam,tiempo,agentes,votos
1,3.942e-06,1,0
2,4.113e-06,2,0
3,6.522e-06,3,0
4,1.0005e-05,4,0
5,1.4376e-05,5,0
6,2.0116e-05,6,0
7,2.674e-05,7,0
8,3.4108e-05,8,0
9,4.3131e-05,9,0
10,5.2375e-05,10,0
11,6.3456e-05,11,0
12,7.6591e-05,12,0
13,8.9933e-05,13,0
14,0.000105303,14,0
15,0.000122445,15,0
16,0.000139816,16,0
17,0.000159877,17,0
18,0.000180149,18,0
19,0.00020351,19,0
20,0.000227564,20,0
