tam,tiempo,agentes,votos
1,3.77e-06,1,0
2,4.025e-06,2,0
3,6.533e-06,3,0
4,1.0138e-05,4,0
5,1.4443e-05,5,0
6,2.0137e-05,6,0
7,2.6829e-05,7,0
8,3.434e-05,8,0
9,4.3055e-05,9,0
10,5.2478e-05,10,0
11,6.3493e-05,11,0
12,7.6482e-05,12,0
13,9.0285e-05,13,0
14,0.000105405,14,0
15,0.000122231,15,0
16,0.000139996,16,0
17,0.000159773,17,0
18,0.000180072,18,0
19,0.000214496,19,0
20,0.000228168,20,0
