tam,tiempo,agentes,votos
1,3.735e-06,1,0
2,4.015e-06,2,0
3,6.485e-06,3,0
4,9.952e-06,4,0
5,1.4255e-05,5,0
6,2.0055e-05,6,0
7,2.6817e-05,7,0
8,3.4403e-05,8,0
9,4.2821e-05,9,0
10,5.239e-05,10,0
11,6.3624e-05,11,0
12,7.6021e-05,12,0
13,8.9783e-05,13,0
14,0.000105114,14,0
15,0.000123675,15,0
16,0.000140151,16,0
17,0.000159752,17,0
18,0.000180211,18,0
19,0.000203764,19,0
20,0.00022742,20,0
