tam,tiempo,agentes,votos
1,3.555e-06,1,0
2,4.022e-06,2,0
3,8.088e-06,3,0
4,1.018e-05,4,0
5,1.4323e-05,5,0
6,2.0146e-05,6,0
7,2.6763e-05,7,0
8,3.3953e-05,8,0
9,4.2932e-05,9,0
10,5.3009e-05,10,0
11,6.3471e-05,11,0
12,7.6329e-05,12,0
13,9.1027e-05,13,0
14,0.000105487,14,0
15,0.000122545,15,0
16,0.000140642,16,0
17,0.000159799,17,0
18,0.000180404,18,0
19,0.000204042,19,0
20,0.000228051,20,0
