tam,tiempo,agentes,votos
1,3.673e-06,1,0
2,4.133e-06,2,0
3,6.498e-06,3,0
4,9.971e-06,4,0
5,1.4542e-05,5,0
6,2.0094e-05,6,0
7,2.6543e-05,7,0
8,3.4186e-05,8,0
9,4.3139e-05,9,0
10,5.2525e-05,10,0
11,6.4126e-05,11,0
12,7.6586e-05,12,0
13,9.0197e-05,13,0
14,0.000105779,14,0
15,0.000123702,15,0
16,0.000140243,16,0
17,0.000160957,17,0
18,0.000181092,18,0
19,0.000209182,19,0
20,0.000228943,20,0
