tam,tiempo,agentes,votos
1,3.747e-06,1,0
2,4.102e-06,2,0
3,6.519e-06,3,0
4,1.0075e-05,4,0
5,1.4426e-05,5,0
6,2.0047e-05,6,0
7,2.6498e-05,7,0
8,3.4314e-05,8,0
9,4.301e-05,9,0
10,5.2577e-05,10,0
11,6.3512e-05,11,0
12,7.6488e-05,12,0
13,8.9962e-05,13,0
14,0.000104942,14,0
15,0.000121813,15,0
16,0.000148768,16,0
17,0.000160157,17,0
18,0.00018147,18,0
19,0.000203281,19,0
20,0.000227785,20,0
