tam,tiempo,agentes,votos
1,3.742e-06,1,0
2,4.047e-06,2,0
3,6.596e-06,3,0
4,1.0012e-05,4,0
5,1.6476e-05,5,0
6,2.0978e-05,6,0
7,2.8871e-05,7,0
8,4.4319e-05,8,0
9,4.2916e-05,9,0
10,5.2634e-05,10,0
11,6.3402e-05,11,0
12,7.6824e-05,12,0
13,9.008e-05,13,0
14,0.000105207,14,0
15,0.000122666,15,0
16,0.000139822,16,0
17,0.000160739,17,0
18,0.000180201,18,0
19,0.000203809,19,0
20,0.000228115,20,0
