tam,tiempo,agentes,votos
1,3.768e-06,1,0
2,4.079e-06,2,0
3,6.482e-06,3,0
4,9.996e-06,4,0
5,1.4497e-05,5,0
6,2.0091e-05,6,0
7,2.6565e-05,7,0
8,3.4057e-05,8,0
9,4.3062e-05,9,0
10,5.2739e-05,10,0
11,6.4688e-05,11,0
12,7.6528e-05,12,0
13,9.0258e-05,13,0
14,0.000105758,14,0
15,0.000122695,15,0
16,0.000140129,16,0
17,0.000160588,17,0
18,0.000180277,18,0
19,0.000203717,19,0
20,0.000257185,20,0
