tam,tiempo,agentes,votos
1,3.855e-06,1,0
2,4.18e-06,2,0
3,6.592e-06,3,0
4,1.0019e-05,4,0
5,1.4408e-05,5,0
6,2.0069e-05,6,0
7,2.6637e-05,7,0
8,3.4329e-05,8,0
9,4.3004e-05,9,0
10,5.2448e-05,10,0
11,6.3668e-05,11,0
12,7.76e-05,12,0
13,9.0091e-05,13,0
14,0.000105404,14,0
15,0.000122463,15,0
16,0.000140262,16,0
17,0.000160057,17,0
18,0.000180509,18,0
19,0.000203972,19,0
20,0.00022806,20,0
