tam,tiempo,agentes,votos
1,3.886e-06,1,0
2,4.209e-06,2,0
3,6.474e-06,3,0
4,1.0048e-05,4,0
5,1.4466e-05,5,0
6,2.0076e-05,6,0
7,2.6715e-05,7,0
8,3.4241e-05,8,0
9,4.294e-05,9,0
10,5.2307e-05,10,0
11,6.3671e-05,11,0
12,7.6899e-05,12,0
13,9.0564e-05,13,0
14,0.000105336,14,0
15,0.0001225,15,0
16,0.000139903,16,0
17,0.000160243,17,0
18,0.00017983,18,0
19,0.00020344,19,0
20,0.000227978,20,0
