tam,tiempo,agentes,votos
1,3.729e-06,1,0
2,4.019e-06,2,0
3,6.598e-06,3,0
4,1.0096e-05,4,0
5,1.4265e-05,5,0
6,2.0078e-05,6,0
7,2.6487e-05,7,0
8,3.4151e-05,8,0
9,4.2928e-05,9,0
10,5.2438e-05,10,0
11,6.4124e-05,11,0
12,7.6386e-05,12,0
13,9.0233e-05,13,0
14,0.000105295,14,0
15,0.000122487,15,0
16,0.000139922,16,0
17,0.000160392,17,0
18,0.000180353,18,0
19,0.000203675,19,0
20,0.000231598,20,0
