tam,tiempo,agentes,votos
1,3.765e-06,1,0
2,4.09e-06,2,0
3,6.442e-06,3,0
4,1.0025e-05,4,0
5,1.4284e-05,5,0
6,2.0192e-05,6,0
7,2.6841e-05,7,0
8,3.4202e-05,8,0
9,4.3014e-05,9,0
10,5.2596e-05,10,0
11,6.3592e-05,11,0
12,7.6469e-05,12,0
13,9.0373e-05,13,0
14,0.000105039,14,0
15,0.000123275,15,0
16,0.000140021,16,0
17,0.000160164,17,0
18,0.000180329,18,0
19,0.000203837,19,0
20,0.000227885,20,0
