tam,tiempo,agentes,votos
1,3.786e-06,1,0
2,4.104e-06,2,0
3,6.481e-06,3,0
4,9.976e-06,4,0
5,1.4352e-05,5,0
6,2.0037e-05,6,0
7,2.6849e-05,7,0
8,3.4114e-05,8,0
9,4.3078e-05,9,0
10,5.2411e-05,10,0
11,7.693e-05,11,0
12,7.6639e-05,12,0
13,9.0365e-05,13,0
14,0.000105609,14,0
15,0.000122617,15,0
16,0.000139968,16,0
17,0.000160352,17,0
18,0.000180415,18,0
19,0.000208486,19,0
20,0.000228095,20,0
