tam,tiempo,agentes,votos
1,3.763e-06,1,0
2,4.084e-06,2,0
3,6.591e-06,3,0
4,9.982e-06,4,0
5,1.4358e-05,5,0
6,2.0171e-05,6,0
7,2.7029e-05,7,0
8,3.4194e-05,8,0
9,4.3052e-05,9,0
10,5.251e-05,10,0
11,6.3565e-05,11,0
12,7.6682e-05,12,0
13,9.0156e-05,13,0
14,0.000105271,14,0
15,0.000122235,15,0
16,0.000140151,16,0
17,0.000159584,17,0
18,0.000180427,18,0
19,0.000203575,19,0
20,0.000232107,20,0
