tam,tiempo,agentes,votos
1,3.675e-06,1,0
2,3.991e-06,2,0
3,6.185e-06,3,0
4,9.623e-06,4,0
5,1.3577e-05,5,0
6,1.9061e-05,6,0
7,2.5209e-05,7,0
8,3.2596e-05,8,0
9,4.0639e-05,9,0
10,5.0185e-05,10,0
11,6.054e-05,11,0
12,7.2542e-05,12,0
13,8.5653e-05,13,0
14,9.9847e-05,14,0
15,0.00011627,15,0
16,0.000150583,16,0
17,0.000172954,17,0
18,0.00018618,18,0
19,0.000208783,19,0
20,0.000228578,20,0
