tam,tiempo,agentes,votos
1,3.692e-06,1,0
2,4.154e-06,2,0
3,6.512e-06,3,0
4,1.02e-05,4,0
5,1.4438e-05,5,0
6,2.018e-05,6,0
7,2.6645e-05,7,0
8,3.4091e-05,8,0
9,4.2946e-05,9,0
10,5.227e-05,10,0
11,6.3748e-05,11,0
12,7.698e-05,12,0
13,9.0014e-05,13,0
14,0.000105541,14,0
15,0.000122489,15,0
16,0.000140241,16,0
17,0.000160686,17,0
18,0.000180268,18,0
19,0.000203761,19,0
20,0.000228036,20,0
