tam,tiempo,agentes,votos
1,3.866e-06,1,0
2,4.179e-06,2,0
3,6.498e-06,3,0
4,1.0081e-05,4,0
5,1.4261e-05,5,0
6,2.0093e-05,6,0
7,2.6634e-05,7,0
8,3.4303e-05,8,0
9,4.3006e-05,9,0
10,5.234e-05,10,0
11,6.3796e-05,11,0
12,7.6077e-05,12,0
13,9.0111e-05,13,0
14,0.000105277,14,0
15,0.000122574,15,0
16,0.000143723,16,0
17,0.000161363,17,0
18,0.000180322,18,0
19,0.0002039,19,0
20,0.000227998,20,0
