tam,tiempo,agentes,votos
1,4.012e-06,1,0
2,4.163e-06,2,0
3,6.47e-06,3,0
4,1.0026e-05,4,0
5,1.4324e-05,5,0
6,2.006e-05,6,0
7,2.6896e-05,7,0
8,3.4192e-05,8,0
9,4.2911e-05,9,0
10,5.2497e-05,10,0
11,6.3776e-05,11,0
12,7.6352e-05,12,0
13,9.024e-05,13,0
14,0.000105145,14,0
15,0.000123033,15,0
16,0.000140663,16,0
17,0.000160156,17,0
18,0.000180803,18,0
19,0.000203998,19,0
20,0.000228039,20,0
