tam,tiempo,agentes,votos
1,3.811e-06,1,0
2,4.076e-06,2,0
3,6.612e-06,3,0
4,1.0171e-05,4,0
5,1.4465e-05,5,0
6,2.0292e-05,6,0
7,2.6699e-05,7,0
8,3.414e-05,8,0
9,4.2971e-05,9,0
10,5.2399e-05,10,0
11,6.3532e-05,11,0
12,7.6468e-05,12,0
13,8.9494e-05,13,0
14,0.000105179,14,0
15,0.000122039,15,0
16,0.000140001,16,0
17,0.000160288,17,0
18,0.000180317,18,0
19,0.000203453,19,0
20,0.000227505,20,0
