tam,tiempo,agentes,votos
1,3.739e-06,1,0
2,4.057e-06,2,0
3,6.477e-06,3,0
4,9.952e-06,4,0
5,1.4382e-05,5,0
6,2.0238e-05,6,0
7,2.6599e-05,7,0
8,3.4259e-05,8,0
9,4.2906e-05,9,0
10,5.2463e-05,10,0
11,6.3721e-05,11,0
12,7.6091e-05,12,0
13,9.0096e-05,13,0
14,0.000105136,14,0
15,0.000121888,15,0
16,0.000139534,16,0
17,0.000159612,17,0
18,0.000226522,18,0
19,0.000203919,19,0
20,0.000229229,20,0
