tam,tiempo,agentes,votos
1,3.741e-06,1,0
2,4.155e-06,2,0
3,6.53e-06,3,0
4,1.0159e-05,4,0
5,1.4284e-05,5,0
6,2.0396e-05,6,0
7,2.68e-05,7,0
8,3.4248e-05,8,0
9,4.3186e-05,9,0
10,5.2488e-05,10,0
11,6.3479e-05,11,0
12,7.6963e-05,12,0
13,9.0516e-05,13,0
14,0.000104648,14,0
15,0.000121946,15,0
16,0.000140199,16,0
17,0.000160236,17,0
18,0.00018014,18,0
19,0.000203171,19,0
20,0.000227836,20,0
