tam,tiempo,agentes,votos
1,3.813e-06,1,0
2,4.067e-06,2,0
3,6.551e-06,3,0
4,1.0137e-05,4,0
5,1.4424e-05,5,0
6,1.999e-05,6,0
7,2.691e-05,7,0
8,3.432e-05,8,0
9,4.3426e-05,9,0
10,5.2743e-05,10,0
11,6.3918e-05,11,0
12,7.6773e-05,12,0
13,9.0269e-05,13,0
14,0.000105164,14,0
15,0.000122209,15,0
16,0.000140889,16,0
17,0.000159786,17,0
18,0.000183686,18,0
19,0.000203991,19,0
20,0.000228296,20,0
