tam,tiempo,agentes,votos
1,3.722e-06,1,0
2,4.236e-06,2,0
3,6.597e-06,3,0
4,1.0135e-05,4,0
5,1.4405e-05,5,0
6,2.0065e-05,6,0
7,2.6621e-05,7,0
8,3.413e-05,8,0
9,4.313e-05,9,0
10,5.2462e-05,10,0
11,6.3867e-05,11,0
12,7.6894e-05,12,0
13,9.0005e-05,13,0
14,0.000105516,14,0
15,0.000122127,15,0
16,0.000140088,16,0
17,0.000160807,17,0
18,0.000180703,18,0
19,0.000203872,19,0
20,0.000286501,20,0
