tam,tiempo,agentes,votos
1,3.789e-06,1,0
2,4.093e-06,2,0
3,6.52e-06,3,0
4,1.0028e-05,4,0
5,1.4548e-05,5,0
6,2.0086e-05,6,0
7,2.6591e-05,7,0
8,3.4282e-05,8,0
9,4.282e-05,9,0
10,5.2426e-05,10,0
11,6.3482e-05,11,0
12,7.6601e-05,12,0
13,9.0203e-05,13,0
14,0.000105122,14,0
15,0.000122329,15,0
16,0.000139831,16,0
17,0.000160277,17,0
18,0.000180633,18,0
19,0.00020357,19,0
20,0.000228109,20,0
