tam,tiempo,agentes,votos
1,3.784e-06,1,0
2,4.123e-06,2,0
3,6.639e-06,3,0
4,1.0161e-05,4,0
5,1.4409e-05,5,0
6,2.0445e-05,6,0
7,2.6981e-05,7,0
8,3.4515e-05,8,0
9,4.3225e-05,9,0
10,5.2947e-05,10,0
11,6.4185e-05,11,0
12,7.8218e-05,12,0
13,9.0552e-05,13,0
14,0.000105825,14,0
15,0.000132066,15,0
16,0.000141101,16,0
17,0.000160736,17,0
18,0.000204464,18,0
19,0.000206429,19,0
20,0.000241693,20,0
