tam,tiempo,agentes,votos
1,3.651e-06,1,0
2,4.139e-06,2,0
3,6.551e-06,3,0
4,1.0066e-05,4,0
5,1.4455e-05,5,0
6,2.0129e-05,6,0
7,2.6647e-05,7,0
8,3.4362e-05,8,0
9,4.31e-05,9,0
10,5.245e-05,10,0
11,6.3708e-05,11,0
12,7.6321e-05,12,0
13,9.0165e-05,13,0
14,0.000105475,14,0
15,0.000123423,15,0
16,0.000140311,16,0
17,0.000159789,17,0
18,0.000179982,18,0
19,0.000203444,19,0
20,0.000227907,20,0
