tam,tiempo,agentes,votos
1,3.771e-06,1,0
2,4.035e-06,2,0
3,6.56e-06,3,0
4,1.0055e-05,4,0
5,1.4338e-05,5,0
6,1.996e-05,6,0
7,2.6746e-05,7,0
8,3.4094e-05,8,0
9,4.3072e-05,9,0
10,5.2246e-05,10,0
11,6.3748e-05,11,0
12,7.6804e-05,12,0
13,9.0602e-05,13,0
14,0.000105519,14,0
15,0.000122599,15,0
16,0.0001401,16,0
17,0.000160506,17,0
18,0.000180071,18,0
19,0.000203719,19,0
20,0.000227476,20,0
