tam,tiempo,agentes,votos
1,3.907e-06,1,0
2,4.199e-06,2,0
3,6.54e-06,3,0
4,9.935e-06,4,0
5,1.4348e-05,5,0
6,2.0033e-05,6,0
7,2.6613e-05,7,0
8,3.4127e-05,8,0
9,4.2867e-05,9,0
10,5.2362e-05,10,0
11,6.3724e-05,11,0
12,7.6515e-05,12,0
13,9.0146e-05,13,0
14,0.000115075,14,0
15,0.000122586,15,0
16,0.000140126,16,0
17,0.00017043,17,0
18,0.000181033,18,0
19,0.000205055,19,0
20,0.000228354,20,0
