tam,tiempo,agentes,votos
1,3.776e-06,1,0
2,4.11e-06,2,0
3,6.531e-06,3,0
4,9.973e-06,4,0
5,1.4375e-05,5,0
6,2.0106e-05,6,0
7,2.6502e-05,7,0
8,3.4184e-05,8,0
9,4.3102e-05,9,0
10,5.2678e-05,10,0
11,6.4061e-05,11,0
12,7.6456e-05,12,0
13,9.0396e-05,13,0
14,0.000105508,14,0
15,0.000142255,15,0
16,0.000139861,16,0
17,0.000160281,17,0
18,0.000180314,18,0
19,0.000203443,19,0
20,0.000228024,20,0
