tam,tiempo,agentes,votos
1,3.694e-06,1,0
2,4.104e-06,2,0
3,6.513e-06,3,0
4,1.0027e-05,4,0
5,1.4312e-05,5,0
6,2.0148e-05,6,0
7,2.6643e-05,7,0
8,3.4147e-05,8,0
9,4.3116e-05,9,0
10,5.2385e-05,10,0
11,6.3469e-05,11,0
12,7.6522e-05,12,0
13,8.9952e-05,13,0
14,0.000105088,14,0
15,0.000121795,15,0
16,0.000148998,16,0
17,0.000160283,17,0
18,0.000181062,18,0
19,0.000202911,19,0
20,0.000227746,20,0
