tam,tiempo,agentes,votos
1,3.724e-06,1,0
2,4.009e-06,2,0
3,6.511e-06,3,0
4,9.954e-06,4,0
5,1.4368e-05,5,0
6,2.0189e-05,6,0
7,2.6608e-05,7,0
8,3.4086e-05,8,0
9,4.2979e-05,9,0
10,5.3195e-05,10,0
11,6.3573e-05,11,0
12,7.655e-05,12,0
13,9.0199e-05,13,0
14,0.000105004,14,0
15,0.000122063,15,0
16,0.000140242,16,0
17,0.000160196,17,0
18,0.00018105,18,0
19,0.000203964,19,0
20,0.000228054,20,0
