tam,tiempo,agentes,votos
1,3.426e-06,1,0
2,4.023e-06,2,0
3,6.482e-06,3,0
4,1.0039e-05,4,0
5,1.4487e-05,5,0
6,2.0008e-05,6,0
7,2.671e-05,7,0
8,3.4378e-05,8,0
9,4.3099e-05,9,0
10,5.2733e-05,10,0
11,6.3671e-05,11,0
12,7.6478e-05,12,0
13,8.9957e-05,13,0
14,0.000105296,14,0
15,0.000122531,15,0
16,0.00014104,16,0
17,0.000160063,17,0
18,0.00018,18,0
19,0.000204219,19,0
20,0.000227602,20,0
