tam,tiempo,agentes,votos
1,3.743e-06,1,0
2,4.093e-06,2,0
3,6.551e-06,3,0
4,1.0069e-05,4,0
5,1.4482e-05,5,0
6,2.024e-05,6,0
7,2.6599e-05,7,0
8,3.4034e-05,8,0
9,4.3225e-05,9,0
10,5.2591e-05,10,0
11,6.3886e-05,11,0
12,7.6613e-05,12,0
13,8.9969e-05,13,0
14,0.000105226,14,0
15,0.000122055,15,0
16,0.000139771,16,0
17,0.000160381,17,0
18,0.000179997,18,0
19,0.000203403,19,0
20,0.000229331,20,0
