tam,tiempo,agentes,votos
1,3.849e-06,1,0
2,4.133e-06,2,0
3,6.483e-06,3,0
4,1.0095e-05,4,0
5,1.4228e-05,5,0
6,2.0142e-05,6,0
7,2.6582e-05,7,0
8,3.4418e-05,8,0
9,4.3218e-05,9,0
10,5.2668e-05,10,0
11,6.3477e-05,11,0
12,7.684e-05,12,0
13,9.0039e-05,13,0
14,0.000105195,14,0
15,0.000122646,15,0
16,0.00014089,16,0
17,0.000160426,17,0
18,0.000180324,18,0
19,0.000204164,19,0
20,0.000227886,20,0
