tam,tiempo,agentes,votos
1,3.768e-06,1,0
2,4.175e-06,2,0
3,6.51e-06,3,0
4,1.0117e-05,4,0
5,1.4376e-05,5,0
6,2.0237e-05,6,0
7,2.6919e-05,7,0
8,3.4138e-05,8,0
9,4.3438e-05,9,0
10,5.2492e-05,10,0
11,6.378e-05,11,0
12,7.6742e-05,12,0
13,8.9924e-05,13,0
14,0.000105103,14,0
15,0.000123377,15,0
16,0.000140002,16,0
17,0.000159748,17,0
18,0.000180245,18,0
19,0.000203877,19,0
20,0.000227845,20,0
