tam,tiempo,agentes,votos
1,3.551e-06,1,0
2,3.986e-06,2,0
3,6.502e-06,3,0
4,1.0107e-05,4,0
5,1.4211e-05,5,0
6,2.0139e-05,6,0
7,2.6465e-05,7,0
8,3.3922e-05,8,0
9,4.3079e-05,9,0
10,5.2483e-05,10,0
11,6.367e-05,11,0
12,7.6512e-05,12,0
13,9.0106e-05,13,0
14,0.000105079,14,0
15,0.000122722,15,0
16,0.000139809,16,0
17,0.000160412,17,0
18,0.000179888,18,0
19,0.000203224,19,0
20,0.000228203,20,0
