tam,tiempo,agentes,votos
1,3.67e-06,1,0
2,4.155e-06,2,0
3,6.535e-06,3,0
4,1.0104e-05,4,0
5,1.4177e-05,5,0
6,2.0111e-05,6,0
7,2.6524e-05,7,0
8,3.4095e-05,8,0
9,4.2984e-05,9,0
10,5.261e-05,10,0
11,6.367e-05,11,0
12,7.6747e-05,12,0
13,9.005e-05,13,0
14,0.000114969,14,0
15,0.00012277,15,0
16,0.00014007,16,0
17,0.000160137,17,0
18,0.000180147,18,0
19,0.000205049,19,0
20,0.000255004,20,0
