tam,tiempo,agentes,votos
1,4.131e-06,1,0
2,4.301e-06,2,0
3,7.055e-06,3,0
4,1.0701e-05,4,0
5,1.5585e-05,5,0
6,2.1762e-05,6,0
7,2.8711e-05,7,0
8,3.691e-05,8,0
9,4.6428e-05,9,0
10,5.6625e-05,10,0
11,6.9274e-05,11,0
12,8.3201e-05,12,0
13,9.7815e-05,13,0
14,0.00011384,14,0
15,0.00015093,15,0
16,0.000163886,16,0
17,0.000188023,17,0
18,0.000212046,18,0
19,0.000238813,19,0
20,0.000272492,20,0
