tam,tiempo,agentes,votos
1,4.783e-06,1,0
2,4.851e-06,2,0
3,7.661e-06,3,0
4,1.1757e-05,4,0
5,1.6992e-05,5,0
6,2.3584e-05,6,0
7,3.1519e-05,7,0
8,4.0473e-05,8,0
9,5.0623e-05,9,0
10,6.216e-05,10,0
11,7.436e-05,11,0
12,8.9469e-05,12,0
13,0.000105592,13,0
14,0.000123499,14,0
15,0.00014388,15,0
16,0.000165452,16,0
17,0.000187845,17,0
18,0.000211473,18,0
19,0.000239591,19,0
20,0.000267486,20,0
