tam,tiempo,agentes,votos
1,4.466e-06,1,0
2,4.799e-06,2,0
3,7.774e-06,3,0
4,1.179e-05,4,0
5,1.7051e-05,5,0
6,2.3769e-05,6,0
7,3.1386e-05,7,0
8,4.0191e-05,8,0
9,5.0487e-05,9,0
10,6.1736e-05,10,0
11,7.5089e-05,11,0
12,8.9902e-05,12,0
13,0.000106105,13,0
14,0.000123543,14,0
15,0.000143565,15,0
16,0.00016441,16,0
17,0.000189304,17,0
18,0.000213395,18,0
19,0.00024,19,0
20,0.000267981,20,0
