tam,tiempo,agentes,votos
1,4.18e-06,1,0
2,4.702e-06,2,0
3,7.654e-06,3,0
4,1.1825e-05,4,0
5,1.6965e-05,5,0
6,2.3622e-05,6,0
7,3.1191e-05,7,0
8,4.0127e-05,8,0
9,5.0553e-05,9,0
10,6.2013e-05,10,0
11,8.681e-05,11,0
12,9.1557e-05,12,0
13,0.000110574,13,0
14,0.000123831,14,0
15,0.000143789,15,0
16,0.000164542,16,0
17,0.000188831,17,0
18,0.000211828,18,0
19,0.000239288,19,0
20,0.000268477,20,0
