tam,tiempo,agentes,votos
1,4.224e-06,1,0
2,4.797e-06,2,0
3,7.625e-06,3,0
4,1.1745e-05,4,0
5,1.6724e-05,5,0
6,2.3556e-05,6,0
7,3.1132e-05,7,0
8,4.0121e-05,8,0
9,5.0753e-05,9,0
10,6.1569e-05,10,0
11,7.5042e-05,11,0
12,8.9996e-05,12,0
13,0.000105833,13,0
14,0.00012396,14,0
15,0.00014401,15,0
16,0.000164221,16,0
17,0.000188524,17,0
18,0.000215556,18,0
19,0.0002397,19,0
20,0.00026789,20,0
