tam,tiempo,agentes,votos
1,4.708e-06,1,0
2,4.915e-06,2,0
3,7.718e-06,3,0
4,1.1892e-05,4,0
5,1.7045e-05,5,0
6,2.3817e-05,6,0
7,3.1415e-05,7,0
8,4.0179e-05,8,0
9,5.0393e-05,9,0
10,6.1716e-05,10,0
11,7.5273e-05,11,0
12,9.0135e-05,12,0
13,0.000106008,13,0
14,0.000123685,14,0
15,0.000144151,15,0
16,0.000164622,16,0
17,0.000188481,17,0
18,0.000212307,18,0
19,0.000239551,19,0
20,0.000268382,20,0
