tam,tiempo,agentes,votos
1,4.307e-06,1,0
2,4.779e-06,2,0
3,7.623e-06,3,0
4,1.1874e-05,4,0
5,1.7177e-05,5,0
6,2.3738e-05,6,0
7,3.1294e-05,7,0
8,3.9988e-05,8,0
9,5.0564e-05,9,0
10,6.208e-05,10,0
11,7.4889e-05,11,0
12,8.9956e-05,12,0
13,0.00010606,13,0
14,0.000132626,14,0
15,0.000144201,15,0
16,0.00017254,16,0
17,0.000189066,17,0
18,0.000211769,18,0
19,0.000240067,19,0
20,0.000267675,20,0
