tam,tiempo,agentes,votos
1,4.443e-06,1,0
2,4.804e-06,2,0
3,7.64e-06,3,0
4,1.1879e-05,4,0
5,1.6956e-05,5,0
6,2.3846e-05,6,0
7,3.1735e-05,7,0
8,4.0317e-05,8,0
9,5.0833e-05,9,0
10,6.1882e-05,10,0
11,7.5445e-05,11,0
12,9.0055e-05,12,0
13,0.000105893,13,0
14,0.000123775,14,0
15,0.000145379,15,0
16,0.000165385,16,0
17,0.000188944,17,0
18,0.000212068,18,0
19,0.000239951,19,0
20,0.000268451,20,0
