tam,tiempo,agentes,votos
1,4.286e-06,1,0
2,4.724e-06,2,0
3,7.625e-06,3,0
4,1.1738e-05,4,0
5,1.6866e-05,5,0
6,2.3637e-05,6,0
7,3.1499e-05,7,0
8,4.0149e-05,8,0
9,5.0851e-05,9,0
10,6.1335e-05,10,0
11,7.469e-05,11,0
12,8.9364e-05,12,0
13,0.000105576,13,0
14,0.000123312,14,0
15,0.000155304,15,0
16,0.000164256,16,0
17,0.000188467,17,0
18,0.000211095,18,0
19,0.000238807,19,0
20,0.000267596,20,0
