tam,tiempo,agentes,votos
1,4.474e-06,1,0
2,4.912e-06,2,0
3,7.773e-06,3,0
4,1.1794e-05,4,0
5,1.6844e-05,5,0
6,2.3553e-05,6,0
7,3.1163e-05,7,0
8,4.0033e-05,8,0
9,5.0462e-05,9,0
10,6.1447e-05,10,0
11,7.4938e-05,11,0
12,9.0098e-05,12,0
13,0.000105845,13,0
14,0.000123179,14,0
15,0.000143796,15,0
16,0.000164514,16,0
17,0.000188015,17,0
18,0.000211793,18,0
19,0.00023969,19,0
20,0.000279454,20,0
