tam,tiempo,agentes,votos
1,4.413e-06,1,0
2,4.847e-06,2,0
3,7.68e-06,3,0
4,1.1805e-05,4,0
5,1.7119e-05,5,0
6,2.3783e-05,6,0
7,3.1091e-05,7,0
8,4.0225e-05,8,0
9,5.0808e-05,9,0
10,6.1763e-05,10,0
11,7.4541e-05,11,0
12,8.9237e-05,12,0
13,0.000105149,13,0
14,0.000123987,14,0
15,0.000143618,15,0
16,0.000164353,16,0
17,0.000189878,17,0
18,0.000211225,18,0
19,0.000239836,19,0
20,0.000268476,20,0
