tam,tiempo,agentes,votos
1,3.656e-06,1,0
2,4.09e-06,2,0
3,6.541e-06,3,0
4,1.0034e-05,4,0
5,1.4216e-05,5,0
6,2.0041e-05,6,0
7,2.6621e-05,7,0
8,3.4102e-05,8,0
9,4.3046e-05,9,0
10,5.2371e-05,10,0
11,6.3337e-05,11,0
12,7.6399e-05,12,0
13,9.0211e-05,13,0
14,0.000105045,14,0
15,0.000122559,15,0
16,0.000145674,16,0
17,0.000162524,17,0
18,0.000180504,18,0
19,0.000203753,19,0
20,0.000227338,20,0
