tam,tiempo,agentes,votos
1,3.787e-06,1,0
2,4.094e-06,2,0
3,6.555e-06,3,0
4,1.0017e-05,4,0
5,1.429e-05,5,0
6,2.0281e-05,6,0
7,2.6708e-05,7,0
8,3.4133e-05,8,0
9,4.3213e-05,9,0
10,5.2447e-05,10,0
11,6.7309e-05,11,0
12,7.6463e-05,12,0
13,9.0119e-05,13,0
14,0.000105399,14,0
15,0.000122118,15,0
16,0.00013991,16,0
17,0.000160152,17,0
18,0.000180132,18,0
19,0.000204104,19,0
20,0.00022783,20,0
