tam,tiempo,agentes,votos
1,3.703e-06,1,0
2,4.081e-06,2,0
3,6.562e-06,3,0
4,9.97e-06,4,0
5,1.437e-05,5,0
6,2.019e-05,6,0
7,2.6747e-05,7,0
8,3.4388e-05,8,0
9,4.2799e-05,9,0
10,5.2221e-05,10,0
11,6.3585e-05,11,0
12,7.6319e-05,12,0
13,8.9596e-05,13,0
14,0.000110939,14,0
15,0.000124442,15,0
16,0.000140382,16,0
17,0.000159791,17,0
18,0.000180069,18,0
19,0.000203096,19,0
20,0.000232867,20,0
