tam,tiempo,agentes,votos
1,4.057e-06,1,0
2,4.23e-06,2,0
3,6.478e-06,3,0
4,1.0038e-05,4,0
5,1.4467e-05,5,0
6,2.03e-05,6,0
7,2.6723e-05,7,0
8,3.4012e-05,8,0
9,4.2833e-05,9,0
10,5.2515e-05,10,0
11,6.3652e-05,11,0
12,7.663e-05,12,0
13,8.9976e-05,13,0
14,0.000116204,14,0
15,0.000122365,15,0
16,0.000139698,16,0
17,0.000160875,17,0
18,0.000180371,18,0
19,0.000204038,19,0
20,0.000228066,20,0
