tam,tiempo,agentes,votos
1,4.4e-06,1,0
2,4.868e-06,2,0
3,7.636e-06,3,0
4,1.1784e-05,4,0
5,1.7053e-05,5,0
6,2.3814e-05,6,0
7,3.1374e-05,7,0
8,4.021e-05,8,0
9,5.0513e-05,9,0
10,6.1756e-05,10,0
11,7.4749e-05,11,0
12,8.9657e-05,12,0
13,0.000105892,13,0
14,0.00012388,14,0
15,0.000143184,15,0
16,0.000164312,16,0
17,0.000188425,17,0
18,0.000212075,18,0
19,0.000239113,19,0
20,0.000267444,20,0
