tam,tiempo,agentes,votos
1,5.298e-06,1,0
2,4.914e-06,2,0
3,7.66e-06,3,0
4,1.1772e-05,4,0
5,1.659e-05,5,0
6,2.3632e-05,6,0
7,3.1119e-05,7,0
8,4.0915e-05,8,0
9,5.0825e-05,9,0
10,8.2572e-05,10,0
11,7.9577e-05,11,0
12,8.9517e-05,12,0
13,0.000114135,13,0
14,0.000124091,14,0
15,0.000144029,15,0
16,0.000164383,16,0
17,0.000188537,17,0
18,0.000212006,18,0
19,0.000240764,19,0
20,0.000268488,20,0
