tam,tiempo,agentes,votos
1,4.345e-06,1,0
2,4.726e-06,2,0
3,7.675e-06,3,0
4,1.188e-05,4,0
5,1.6838e-05,5,0
6,2.3653e-05,6,0
7,3.1443e-05,7,0
8,4.01e-05,8,0
9,5.0515e-05,9,0
10,6.211e-05,10,0
11,7.5092e-05,11,0
12,8.9634e-05,12,0
13,0.000105663,13,0
14,0.000124299,14,0
15,0.000147036,15,0
16,0.000164719,16,0
17,0.000193117,17,0
18,0.000212862,18,0
19,0.000240468,19,0
20,0.000269666,20,0
