tam,tiempo,agentes,votos
1,4.433e-06,1,0
2,4.729e-06,2,0
3,7.71e-06,3,0
4,1.1766e-05,4,0
5,1.679e-05,5,0
6,2.3805e-05,6,0
7,3.1179e-05,7,0
8,4.0275e-05,8,0
9,5.0555e-05,9,0
10,6.2007e-05,10,0
11,7.4818e-05,11,0
12,8.9967e-05,12,0
13,0.000106094,13,0
14,0.000123431,14,0
15,0.000144472,15,0
16,0.00016471,16,0
17,0.000188288,17,0
18,0.00021154,18,0
19,0.000239575,19,0
20,0.000267893,20,0
