tam,tiempo,agentes,votos
1,3.803e-06,1,0
2,4.18e-06,2,0
3,6.467e-06,3,0
4,9.961e-06,4,0
5,1.4511e-05,5,0
6,2.004e-05,6,0
7,2.6556e-05,7,0
8,3.4249e-05,8,0
9,4.3035e-05,9,0
10,5.2483e-05,10,0
11,6.3333e-05,11,0
12,7.6296e-05,12,0
13,9.302e-05,13,0
14,0.000105433,14,0
15,0.000126744,15,0
16,0.000139631,16,0
17,0.000160238,17,0
18,0.000188858,18,0
19,0.000203726,19,0
20,0.00022897,20,0
