tam,tiempo,agentes,votos
1,3.859e-06,1,0
2,4.223e-06,2,0
3,6.48e-06,3,0
4,1.0065e-05,4,0
5,1.4234e-05,5,0
6,2.0002e-05,6,0
7,2.6778e-05,7,0
8,3.4189e-05,8,0
9,6.7733e-05,9,0
10,5.2745e-05,10,0
11,6.3626e-05,11,0
12,7.6102e-05,12,0
13,8.9941e-05,13,0
14,0.000105269,14,0
15,0.000122508,15,0
16,0.000146885,16,0
17,0.000160022,17,0
18,0.00018028,18,0
19,0.00020391,19,0
20,0.000252491,20,0
