tam,tiempo,agentes,votos
1,3.716e-06,1,0
2,4.087e-06,2,0
3,6.552e-06,3,0
4,1.0073e-05,4,0
5,1.4297e-05,5,0
6,2.0299e-05,6,0
7,2.663e-05,7,0
8,3.4e-05,8,0
9,4.3066e-05,9,0
10,5.2303e-05,10,0
11,6.3704e-05,11,0
12,7.6463e-05,12,0
13,8.9807e-05,13,0
14,0.000125369,14,0
15,0.000122694,15,0
16,0.000139878,16,0
17,0.000160273,17,0
18,0.000180527,18,0
19,0.000203427,19,0
20,0.000246034,20,0
