tam,tiempo,agentes,votos
1,3.846e-06,1,0
2,4.147e-06,2,0
3,6.532e-06,3,0
4,1.0203e-05,4,0
5,1.4128e-05,5,0
6,1.9976e-05,6,0
7,2.6601e-05,7,0
8,3.4147e-05,8,0
9,4.2927e-05,9,0
10,5.2812e-05,10,0
11,6.3907e-05,11,0
12,7.6329e-05,12,0
13,9.0072e-05,13,0
14,0.000114568,14,0
15,0.000122051,15,0
16,0.000139756,16,0
17,0.0001604,17,0
18,0.000180268,18,0
19,0.000209374,19,0
20,0.000228408,20,0
