tam,tiempo,agentes,votos
1,4.617e-06,1,0
2,4.128e-06,2,0
3,6.487e-06,3,0
4,9.978e-06,4,0
5,1.439e-05,5,0
6,2.0151e-05,6,0
7,2.6454e-05,7,0
8,3.406e-05,8,0
9,4.315e-05,9,0
10,5.2792e-05,10,0
11,6.3818e-05,11,0
12,7.5976e-05,12,0
13,8.991e-05,13,0
14,0.000105064,14,0
15,0.000122318,15,0
16,0.000139679,16,0
17,0.000161151,17,0
18,0.000181926,18,0
19,0.000204569,19,0
20,0.000228415,20,0
