tam,tiempo,agentes,votos
1,3.975e-06,1,0
2,4.158e-06,2,0
3,6.536e-06,3,0
4,9.973e-06,4,0
5,1.4407e-05,5,0
6,2.0226e-05,6,0
7,2.6927e-05,7,0
8,3.4286e-05,8,0
9,4.2947e-05,9,0
10,5.245e-05,10,0
11,6.3563e-05,11,0
12,9.5317e-05,12,0
13,9.0246e-05,13,0
14,0.000105657,14,0
15,0.000122608,15,0
16,0.000141373,16,0
17,0.000160504,17,0
18,0.000180478,18,0
19,0.00020407,19,0
20,0.000228167,20,0
