tam,tiempo,agentes,votos
1,4.2e-06,1,0
2,4.311e-06,2,0
3,6.584e-06,3,0
4,1.0013e-05,4,0
5,1.4331e-05,5,0
6,2.0104e-05,6,0
7,2.6624e-05,7,0
8,3.413e-05,8,0
9,4.3152e-05,9,0
10,5.2901e-05,10,0
11,6.3906e-05,11,0
12,8.6278e-05,12,0
13,9.0046e-05,13,0
14,0.000105534,14,0
15,0.000122488,15,0
16,0.000141222,16,0
17,0.000160249,17,0
18,0.000180444,18,0
19,0.000203501,19,0
20,0.000227713,20,0
