tam,tiempo,agentes,votos
1,3.682e-06,1,0
2,4.041e-06,2,0
3,6.528e-06,3,0
4,1.0003e-05,4,0
5,1.4422e-05,5,0
6,2.0105e-05,6,0
7,2.6568e-05,7,0
8,3.3985e-05,8,0
9,4.2793e-05,9,0
10,5.2603e-05,10,0
11,6.3716e-05,11,0
12,7.6785e-05,12,0
13,9.0164e-05,13,0
14,0.000104815,14,0
15,0.000122174,15,0
16,0.000139813,16,0
17,0.000160107,17,0
18,0.000179773,18,0
19,0.000204158,19,0
20,0.000250061,20,0
