tam,tiempo,agentes,votos
1,3.535e-06,1,0
2,3.936e-06,2,0
3,6.52e-06,3,0
4,1.0056e-05,4,0
5,1.4506e-05,5,0
6,2.0048e-05,6,0
7,2.6889e-05,7,0
8,3.424e-05,8,0
9,4.2874e-05,9,0
10,5.2659e-05,10,0
11,6.4054e-05,11,0
12,7.6513e-05,12,0
13,9.013e-05,13,0
14,0.000105248,14,0
15,0.00012259,15,0
16,0.000139979,16,0
17,0.00016029,17,0
18,0.000180068,18,0
19,0.000203062,19,0
20,0.000228223,20,0
