tam,tiempo,agentes,votos
1,3.61e-06,1,0
2,4.11e-06,2,0
3,6.557e-06,3,0
4,9.986e-06,4,0
5,1.4413e-05,5,0
6,2.0734e-05,6,0
7,2.7427e-05,7,0
8,3.499e-05,8,0
9,4.3992e-05,9,0
10,5.3423e-05,10,0
11,6.5113e-05,11,0
12,7.7526e-05,12,0
13,0.000109058,13,0
14,0.000106254,14,0
15,0.000129943,15,0
16,0.000141638,16,0
17,0.000161639,17,0
18,0.000182116,18,0
19,0.000205956,19,0
20,0.000229754,20,0
