tam,tiempo,agentes,votos
1,3.774e-06,1,0
2,4.12e-06,2,0
3,6.513e-06,3,0
4,1.0103e-05,4,0
5,1.4306e-05,5,0
6,2.0114e-05,6,0
7,2.6421e-05,7,0
8,3.4084e-05,8,0
9,4.3056e-05,9,0
10,5.2415e-05,10,0
11,7.6274e-05,11,0
12,7.668e-05,12,0
13,9.0022e-05,13,0
14,0.00010526,14,0
15,0.000122416,15,0
16,0.000140322,16,0
17,0.000160498,17,0
18,0.000180756,18,0
19,0.000204064,19,0
20,0.000228506,20,0
