tam,tiempo,agentes,votos
1,3.876e-06,1,0
2,4.101e-06,2,0
3,6.498e-06,3,0
4,1.0122e-05,4,0
5,1.4442e-05,5,0
6,2.0144e-05,6,0
7,2.6786e-05,7,0
8,3.4159e-05,8,0
9,4.3045e-05,9,0
10,5.29e-05,10,0
11,6.3774e-05,11,0
12,7.647e-05,12,0
13,9.0034e-05,13,0
14,0.000112058,14,0
15,0.000122388,15,0
16,0.000140203,16,0
17,0.0001608,17,0
18,0.000180541,18,0
19,0.000204074,19,0
20,0.000237068,20,0
