tam,tiempo,agentes,votos
1,3.806e-06,1,0
2,4.164e-06,2,0
3,6.509e-06,3,0
4,9.916e-06,4,0
5,1.4321e-05,5,0
6,2.0117e-05,6,0
7,2.6727e-05,7,0
8,3.4181e-05,8,0
9,4.2941e-05,9,0
10,5.2498e-05,10,0
11,6.3774e-05,11,0
12,7.6559e-05,12,0
13,8.9688e-05,13,0
14,0.000105134,14,0
15,0.000122483,15,0
16,0.000140154,16,0
17,0.000160798,17,0
18,0.000180371,18,0
19,0.000203318,19,0
20,0.000228082,20,0
