tam,tiempo,agentes,votos
1,3.818e-06,1,0
2,4.267e-06,2,0
3,6.557e-06,3,0
4,1.0007e-05,4,0
5,1.4339e-05,5,0
6,2.0058e-05,6,0
7,2.6727e-05,7,0
8,3.4391e-05,8,0
9,4.3012e-05,9,0
10,5.2545e-05,10,0
11,6.4789e-05,11,0
12,8.9923e-05,12,0
13,9.0246e-05,13,0
14,0.00010514,14,0
15,0.000121831,15,0
16,0.000139813,16,0
17,0.000159848,17,0
18,0.000179833,18,0
19,0.000204178,19,0
20,0.000227288,20,0
