tam,tiempo,agentes,votos
1,3.88e-06,1,0
2,4.134e-06,2,0
3,6.46e-06,3,0
4,1.0027e-05,4,0
5,1.4377e-05,5,0
6,2.0189e-05,6,0
7,2.6516e-05,7,0
8,3.4191e-05,8,0
9,4.3044e-05,9,0
10,5.265e-05,10,0
11,6.3692e-05,11,0
12,7.6633e-05,12,0
13,8.9962e-05,13,0
14,0.000105272,14,0
15,0.000144078,15,0
16,0.000140152,16,0
17,0.000160425,17,0
18,0.000180824,18,0
19,0.000203764,19,0
20,0.000264424,20,0
