tam,tiempo,agentes,votos
1,4.286e-06,1,0
2,4.143e-06,2,0
3,6.486e-06,3,0
4,1.0056e-05,4,0
5,1.4559e-05,5,0
6,2.0135e-05,6,0
7,6.577e-05,7,0
8,3.4344e-05,8,0
9,4.3234e-05,9,0
10,5.2577e-05,10,0
11,6.3518e-05,11,0
12,7.6123e-05,12,0
13,9.0184e-05,13,0
14,0.000105259,14,0
15,0.000122389,15,0
16,0.000139925,16,0
17,0.000160561,17,0
18,0.000199494,18,0
19,0.000203761,19,0
20,0.000228637,20,0
