tam,tiempo,agentes,votos
1,3.892e-06,1,0
2,4.261e-06,2,0
3,6.487e-06,3,0
4,1.0738e-05,4,0
5,1.4426e-05,5,0
6,2.0393e-05,6,0
7,2.6708e-05,7,0
8,3.4098e-05,8,0
9,4.2983e-05,9,0
10,5.2544e-05,10,0
11,6.3986e-05,11,0
12,7.6844e-05,12,0
13,9.0196e-05,13,0
14,0.000105213,14,0
15,0.000145151,15,0
16,0.000139816,16,0
17,0.000160143,17,0
18,0.00018043,18,0
19,0.000203731,19,0
20,0.000253773,20,0
