tam,tiempo,agentes,votos
1,3.731e-06,1,0
2,4.209e-06,2,0
3,6.545e-06,3,0
4,9.932e-06,4,0
5,1.4377e-05,5,0
6,2.0224e-05,6,0
7,2.672e-05,7,0
8,3.4144e-05,8,0
9,4.3034e-05,9,0
10,5.2492e-05,10,0
11,6.3533e-05,11,0
12,7.6169e-05,12,0
13,9.0106e-05,13,0
14,0.000105524,14,0
15,0.000122681,15,0
16,0.000140043,16,0
17,0.000160103,17,0
18,0.000181351,18,0
19,0.000203492,19,0
20,0.000228448,20,0
