tam,tiempo,agentes,votos
1,3.86e-06,1,0
2,4.048e-06,2,0
3,6.474e-06,3,0
4,1.0055e-05,4,0
5,1.4474e-05,5,0
6,2.0183e-05,6,0
7,2.6713e-05,7,0
8,3.4196e-05,8,0
9,4.3152e-05,9,0
10,5.2473e-05,10,0
11,6.3634e-05,11,0
12,7.6345e-05,12,0
13,8.9924e-05,13,0
14,0.000105321,14,0
15,0.000122092,15,0
16,0.000141152,16,0
17,0.000160287,17,0
18,0.000179569,18,0
19,0.000203546,19,0
20,0.000228098,20,0
