tam,tiempo,agentes,votos
1,3.756e-06,1,0
2,4.053e-06,2,0
3,6.501e-06,3,0
4,9.997e-06,4,0
5,1.441e-05,5,0
6,2.0004e-05,6,0
7,2.6658e-05,7,0
8,3.4169e-05,8,0
9,4.3102e-05,9,0
10,5.2596e-05,10,0
11,7.322e-05,11,0
12,7.6433e-05,12,0
13,9.1311e-05,13,0
14,0.00010514,14,0
15,0.00012217,15,0
16,0.000140107,16,0
17,0.000160184,17,0
18,0.000180016,18,0
19,0.000203413,19,0
20,0.000228104,20,0
