tam,tiempo,agentes,votos
1,3.731e-06,1,0
2,4.066e-06,2,0
3,6.607e-06,3,0
4,1.0161e-05,4,0
5,1.4299e-05,5,0
6,2.0194e-05,6,0
7,2.6562e-05,7,0
8,3.413e-05,8,0
9,4.3623e-05,9,0
10,6.0796e-05,10,0
11,6.3866e-05,11,0
12,7.6423e-05,12,0
13,8.9945e-05,13,0
14,0.000105412,14,0
15,0.000122048,15,0
16,0.00013978,16,0
17,0.000160213,17,0
18,0.000180588,18,0
19,0.000203462,19,0
20,0.000235685,20,0
