tam,tiempo,agentes,votos
1,3.594e-06,1,0
2,3.936e-06,2,0
3,6.259e-06,3,0
4,9.521e-06,4,0
5,1.3814e-05,5,0
6,1.8946e-05,6,0
7,2.5174e-05,7,0
8,3.2312e-05,8,0
9,4.0901e-05,9,0
10,6.5398e-05,10,0
11,7.5911e-05,11,0
12,7.3265e-05,12,0
13,8.625e-05,13,0
14,0.000100294,14,0
15,0.000116472,15,0
16,0.000133338,16,0
17,0.000182065,17,0
18,0.000189553,18,0
19,0.000209743,19,0
20,0.000234736,20,0
