tam,tiempo,agentes,votos
1,4.032e-06,1,0
2,4.092e-06,2,0
3,6.527e-06,3,0
4,1.0115e-05,4,0
5,1.4344e-05,5,0
6,2.0212e-05,6,0
7,2.6791e-05,7,0
8,3.4243e-05,8,0
9,4.2954e-05,9,0
10,5.269e-05,10,0
11,6.3863e-05,11,0
12,7.6889e-05,12,0
13,9.0189e-05,13,0
14,0.000106194,14,0
15,0.00012272,15,0
16,0.000139847,16,0
17,0.000167035,17,0
18,0.000180398,18,0
19,0.000204078,19,0
20,0.000227499,20,0
