tam,tiempo,agentes,votos
1,3.658e-06,1,0
2,5.215e-06,2,0
3,8.296e-06,3,0
4,1.0861e-05,4,0
5,1.4544e-05,5,0
6,2.0082e-05,6,0
7,2.663e-05,7,0
8,3.4115e-05,8,0
9,4.2889e-05,9,0
10,5.2319e-05,10,0
11,6.3823e-05,11,0
12,7.6728e-05,12,0
13,9.0382e-05,13,0
14,0.000105508,14,0
15,0.000122445,15,0
16,0.000145253,16,0
17,0.000160836,17,0
18,0.000180099,18,0
19,0.00020363,19,0
20,0.000227703,20,0
