tam,tiempo,agentes,votos
1,3.849e-06,1,0
2,4.137e-06,2,0
3,6.538e-06,3,0
4,9.954e-06,4,0
5,1.4445e-05,5,0
6,2.0152e-05,6,0
7,2.6477e-05,7,0
8,3.4038e-05,8,0
9,4.2964e-05,9,0
10,5.2515e-05,10,0
11,6.3615e-05,11,0
12,7.663e-05,12,0
13,9.016e-05,13,0
14,0.000104947,14,0
15,0.000122701,15,0
16,0.000140554,16,0
17,0.000160681,17,0
18,0.000180883,18,0
19,0.000221067,19,0
20,0.00023684,20,0
