tam,tiempo,agentes,votos
1,3.938e-06,1,0
2,4.145e-06,2,0
3,6.538e-06,3,0
4,1.0024e-05,4,0
5,1.4397e-05,5,0
6,2.0199e-05,6,0
7,2.6562e-05,7,0
8,3.4252e-05,8,0
9,4.297e-05,9,0
10,5.2532e-05,10,0
11,6.3483e-05,11,0
12,7.6082e-05,12,0
13,9.0885e-05,13,0
14,0.000105095,14,0
15,0.000122247,15,0
16,0.000139915,16,0
17,0.00015966,17,0
18,0.000180337,18,0
19,0.000203539,19,0
20,0.000228022,20,0
