tam,tiempo,agentes,votos
1,3.973e-06,1,0
2,4.059e-06,2,0
3,6.5e-06,3,0
4,1.0007e-05,4,0
5,1.4399e-05,5,0
6,2.0118e-05,6,0
7,2.648e-05,7,0
8,3.4109e-05,8,0
9,4.2955e-05,9,0
10,5.2414e-05,10,0
11,6.355e-05,11,0
12,7.6727e-05,12,0
13,9.0071e-05,13,0
14,0.000105436,14,0
15,0.000144272,15,0
16,0.00013959,16,0
17,0.000160207,17,0
18,0.000180169,18,0
19,0.000203244,19,0
20,0.000246197,20,0
