tam,tiempo,agentes,votos
1,3.811e-06,1,0
2,4.067e-06,2,0
3,6.463e-06,3,0
4,1.0035e-05,4,0
5,1.4176e-05,5,0
6,2.0028e-05,6,0
7,2.6539e-05,7,0
8,3.4344e-05,8,0
9,4.3267e-05,9,0
10,5.2622e-05,10,0
11,6.3852e-05,11,0
12,7.6712e-05,12,0
13,9.0045e-05,13,0
14,0.000105023,14,0
15,0.000122167,15,0
16,0.000139921,16,0
17,0.00016068,17,0
18,0.000180853,18,0
19,0.000203953,19,0
20,0.000228733,20,0
