tam,tiempo,agentes,votos
1,3.804e-06,1,0
2,4.149e-06,2,0
3,6.564e-06,3,0
4,9.977e-06,4,0
5,1.4298e-05,5,0
6,2.0289e-05,6,0
7,2.6771e-05,7,0
8,3.4207e-05,8,0
9,4.2884e-05,9,0
10,5.2242e-05,10,0
11,6.3937e-05,11,0
12,7.645e-05,12,0
13,9.0123e-05,13,0
14,0.000105128,14,0
15,0.000122338,15,0
16,0.000140161,16,0
17,0.000160106,17,0
18,0.000180394,18,0
19,0.000203575,19,0
20,0.000228233,20,0
