tam,tiempo,agentes,votos
1,3.825e-06,1,0
2,4.211e-06,2,0
3,6.525e-06,3,0
4,1.0034e-05,4,0
5,1.4194e-05,5,0
6,2.0158e-05,6,0
7,2.671e-05,7,0
8,3.4189e-05,8,0
9,4.3247e-05,9,0
10,5.2718e-05,10,0
11,6.3681e-05,11,0
12,7.7497e-05,12,0
13,8.9855e-05,13,0
14,0.000105267,14,0
15,0.000122585,15,0
16,0.000140518,16,0
17,0.000160143,17,0
18,0.000194052,18,0
19,0.000205988,19,0
20,0.000261674,20,0
