tam,tiempo,agentes,votos
1,3.887e-06,1,0
2,4.172e-06,2,0
3,6.486e-06,3,0
4,9.995e-06,4,0
5,1.4364e-05,5,0
6,2.0012e-05,6,0
7,2.6426e-05,7,0
8,3.4182e-05,8,0
9,4.2923e-05,9,0
10,5.2543e-05,10,0
11,6.3926e-05,11,0
12,7.6321e-05,12,0
13,9.0135e-05,13,0
14,0.000105334,14,0
15,0.000122586,15,0
16,0.000165427,16,0
17,0.000171231,17,0
18,0.000180349,18,0
19,0.000215236,19,0
20,0.000229217,20,0
