tam,tiempo,agentes,votos
1,3.728e-06,1,0
2,4.23e-06,2,0
3,6.595e-06,3,0
4,1.0152e-05,4,0
5,1.4479e-05,5,0
6,2.0299e-05,6,0
7,2.6706e-05,7,0
8,3.4269e-05,8,0
9,4.3347e-05,9,0
10,5.2588e-05,10,0
11,6.3813e-05,11,0
12,7.6628e-05,12,0
13,9.0074e-05,13,0
14,0.00010496,14,0
15,0.000122592,15,0
16,0.000140311,16,0
17,0.000160215,17,0
18,0.000179819,18,0
19,0.000203911,19,0
20,0.000227819,20,0
