tam,tiempo,agentes,votos
1,3.704e-06,1,0
2,4.086e-06,2,0
3,6.537e-06,3,0
4,1.0051e-05,4,0
5,1.4295e-05,5,0
6,2.041e-05,6,0
7,2.6797e-05,7,0
8,3.4157e-05,8,0
9,4.3062e-05,9,0
10,5.2669e-05,10,0
11,7.3416e-05,11,0
12,7.6675e-05,12,0
13,9.0772e-05,13,0
14,0.000105013,14,0
15,0.000122538,15,0
16,0.00014009,16,0
17,0.000160161,17,0
18,0.000180289,18,0
19,0.000203502,19,0
20,0.000227977,20,0
