tam,tiempo,agentes,votos
1,3.732e-06,1,0
2,4.215e-06,2,0
3,6.574e-06,3,0
4,1.0047e-05,4,0
5,1.4453e-05,5,0
6,2.004e-05,6,0
7,2.6541e-05,7,0
8,3.4119e-05,8,0
9,4.3126e-05,9,0
10,5.2824e-05,10,0
11,6.384e-05,11,0
12,7.6602e-05,12,0
13,9.0082e-05,13,0
14,0.00010647,14,0
15,0.00012277,15,0
16,0.000139133,16,0
17,0.000160431,17,0
18,0.000180486,18,0
19,0.000203508,19,0
20,0.000236022,20,0
