tam,tiempo,agentes,votos
1,3.873e-06,1,0
2,4.156e-06,2,0
3,6.576e-06,3,0
4,1.0167e-05,4,0
5,1.4308e-05,5,0
6,2.012e-05,6,0
7,2.6784e-05,7,0
8,3.4269e-05,8,0
9,4.3134e-05,9,0
10,5.2572e-05,10,0
11,6.3633e-05,11,0
12,7.6814e-05,12,0
13,9.0219e-05,13,0
14,0.000105532,14,0
15,0.000122633,15,0
16,0.000140176,16,0
17,0.000160264,17,0
18,0.000180534,18,0
19,0.000203559,19,0
20,0.00022803,20,0
