tam,tiempo,agentes,votos
1,3.75e-06,1,0
2,4.031e-06,2,0
3,6.129e-06,3,0
4,9.619e-06,4,0
5,1.364e-05,5,0
6,1.929e-05,6,0
7,3.9649e-05,7,0
8,3.4063e-05,8,0
9,4.2985e-05,9,0
10,6.252e-05,10,0
11,6.0812e-05,11,0
12,7.2686e-05,12,0
13,8.592e-05,13,0
14,0.000100231,14,0
15,0.000116552,15,0
16,0.00014974,16,0
17,0.000160233,17,0
18,0.000213341,18,0
19,0.000194138,19,0
20,0.000217295,20,0
