tam,tiempo,agentes,votos
1,3.888e-06,1,0
2,4.244e-06,2,0
3,6.521e-06,3,0
4,1.0042e-05,4,0
5,1.4471e-05,5,0
6,2.0108e-05,6,0
7,2.6678e-05,7,0
8,3.4084e-05,8,0
9,4.2947e-05,9,0
10,5.2524e-05,10,0
11,6.3622e-05,11,0
12,7.673e-05,12,0
13,9.0094e-05,13,0
14,0.000104991,14,0
15,0.000130894,15,0
16,0.000139855,16,0
17,0.00017517,17,0
18,0.000180468,18,0
19,0.000203945,19,0
20,0.000234688,20,0
