tam,tiempo,agentes,votos
1,3.93e-06,1,0
2,4.154e-06,2,0
3,6.534e-06,3,0
4,1.0178e-05,4,0
5,1.4312e-05,5,0
6,2.0072e-05,6,0
7,2.6498e-05,7,0
8,3.4046e-05,8,0
9,4.3117e-05,9,0
10,5.2234e-05,10,0
11,6.3603e-05,11,0
12,7.6566e-05,12,0
13,9.0394e-05,13,0
14,0.000105259,14,0
15,0.000122439,15,0
16,0.000139727,16,0
17,0.000160204,17,0
18,0.000180141,18,0
19,0.000203367,19,0
20,0.000228044,20,0
