tam,tiempo,agentes,votos
1,3.866e-06,1,0
2,4.11e-06,2,0
3,6.465e-06,3,0
4,1.0077e-05,4,0
5,1.4404e-05,5,0
6,2.0099e-05,6,0
7,2.6586e-05,7,0
8,3.4296e-05,8,0
9,4.2891e-05,9,0
10,5.2557e-05,10,0
11,6.3428e-05,11,0
12,7.6283e-05,12,0
13,9.0155e-05,13,0
14,0.000104953,14,0
15,0.00012231,15,0
16,0.000140104,16,0
17,0.000169126,17,0
18,0.000181238,18,0
19,0.000204096,19,0
20,0.000229837,20,0
