tam,tiempo,agentes,votos
1,3.823e-06,1,0
2,4.122e-06,2,0
3,6.577e-06,3,0
4,1.0007e-05,4,0
5,1.4529e-05,5,0
6,2.1843e-05,6,0
7,3.1671e-05,7,0
8,3.4239e-05,8,0
9,4.2892e-05,9,0
10,5.2327e-05,10,0
11,6.3797e-05,11,0
12,7.6849e-05,12,0
13,9.0617e-05,13,0
14,0.000105531,14,0
15,0.000122789,15,0
16,0.000140037,16,0
17,0.000161468,17,0
18,0.000186987,18,0
19,0.000204313,19,0
20,0.000235407,20,0
