tam,tiempo,agentes,votos
1,3.892e-06,1,0
2,4.172e-06,2,0
3,6.544e-06,3,0
4,1.0058e-05,4,0
5,1.4546e-05,5,0
6,2.0148e-05,6,0
7,2.6868e-05,7,0
8,3.4506e-05,8,0
9,4.351e-05,9,0
10,5.2675e-05,10,0
11,6.4005e-05,11,0
12,7.7505e-05,12,0
13,9.0462e-05,13,0
14,0.000105531,14,0
15,0.00012243,15,0
16,0.000140281,16,0
17,0.000159657,17,0
18,0.000180096,18,0
19,0.000203445,19,0
20,0.000227864,20,0
