tam,tiempo,agentes,votos
1,3.841e-06,1,0
2,4.2e-06,2,0
3,6.522e-06,3,0
4,1.0073e-05,4,0
5,1.4448e-05,5,0
6,2.0217e-05,6,0
7,2.6889e-05,7,0
8,3.4064e-05,8,0
9,4.3007e-05,9,0
10,5.2655e-05,10,0
11,6.3642e-05,11,0
12,7.6441e-05,12,0
13,9.0013e-05,13,0
14,0.000105108,14,0
15,0.000122492,15,0
16,0.000149587,16,0
17,0.000161262,17,0
18,0.000180664,18,0
19,0.0002044,19,0
20,0.00022793,20,0
