tam,tiempo,agentes,votos
1,3.766e-06,1,0
2,4.102e-06,2,0
3,6.552e-06,3,0
4,1.0062e-05,4,0
5,1.4204e-05,5,0
6,2.0079e-05,6,0
7,2.6689e-05,7,0
8,3.4031e-05,8,0
9,7.0678e-05,9,0
10,5.2711e-05,10,0
11,6.3554e-05,11,0
12,7.6486e-05,12,0
13,8.9952e-05,13,0
14,0.000105264,14,0
15,0.000123604,15,0
16,0.000139874,16,0
17,0.000178559,17,0
18,0.000180442,18,0
19,0.000203497,19,0
20,0.000227784,20,0
