tam,tiempo,agentes,votos
1,3.793e-06,1,0
2,4.205e-06,2,0
3,6.487e-06,3,0
4,1.0024e-05,4,0
5,1.4411e-05,5,0
6,2.0185e-05,6,0
7,2.6467e-05,7,0
8,3.3898e-05,8,0
9,4.2984e-05,9,0
10,5.2971e-05,10,0
11,6.3581e-05,11,0
12,7.6692e-05,12,0
13,9.0439e-05,13,0
14,0.000143766,14,0
15,0.000158832,15,0
16,0.000164062,16,0
17,0.000160938,17,0
18,0.000180412,18,0
19,0.000203705,19,0
20,0.000230058,20,0
