tam,tiempo,agentes,votos
1,3.889e-06,1,0
2,4.094e-06,2,0
3,6.663e-06,3,0
4,1.0024e-05,4,0
5,1.426e-05,5,0
6,2.0261e-05,6,0
7,2.6764e-05,7,0
8,3.4074e-05,8,0
9,4.2857e-05,9,0
10,5.2641e-05,10,0
11,7.086e-05,11,0
12,7.653e-05,12,0
13,9.0081e-05,13,0
14,0.000105491,14,0
15,0.000122629,15,0
16,0.000139763,16,0
17,0.000160098,17,0
18,0.000180145,18,0
19,0.000203438,19,0
20,0.000227595,20,0
