tam,tiempo,agentes,votos
1,3.704e-06,1,0
2,3.984e-06,2,0
3,6.564e-06,3,0
4,1.0037e-05,4,0
5,1.4442e-05,5,0
6,2.0143e-05,6,0
7,2.6796e-05,7,0
8,3.4024e-05,8,0
9,4.2855e-05,9,0
10,5.2614e-05,10,0
11,6.3811e-05,11,0
12,7.6483e-05,12,0
13,9.0793e-05,13,0
14,0.000105303,14,0
15,0.000122258,15,0
16,0.000139511,16,0
17,0.000160051,17,0
18,0.000180374,18,0
19,0.000203585,19,0
20,0.000232289,20,0
