tam,tiempo,agentes,votos
1,3.959e-06,1,0
2,4.1e-06,2,0
3,6.502e-06,3,0
4,1.0294e-05,4,0
5,1.4162e-05,5,0
6,2.0188e-05,6,0
7,2.6604e-05,7,0
8,3.4161e-05,8,0
9,4.3134e-05,9,0
10,5.2448e-05,10,0
11,8.5056e-05,11,0
12,7.7356e-05,12,0
13,9.0483e-05,13,0
14,0.000105628,14,0
15,0.00012199,15,0
16,0.000139479,16,0
17,0.000160709,17,0
18,0.000199387,18,0
19,0.000203927,19,0
20,0.000228555,20,0
