tam,tiempo,agentes,votos
1,3.79e-06,1,0
2,4.125e-06,2,0
3,6.554e-06,3,0
4,1.0017e-05,4,0
5,1.4413e-05,5,0
6,2.0164e-05,6,0
7,2.6518e-05,7,0
8,3.4141e-05,8,0
9,4.3044e-05,9,0
10,5.2502e-05,10,0
11,6.3966e-05,11,0
12,7.6793e-05,12,0
13,9.0426e-05,13,0
14,0.000105234,14,0
15,0.000122372,15,0
16,0.000140178,16,0
17,0.00016072,17,0
18,0.00018017,18,0
19,0.00020337,19,0
20,0.000228318,20,0
