tam,tiempo,agentes,votos
1,4.626e-06,1,0
2,4.2e-06,2,0
3,6.502e-06,3,0
4,1.0036e-05,4,0
5,1.4231e-05,5,0
6,2.0233e-05,6,0
7,2.6895e-05,7,0
8,3.4086e-05,8,0
9,4.3314e-05,9,0
10,5.6336e-05,10,0
11,6.3607e-05,11,0
12,7.6425e-05,12,0
13,9.0155e-05,13,0
14,0.000105755,14,0
15,0.000122519,15,0
16,0.000142341,16,0
17,0.000163963,17,0
18,0.000180735,18,0
19,0.000210688,19,0
20,0.000228878,20,0
