tam,tiempo,agentes,votos
1,3.761e-06,1,0
2,4.166e-06,2,0
3,6.497e-06,3,0
4,9.914e-06,4,0
5,1.4466e-05,5,0
6,2.0229e-05,6,0
7,2.68e-05,7,0
8,3.4122e-05,8,0
9,4.3261e-05,9,0
10,5.2838e-05,10,0
11,6.3613e-05,11,0
12,7.658e-05,12,0
13,8.9816e-05,13,0
14,0.000105255,14,0
15,0.000122192,15,0
16,0.000139522,16,0
17,0.000160133,17,0
18,0.000180662,18,0
19,0.000204021,19,0
20,0.000228161,20,0
