tam,tiempo,agentes,votos
1,3.514e-06,1,0
2,4.079e-06,2,0
3,6.476e-06,3,0
4,1.0046e-05,4,0
5,1.4504e-05,5,0
6,2.0087e-05,6,0
7,2.6739e-05,7,0
8,3.4272e-05,8,0
9,4.3241e-05,9,0
10,5.2483e-05,10,0
11,6.3507e-05,11,0
12,7.7619e-05,12,0
13,9.0001e-05,13,0
14,0.000105062,14,0
15,0.000122138,15,0
16,0.000139989,16,0
17,0.00015994,17,0
18,0.00018015,18,0
19,0.000203337,19,0
20,0.000236321,20,0
