tam,tiempo,agentes,votos
1,3.574e-06,1,0
2,4.161e-06,2,0
3,6.512e-06,3,0
4,1.002e-05,4,0
5,1.4464e-05,5,0
6,2.0053e-05,6,0
7,2.6561e-05,7,0
8,3.4062e-05,8,0
9,4.3025e-05,9,0
10,5.2506e-05,10,0
11,6.3738e-05,11,0
12,7.6644e-05,12,0
13,8.9935e-05,13,0
14,0.000105151,14,0
15,0.000122389,15,0
16,0.000140181,16,0
17,0.000160398,17,0
18,0.000179998,18,0
19,0.000204018,19,0
20,0.0002285,20,0
