tam,tiempo,agentes,votos
1,3.847e-06,1,0
2,4.111e-06,2,0
3,6.533e-06,3,0
4,1.0106e-05,4,0
5,1.4369e-05,5,0
6,2.0074e-05,6,0
7,2.6715e-05,7,0
8,3.3936e-05,8,0
9,4.3049e-05,9,0
10,5.2299e-05,10,0
11,6.3732e-05,11,0
12,8.8533e-05,12,0
13,0.000108218,13,0
14,0.00010553,14,0
15,0.000122451,15,0
16,0.000140084,16,0
17,0.000160667,17,0
18,0.00018042,18,0
19,0.000203932,19,0
20,0.000227645,20,0
