tam,tiempo,agentes,votos
1,4.054e-06,1,0
2,4.139e-06,2,0
3,6.401e-06,3,0
4,1.0065e-05,4,0
5,3.9395e-05,5,0
6,2.0251e-05,6,0
7,2.6559e-05,7,0
8,3.4046e-05,8,0
9,4.313e-05,9,0
10,5.2439e-05,10,0
11,6.3812e-05,11,0
12,7.6674e-05,12,0
13,9.0283e-05,13,0
14,0.000105097,14,0
15,0.000122421,15,0
16,0.000140179,16,0
17,0.000160872,17,0
18,0.000206786,18,0
19,0.000204843,19,0
20,0.000228822,20,0
