tam,tiempo,agentes,votos
1,3.888e-06,1,0
2,4.155e-06,2,0
3,6.511e-06,3,0
4,1.0038e-05,4,0
5,1.4532e-05,5,0
6,2.0256e-05,6,0
7,2.6707e-05,7,0
8,3.4115e-05,8,0
9,4.303e-05,9,0
10,5.2381e-05,10,0
11,6.3774e-05,11,0
12,8.5114e-05,12,0
13,9.132e-05,13,0
14,0.000105488,14,0
15,0.000122324,15,0
16,0.000140281,16,0
17,0.00016004,17,0
18,0.000180451,18,0
19,0.000203471,19,0
20,0.000228354,20,0
