tam,tiempo,agentes,votos
1,4.818e-06,1,0
1,4.46e-06,2,2
1,3.562e-06,3,4
1,1.591e-05,4,8
2,1.5238e-05,5,12
0,1.4988e-05,6,18
1,3.1496e-05,7,24
1,4.5901e-05,8,32
0,6.1964e-05,9,40
1,5.9006e-05,10,50
0,3.6126e-05,11,60
0,9.6306e-05,12,72
0,9.058e-05,13,84
0,4.6511e-05,14,98
0,7.819e-05,15,112
0,7.5388e-05,16,128
0,0.000105022,17,144
0,0.000109642,18,162
0,8.4286e-05,19,180
0,0.000112152,20,200
0,0.000152061,21,220
0,0.000122834,22,242
0,0.000119317,23,264
0,0.000250397,24,288
0,0.000182551,25,312
0,0.00031951,26,338
0,0.000163554,27,364
1,0.000299458,28,392
0,0.000163474,29,420
0,0.000287917,30,450
0,0.000272147,31,480
0,0.00020383,32,512
0,0.000504704,33,544
0,0.000235335,34,578
0,0.000262937,35,612
0,0.000348755,36,648
0,0.000318494,37,684
0,0.000275678,38,722
0,0.000392252,39,760
0,0.00029506,40,800
0,0.000412412,41,840
0,0.000391384,42,882
0,0.000433528,43,924
0,0.000352406,44,968
0,0.000417855,45,1012
0,0.000383918,46,1058
0,0.00050804,47,1104
0,0.000586063,48,1152
0,0.000638564,49,1200
0,0.000452109,50,1250
