tam,tiempo,agentes,votos
1,5.081e-06,1,0
1,4.291e-06,2,2
2,8.336e-06,3,4
0,7.733e-06,4,8
1,1.2201e-05,5,12
2,2.7802e-05,6,18
0,3.9335e-05,7,24
0,3.9776e-05,8,32
0,2.9092e-05,9,40
0,4.9027e-05,10,50
0,3.3419e-05,11,60
0,6.4662e-05,12,72
1,6.2949e-05,13,84
0,6.7028e-05,14,98
0,0.000114544,15,112
0,0.000111499,16,128
0,6.954e-05,17,144
0,0.000225853,18,162
0,0.0002323,19,180
0,0.000101418,20,200
0,0.000143415,21,220
0,0.00016914,22,242
0,0.000156401,23,264
0,0.000128967,24,288
0,0.000261567,25,312
0,0.00013894,26,338
0,0.000217229,27,364
0,0.000190677,28,392
0,0.000289258,29,420
0,0.000193086,30,450
0,0.000231952,31,480
0,0.000262131,32,512
0,0.000258655,33,544
0,0.000284563,34,578
0,0.000269727,35,612
0,0.00025566,36,648
0,0.000254885,37,684
0,0.0003515,38,722
0,0.000338481,39,760
0,0.000428011,40,800
0,0.000405991,41,840
0,0.000374768,42,882
0,0.000378232,43,924
0,0.000408698,44,968
0,0.000507491,45,1012
0,0.000415654,46,1058
0,0.000412642,47,1104
0,0.000417964,48,1152
0,0.00046419,49,1200
0,0.000506437,50,1250
