tam,tiempo,agentes,votos
1,5.258e-06,1,0
1,4.184e-06,2,2
1,5.557e-06,3,4
1,1.4283e-05,4,8
2,1.7618e-05,5,12
1,1.6656e-05,6,18
0,4.1289e-05,7,24
1,2.5531e-05,8,32
0,2.7602e-05,9,40
1,4.8421e-05,10,50
0,5.1896e-05,11,60
0,5.4045e-05,12,72
0,0.000160473,13,84
0,9.5657e-05,14,98
1,0.000100998,15,112
0,7.5426e-05,16,128
0,0.000106694,17,144
0,0.000136011,18,162
0,9.8298e-05,19,180
0,0.00017866,20,200
0,0.000170628,21,220
0,0.000157862,22,242
0,0.000194771,23,264
0,0.000177699,24,288
0,0.000218319,25,312
0,0.000148178,26,338
0,0.000199606,27,364
0,0.000247735,28,392
0,0.000139997,29,420
0,0.000178446,30,450
1,0.00049791,31,480
0,0.000443296,32,512
0,0.000253754,33,544
0,0.000254943,34,578
0,0.000414637,35,612
0,0.000328319,36,648
0,0.000336792,37,684
0,0.000337914,38,722
0,0.00031829,39,760
0,0.000324218,40,800
0,0.000384127,41,840
0,0.00035922,42,882
0,0.000378954,43,924
0,0.000497842,44,968
0,0.000409408,45,1012
0,0.000499287,46,1058
0,0.000431204,47,1104
0,0.000525471,48,1152
0,0.000454882,49,1200
0,0.000451425,50,1250
