tam,tiempo,agentes,votos
1,5.218e-06,1,0
1,2.943e-06,2,2
2,8.077e-06,3,4
2,1.1664e-05,4,8
2,1.8306e-05,5,12
1,1.084e-05,6,18
1,2.2558e-05,7,24
0,3.1545e-05,8,32
1,4.8701e-05,9,40
0,3.3574e-05,10,50
1,3.8396e-05,11,60
0,3.3773e-05,12,72
0,6.0609e-05,13,84
0,7.9964e-05,14,98
0,5.5514e-05,15,112
0,6.0786e-05,16,128
1,0.00013697,17,144
0,0.000241613,18,162
0,0.000180031,19,180
0,0.000123746,20,200
0,0.000162672,21,220
1,0.000560616,22,242
0,9.7862e-05,23,264
0,0.000174335,24,288
0,0.000205024,25,312
0,0.000186693,26,338
0,0.000157807,27,364
0,0.000163045,28,392
0,0.000226739,29,420
0,0.000208613,30,450
0,0.000648564,31,480
0,0.000192319,32,512
0,0.000222439,33,544
0,0.000315519,34,578
0,0.000371184,35,612
0,0.000281642,36,648
0,0.000335527,37,684
0,0.000309764,38,722
0,0.000338156,39,760
0,0.000352653,40,800
0,0.000567857,41,840
0,0.00042964,42,882
0,0.00051258,43,924
0,0.000417612,44,968
0,0.000384942,45,1012
0,0.000383379,46,1058
0,0.000567025,47,1104
0,0.000444665,48,1152
0,0.0004621,49,1200
0,0.000571197,50,1250
