tam,tiempo,agentes,votos
1,3.473e-06,1,0
1,3.342e-06,2,2
2,5.737e-06,3,4
1,1.0398e-05,4,8
1,2.0196e-05,5,12
2,2.5588e-05,6,18
0,1.5306e-05,7,24
0,3.9741e-05,8,32
0,3.4589e-05,9,40
1,9.2191e-05,10,50
1,4.727e-05,11,60
1,4.8383e-05,12,72
1,7.8016e-05,13,84
0,0.000113125,14,98
0,8.255e-05,15,112
0,0.000100906,16,128
0,9.7762e-05,17,144
0,0.000109841,18,162
0,0.000147428,19,180
0,0.000138508,20,200
1,0.000206911,21,220
0,9.0311e-05,22,242
0,0.000196673,23,264
0,0.000170649,24,288
0,0.000144362,25,312
0,0.000303052,26,338
0,0.000223485,27,364
0,0.000321278,28,392
0,0.000247478,29,420
0,0.00022467,30,450
0,0.000333502,31,480
0,0.000342046,32,512
0,0.000262282,33,544
0,0.000357991,34,578
0,0.000356863,35,612
0,0.000384012,36,648
0,0.000392495,37,684
0,0.000299151,38,722
0,0.000437927,39,760
0,0.00037988,40,800
0,0.000360943,41,840
0,0.000405461,42,882
0,0.000409372,43,924
0,0.000527976,44,968
0,0.000451114,45,1012
0,0.000468321,46,1058
0,0.000639262,47,1104
0,0.000707305,48,1152
0,0.000489518,49,1200
0,0.000963037,50,1250
