tam,tiempo,agentes,votos
1,5.105e-06,1,0
1,3.769e-06,2,2
1,7.462e-06,3,4
1,1.212e-05,4,8
1,8.677e-06,5,12
0,2.7092e-05,6,18
1,2.047e-05,7,24
1,3.7686e-05,8,32
0,2.5587e-05,9,40
0,5.2806e-05,10,50
0,4.9863e-05,11,60
2,6.2328e-05,12,72
0,8.8584e-05,13,84
0,6.9863e-05,14,98
0,8.6427e-05,15,112
0,0.000126092,16,128
0,0.000123789,17,144
0,0.000123325,18,162
0,0.000135714,19,180
0,0.000144937,20,200
0,0.000154877,21,220
0,0.000130193,22,242
0,0.000161857,23,264
0,0.000157464,24,288
0,0.000138608,25,312
0,0.000182912,26,338
0,0.000295639,27,364
0,0.000242464,28,392
0,0.000173772,29,420
0,0.000193343,30,450
0,0.000186936,31,480
0,0.000239322,32,512
0,0.000300927,33,544
0,0.000336893,34,578
0,0.000230972,35,612
0,0.000412746,36,648
0,0.000349374,37,684
0,0.000296356,38,722
0,0.000318768,39,760
0,0.000346681,40,800
0,0.000472793,41,840
0,0.000482826,42,882
0,0.000339024,43,924
0,0.000539536,44,968
0,0.000408558,45,1012
0,0.000425623,46,1058
0,0.000431599,47,1104
0,0.000604142,48,1152
0,0.000526392,49,1200
0,0.000452326,50,1250
