tam,tiempo,agentes,votos
1,5.045e-06,1,0
1,4.492e-06,2,2
1,5.039e-06,3,4
0,9.886e-06,4,8
0,1.4035e-05,5,12
2,1.699e-05,6,18
1,2.3067e-05,7,24
1,5.9979e-05,8,32
1,5.9803e-05,9,40
0,5.2163e-05,10,50
1,7.2394e-05,11,60
0,7.851e-05,12,72
0,0.000173854,13,84
0,5.7121e-05,14,98
2,0.000154841,15,112
0,6.5896e-05,16,128
0,7.6005e-05,17,144
0,0.000241403,18,162
0,0.000122596,19,180
0,9.8781e-05,20,200
0,0.000152824,21,220
0,0.000164003,22,242
0,0.000137204,23,264
0,0.000193973,24,288
0,0.000139113,25,312
0,0.00026426,26,338
0,0.00021644,27,364
0,0.00019024,28,392
0,0.000312615,29,420
0,0.000271675,30,450
0,0.000231221,31,480
0,0.000257248,32,512
0,0.000204799,33,544
0,0.00026635,34,578
0,0.000295057,35,612
0,0.00027614,36,648
0,0.00029623,37,684
0,0.000377195,38,722
0,0.00028278,39,760
0,0.000302586,40,800
0,0.000346314,41,840
0,0.000460485,42,882
0,0.000449386,43,924
0,0.000369131,44,968
0,0.000517875,45,1012
0,0.000425003,46,1058
0,0.000431312,47,1104
0,0.000533331,48,1152
0,0.000445376,49,1200
0,0.000760852,50,1250
