tam,tiempo,agentes,votos
1,5.047e-06,1,0
0,2.958e-06,2,2
0,3.766e-06,3,4
2,1.0782e-05,4,8
1,1.3301e-05,5,12
0,1.5083e-05,6,18
0,2.5306e-05,7,24
0,2.1554e-05,8,32
0,4.3059e-05,9,40
0,4.8239e-05,10,50
0,7.3407e-05,11,60
0,7.0824e-05,12,72
0,4.0537e-05,13,84
0,6.9911e-05,14,98
0,0.000120381,15,112
0,0.000105213,16,128
0,6.3373e-05,17,144
0,9.929e-05,18,162
0,0.0001771,19,180
0,0.000101237,20,200
0,0.000136021,21,220
0,0.000173718,22,242
0,0.000437223,23,264
0,0.000164952,24,288
0,0.000134015,25,312
0,0.000195258,26,338
0,0.00013505,27,364
0,0.000172472,28,392
0,0.000245303,29,420
0,0.000222867,30,450
0,0.000226871,31,480
0,0.000215475,32,512
0,0.000354126,33,544
0,0.000371402,34,578
0,0.000371368,35,612
0,0.000360522,36,648
0,0.000376152,37,684
0,0.000282897,38,722
0,0.000360455,39,760
0,0.000317096,40,800
0,0.000383667,41,840
0,0.000358617,42,882
0,0.000431123,43,924
0,0.000384472,44,968
0,0.000522971,45,1012
0,0.000474165,46,1058
0,0.00051561,47,1104
0,0.000427508,48,1152
0,0.000434509,49,1200
0,0.000524222,50,1250
