tam,tiempo,agentes,votos
1,6.074e-06,1,0
1,4.417e-06,2,2
2,5.203e-06,3,4
2,9.112e-06,4,8
2,1.384e-05,5,12
3,2.7224e-05,6,18
1,4.0487e-05,7,24
0,2.6814e-05,8,32
0,4.2061e-05,9,40
1,4.6906e-05,10,50
0,5.3544e-05,11,60
0,8.5956e-05,12,72
0,7.3088e-05,13,84
0,0.000125913,14,98
0,0.000145802,15,112
0,9.9634e-05,16,128
1,8.8688e-05,17,144
0,0.00021151,18,162
0,0.000128405,19,180
0,0.000127184,20,200
0,0.000231279,21,220
0,0.000123438,22,242
0,0.000179383,23,264
0,0.000133056,24,288
0,0.000125415,25,312
0,0.000147461,26,338
0,0.000198542,27,364
0,0.000200666,28,392
0,0.000143989,29,420
0,0.000183502,30,450
0,0.000339348,31,480
0,0.000262374,32,512
0,0.000390053,33,544
0,0.000420954,34,578
0,0.000243934,35,612
0,0.000288131,36,648
0,0.000314681,37,684
0,0.000295868,38,722
0,0.000295953,39,760
0,0.000325397,40,800
0,0.000709116,41,840
0,0.000482753,42,882
0,0.000386492,43,924
0,0.000622319,44,968
0,0.000375862,45,1012
0,0.000433176,46,1058
0,0.000404049,47,1104
0,0.000488607,48,1152
0,0.000462118,49,1200
0,0.000487226,50,1250
