tam,tiempo,agentes,votos
1,4.976e-06,1,0
1,4.155e-06,2,2
1,8.412e-06,3,4
1,6.454e-06,4,8
1,1.269e-05,5,12
0,1.6395e-05,6,18
2,3.1861e-05,7,24
0,2.1577e-05,8,32
0,3.6328e-05,9,40
1,6.191e-05,10,50
0,6.3457e-05,11,60
0,3.8218e-05,12,72
0,7.0675e-05,13,84
0,5.6563e-05,14,98
0,0.000103432,15,112
0,0.000185339,16,128
0,9.8286e-05,17,144
0,8.2741e-05,18,162
0,8.35e-05,19,180
0,0.00017428,20,200
0,0.000175503,21,220
0,0.000169574,22,242
0,0.000295609,23,264
0,0.000280424,24,288
0,0.000277048,25,312
0,0.000178785,26,338
0,0.00024056,27,364
0,0.000206345,28,392
0,0.000237944,29,420
0,0.00019222,30,450
0,0.000232658,31,480
0,0.00029453,32,512
0,0.000304063,33,544
0,0.000220251,34,578
0,0.00030914,35,612
0,0.000350165,36,648
0,0.000415226,37,684
0,0.000337202,38,722
0,0.000313238,39,760
0,0.000303127,40,800
0,0.000341311,41,840
0,0.000367747,42,882
0,0.000356636,43,924
0,0.000397142,44,968
0,0.000413737,45,1012
0,0.000480464,46,1058
0,0.000424103,47,1104
0,0.000470651,48,1152
0,0.000523283,49,1200
0,0.000619141,50,1250
