tam,tiempo,agentes,votos
1,5.143e-06,1,0
1,2.789e-06,2,2
0,5.516e-06,3,4
3,1.2902e-05,4,8
1,1.7371e-05,5,12
0,1.2021e-05,6,18
3,2.7471e-05,7,24
1,4.4949e-05,8,32
1,0.000100561,9,40
1,4.8294e-05,10,50
0,6.0754e-05,11,60
0,8.5114e-05,12,72
0,4.3434e-05,13,84
0,0.000120822,14,98
0,9.7474e-05,15,112
1,0.000164286,16,128
0,0.000102297,17,144
2,0.000163307,18,162
0,8.1132e-05,19,180
0,0.000162922,20,200
0,0.000181102,21,220
0,0.000193881,22,242
0,0.000113461,23,264
0,0.000220375,24,288
0,0.000163107,25,312
0,0.000147502,26,338
0,0.000489262,27,364
0,0.000130074,28,392
0,0.000240453,29,420
0,0.000253457,30,450
0,0.000180867,31,480
0,0.000260641,32,512
0,0.000222697,33,544
0,0.000266023,34,578
0,0.000320666,35,612
0,0.000268668,36,648
0,0.000288341,37,684
0,0.000282539,38,722
0,0.000274717,39,760
0,0.000360747,40,800
0,0.000316953,41,840
0,0.000443555,42,882
0,0.000583229,43,924
0,0.000386597,44,968
0,0.000427568,45,1012
0,0.000391798,46,1058
0,0.000404178,47,1104
0,0.000489155,48,1152
0,0.000516602,49,1200
0,0.000451103,50,1250
