tam,tiempo,agentes,votos
1,5.027e-06,1,0
1,2.787e-06,2,2
3,8.172e-06,3,4
1,6.483e-06,4,8
3,2.9544e-05,5,12
1,2.8629e-05,6,18
1,4.5021e-05,7,24
1,3.5043e-05,8,32
1,4.3465e-05,9,40
0,9.7442e-05,10,50
2,8.4128e-05,11,60
0,5.2367e-05,12,72
0,8.7964e-05,13,84
0,0.000104374,14,98
0,0.000122251,15,112
0,5.407e-05,16,128
0,0.000123447,17,144
1,0.00015605,18,162
0,0.000125511,19,180
0,0.000140984,20,200
0,0.000116983,21,220
0,0.000241039,22,242
0,0.000156217,23,264
0,0.000124768,24,288
0,0.000201087,25,312
0,0.000169179,26,338
0,0.000166615,27,364
0,0.000135423,28,392
0,0.000188015,29,420
0,0.000377378,30,450
0,0.000261355,31,480
0,0.00022746,32,512
0,0.000383793,33,544
0,0.000231398,34,578
0,0.000270982,35,612
0,0.000282595,36,648
0,0.000329712,37,684
0,0.000304465,38,722
0,0.000282336,39,760
0,0.000295658,40,800
0,0.000333125,41,840
0,0.000343481,42,882
0,0.00036932,43,924
0,0.000351521,44,968
0,0.000425124,45,1012
0,0.000419241,46,1058
0,0.000549635,47,1104
0,0.000497627,48,1152
0,0.00043526,49,1200
0,0.000469838,50,1250
