tam,tiempo,agentes,votos
1,5.545e-06,1,0
1,3.617e-06,2,2
0,6.338e-06,3,4
1,7.072e-06,4,8
2,1.8836e-05,5,12
2,3.5774e-05,6,18
1,2.7919e-05,7,24
1,4.3902e-05,8,32
2,4.8883e-05,9,40
2,4.6702e-05,10,50
2,8.0987e-05,11,60
0,6.5138e-05,12,72
1,0.000136353,13,84
0,9.9023e-05,14,98
1,0.000136825,15,112
1,0.000143909,16,128
2,0.000200757,17,144
1,0.000143018,18,162
0,0.000118892,19,180
1,0.000109219,20,200
1,0.000211268,21,220
0,0.000176117,22,242
0,0.000191388,23,264
0,0.000116943,24,288
0,0.000247035,25,312
0,0.000152231,26,338
0,0.000310623,27,364
0,0.000153658,28,392
0,0.000207697,29,420
0,0.000272559,30,450
0,0.000232407,31,480
0,0.000308504,32,512
0,0.000228592,33,544
0,0.000216334,34,578
0,0.000290111,35,612
0,0.00034736,36,648
0,0.000408441,37,684
0,0.000344714,38,722
0,0.000274661,39,760
0,0.000468832,40,800
0,0.000367142,41,840
0,0.000343596,42,882
0,0.000363093,43,924
0,0.000531023,44,968
0,0.000385388,45,1012
0,0.000501782,46,1058
0,0.000465819,47,1104
0,0.000419938,48,1152
0,0.000498899,49,1200
0,0.000522272,50,1250
