tam,tiempo,agentes,votos
1,5.505e-06,1,0
1,3.023e-06,2,2
1,5.348e-06,3,4
3,1.572e-05,4,8
3,2.196e-05,5,12
3,2.2455e-05,6,18
1,1.902e-05,7,24
1,1.9968e-05,8,32
0,4.4812e-05,9,40
1,5.2608e-05,10,50
1,3.6068e-05,11,60
0,4.7939e-05,12,72
1,0.000153036,13,84
1,0.000206834,14,98
0,8.8868e-05,15,112
0,0.000481118,16,128
0,0.000130592,17,144
0,0.000119628,18,162
0,9.1164e-05,19,180
0,0.000131513,20,200
1,0.000134592,21,220
0,0.000149307,22,242
0,0.000218891,23,264
0,0.000142577,24,288
0,0.000289596,25,312
0,0.000169881,26,338
0,0.000131063,27,364
0,0.000306992,28,392
0,0.000241469,29,420
0,0.000208588,30,450
0,0.000260317,31,480
0,0.00028564,32,512
0,0.000373259,33,544
0,0.000378875,34,578
0,0.000347165,35,612
0,0.000292365,36,648
0,0.000342222,37,684
0,0.000447273,38,722
0,0.000437033,39,760
0,0.000537218,40,800
0,0.000323963,41,840
0,0.000383656,42,882
0,0.000569837,43,924
0,0.000386617,44,968
0,0.000394184,45,1012
0,0.000383819,46,1058
0,0.000431234,47,1104
0,0.000420053,48,1152
0,0.000542241,49,1200
0,0.000453872,50,1250
