tam,tiempo,agentes,votos
1,5.267e-06,1,0
2,4.658e-06,2,2
2,8.253e-06,3,4
1,1.1884e-05,4,8
2,1.9497e-05,5,12
0,1.0978e-05,6,18
0,2.0841e-05,7,24
2,6.7341e-05,8,32
0,6.217e-05,9,40
1,9.4983e-05,10,50
0,4.8911e-05,11,60
0,5.0061e-05,12,72
1,8.3448e-05,13,84
0,0.000115499,14,98
0,0.000124098,15,112
0,9.8929e-05,16,128
0,0.000100411,17,144
0,8.2891e-05,18,162
0,0.000171031,19,180
0,0.000120481,20,200
0,0.000120862,21,220
0,0.000206529,22,242
0,0.000153074,23,264
0,0.000101178,24,288
0,0.000236018,25,312
0,0.000174153,26,338
0,0.000131486,27,364
0,0.00034583,28,392
0,0.000177943,29,420
0,0.000173562,30,450
0,0.000228118,31,480
0,0.000270235,32,512
0,0.000308734,33,544
0,0.000209819,34,578
0,0.000230468,35,612
0,0.000326554,36,648
0,0.000367191,37,684
0,0.000315185,38,722
0,0.000382491,39,760
0,0.000376106,40,800
0,0.00030365,41,840
0,0.000466411,42,882
0,0.000519863,43,924
0,0.000369095,44,968
0,0.000376181,45,1012
0,0.000483972,46,1058
0,0.000445666,47,1104
0,0.000436683,48,1152
0,0.000453799,49,1200
0,0.000706913,50,1250
