tam,tiempo,agentes,votos
1,4.911e-06,1,0
1,2.838e-06,2,2
1,6.26e-06,3,4
3,1.3394e-05,4,8
2,2.1995e-05,5,12
0,1.8935e-05,6,18
0,2.8462e-05,7,24
0,2.6775e-05,8,32
1,4.1692e-05,9,40
1,3.7566e-05,10,50
1,4.1604e-05,11,60
0,0.000127329,12,72
0,7.0657e-05,13,84
1,0.000155321,14,98
0,9.7068e-05,15,112
0,0.000101009,16,128
0,0.000167712,17,144
0,8.3788e-05,18,162
0,9.4514e-05,19,180
0,0.000189781,20,200
0,0.000124976,21,220
0,0.000158977,22,242
0,0.000196206,23,264
0,0.000138244,24,288
0,0.000188607,25,312
0,0.000244035,26,338
1,0.000308446,27,364
0,0.00020578,28,392
0,0.000328436,29,420
0,0.000234707,30,450
0,0.000260237,31,480
0,0.000455354,32,512
0,0.00036131,33,544
0,0.00025438,34,578
0,0.000263973,35,612
0,0.000322051,36,648
0,0.00032926,37,684
0,0.000523812,38,722
0,0.000410092,39,760
0,0.000324541,40,800
0,0.000413942,41,840
0,0.000450803,42,882
0,0.000378951,43,924
0,0.000441516,44,968
0,0.00084529,45,1012
0,0.000383159,46,1058
0,0.000518511,47,1104
0,0.000526457,48,1152
0,0.000499496,49,1200
0,0.000479701,50,1250
