tam,tiempo,agentes,votos
1,5.058e-06,1,0
1,3.72e-06,2,2
2,7.113e-06,3,4
2,7.35e-06,4,8
0,9.096e-06,5,12
0,2.7741e-05,6,18
1,3.2881e-05,7,24
2,3.134e-05,8,32
0,4.0715e-05,9,40
0,4.9577e-05,10,50
1,0.00014158,11,60
0,6.0075e-05,12,72
0,0.000103569,13,84
0,6.9985e-05,14,98
0,7.435e-05,15,112
0,4.7891e-05,16,128
0,8.635e-05,17,144
0,0.000142599,18,162
0,0.000118768,19,180
0,0.000138524,20,200
0,0.000132204,21,220
0,0.000125559,22,242
0,0.000219298,23,264
0,0.000169532,24,288
0,0.000192361,25,312
0,0.000130658,26,338
0,0.000149409,27,364
0,0.000149474,28,392
0,0.000192471,29,420
0,0.000296243,30,450
0,0.000266735,31,480
0,0.000244723,32,512
0,0.000234492,33,544
0,0.000272435,34,578
0,0.000257354,35,612
0,0.000262786,36,648
0,0.000248693,37,684
0,0.000282681,38,722
0,0.000480653,39,760
0,0.000426242,40,800
0,0.0006504,41,840
0,0.000412634,42,882
0,0.000661069,43,924
0,0.000370382,44,968
0,0.000384652,45,1012
0,0.000416683,46,1058
0,0.00042081,47,1104
0,0.000427367,48,1152
0,0.000524924,49,1200
0,0.000515902,50,1250
