tam,tiempo,agentes,votos
1,5.252e-06,1,0
2,5.642e-06,2,2
2,8.531e-06,3,4
0,1.0052e-05,4,8
3,1.7703e-05,5,12
1,4.8941e-05,6,18
1,3.3358e-05,7,24
1,5.4623e-05,8,32
0,6.7078e-05,9,40
1,9.9169e-05,10,50
1,6.7675e-05,11,60
0,0.00014421,12,72
0,6.8587e-05,13,84
0,6.4802e-05,14,98
1,0.000139682,15,112
0,0.000181672,16,128
1,0.000122176,17,144
1,0.000146688,18,162
0,0.00012967,19,180
0,0.000234359,20,200
0,8.6557e-05,21,220
0,0.000127474,22,242
0,0.000121487,23,264
0,0.000160772,24,288
0,0.000200682,25,312
0,0.000169175,26,338
0,0.000126469,27,364
0,0.000149339,28,392
0,0.000163202,29,420
0,0.000412713,30,450
0,0.000339326,31,480
0,0.000221516,32,512
0,0.00027718,33,544
0,0.000229434,34,578
0,0.000269523,35,612
0,0.000314661,36,648
0,0.000349305,37,684
0,0.000317471,38,722
0,0.000437222,39,760
0,0.000396657,40,800
0,0.000473883,41,840
0,0.000441308,42,882
0,0.000645963,43,924
0,0.000385675,44,968
0,0.000417509,45,1012
0,0.00038322,46,1058
0,0.000440937,47,1104
0,0.000534009,48,1152
0,0.000472411,49,1200
0,0.000633075,50,1250
