tam,tiempo,agentes,votos
1,4.844e-06,1,0
1,2.767e-06,2,2
0,4.635e-06,3,4
2,1.3688e-05,4,8
2,2.496e-05,5,12
2,2.0703e-05,6,18
2,2.5003e-05,7,24
0,2.6516e-05,8,32
0,5.7804e-05,9,40
0,4.512e-05,10,50
0,7.459e-05,11,60
0,8.3126e-05,12,72
1,7.6156e-05,13,84
0,5.6187e-05,14,98
0,6.0516e-05,15,112
0,0.000134835,16,128
1,0.000177761,17,144
0,0.000117101,18,162
0,7.7037e-05,19,180
0,0.000134612,20,200
0,0.000166368,21,220
0,0.000110514,22,242
0,0.000215247,23,264
0,0.000214127,24,288
0,0.0001906,25,312
0,0.000147936,26,338
0,0.00021212,27,364
0,0.000369016,28,392
0,0.000168711,29,420
0,0.000294993,30,450
0,0.000203458,31,480
0,0.000262786,32,512
0,0.000282639,33,544
0,0.000222879,34,578
0,0.000442828,35,612
0,0.000268576,36,648
0,0.000289044,37,684
0,0.000345299,38,722
0,0.000324822,39,760
0,0.00033107,40,800
0,0.000368529,41,840
0,0.000374477,42,882
0,0.000514439,43,924
0,0.000361253,44,968
0,0.000367617,45,1012
0,0.000484008,46,1058
0,0.000458098,47,1104
0,0.000464422,48,1152
0,0.000631311,49,1200
0,0.000707258,50,1250
