tam,tiempo,agentes,votos
1,5.036e-06,1,0
2,4.108e-06,2,2
1,6.33e-06,3,4
2,1.21e-05,4,8
1,2.291e-05,5,12
1,2.272e-05,6,18
3,4.7987e-05,7,24
0,2.9021e-05,8,32
0,5.7464e-05,9,40
1,8.0826e-05,10,50
1,3.2622e-05,11,60
0,9.2511e-05,12,72
0,9.7372e-05,13,84
1,0.000118128,14,98
0,9.0251e-05,15,112
1,0.000174043,16,128
0,7.4043e-05,17,144
0,9.6867e-05,18,162
0,0.000129269,19,180
0,0.000159191,20,200
0,0.000124504,21,220
0,0.000205475,22,242
0,0.000137819,23,264
0,0.000206286,24,288
0,0.000126558,25,312
0,0.00017774,26,338
0,0.000185543,27,364
0,0.000270803,28,392
0,0.000245847,29,420
0,0.000236447,30,450
0,0.000187376,31,480
0,0.000279896,32,512
0,0.000306891,33,544
0,0.000384479,34,578
0,0.000250206,35,612
0,0.000387147,36,648
0,0.0002959,37,684
0,0.000275727,38,722
0,0.000297024,39,760
0,0.000295868,40,800
0,0.000421874,41,840
0,0.000408901,42,882
0,0.00037095,43,924
0,0.000392999,44,968
0,0.000499035,45,1012
0,0.000432572,46,1058
0,0.000593581,47,1104
0,0.000445651,48,1152
0,0.000624624,49,1200
0,0.000471158,50,1250
