tam,tiempo,agentes,votos
1,5.37e-06,1,0
1,2.753e-06,2,2
1,7.765e-06,3,4
2,1.1592e-05,4,8
1,1.0691e-05,5,12
1,2.6546e-05,6,18
0,2.5551e-05,7,24
1,3.0456e-05,8,32
0,5.0413e-05,9,40
0,3.7888e-05,10,50
0,5.3676e-05,11,60
0,6.9259e-05,12,72
0,0.00010862,13,84
0,0.000184874,14,98
0,6.4205e-05,15,112
0,0.000196679,16,128
0,0.000123763,17,144
0,0.00012967,18,162
0,0.000153317,19,180
0,0.000173491,20,200
0,0.000176979,21,220
0,8.9878e-05,22,242
0,0.000136846,23,264
0,0.000174479,24,288
0,0.000192367,25,312
0,0.000425218,26,338
0,0.000266769,27,364
0,0.000210068,28,392
0,0.000322825,29,420
0,0.000441509,30,450
0,0.000220022,31,480
0,0.00023868,32,512
0,0.000352087,33,544
0,0.000229432,34,578
0,0.000256492,35,612
0,0.00032791,36,648
0,0.00032323,37,684
0,0.000371929,38,722
0,0.0003247,39,760
0,0.000457414,40,800
0,0.000356805,41,840
0,0.000498407,42,882
0,0.000385558,43,924
0,0.000514371,44,968
0,0.000507389,45,1012
0,0.000382788,46,1058
0,0.000636748,47,1104
0,0.000506379,48,1152
0,0.000462391,49,1200
0,0.000487399,50,1250
