tam,tiempo,agentes,votos
1,5.228e-06,1,0
1,4.445e-06,2,2
1,8.096e-06,3,4
2,1.3627e-05,4,8
1,1.5368e-05,5,12
0,1.9861e-05,6,18
0,1.9984e-05,7,24
1,3.9483e-05,8,32
1,5.0023e-05,9,40
0,5.559e-05,10,50
1,8.232e-05,11,60
0,3.3648e-05,12,72
0,0.000119116,13,84
1,0.000112142,14,98
0,8.9639e-05,15,112
2,0.000144086,16,128
0,0.000117395,17,144
1,0.000273774,18,162
0,0.000174128,19,180
0,0.000137708,20,200
0,0.000234909,21,220
0,0.000216556,22,242
0,0.000141495,23,264
0,0.00015479,24,288
0,0.000137782,25,312
0,0.000214545,26,338
0,0.000157272,27,364
0,0.000145552,28,392
0,0.000206857,29,420
0,0.000153296,30,450
0,0.000270957,31,480
0,0.000438653,32,512
0,0.000273915,33,544
0,0.000272123,34,578
0,0.000238079,35,612
0,0.000506276,36,648
0,0.000336249,37,684
0,0.000310627,38,722
0,0.000275101,39,760
0,0.000324223,40,800
0,0.000443698,41,840
0,0.000420218,42,882
0,0.000449849,43,924
0,0.000483814,44,968
0,0.000368015,45,1012
0,0.000492064,46,1058
0,0.000405318,47,1104
0,0.00047135,48,1152
0,0.00063432,49,1200
0,0.000489671,50,1250
