tam,tiempo,agentes,votos
1,5.073e-06,1,0
1,3.752e-06,2,2
1,6.765e-06,3,4
0,5.432e-06,4,8
2,2.6751e-05,5,12
1,1.8583e-05,6,18
1,1.6947e-05,7,24
0,5.0146e-05,8,32
0,4.4491e-05,9,40
0,8.2401e-05,10,50
0,3.8616e-05,11,60
0,5.478e-05,12,72
0,0.000129831,13,84
1,6.523e-05,14,98
0,9.528e-05,15,112
0,0.000145831,16,128
0,0.000101849,17,144
0,0.00012309,18,162
0,0.000129049,19,180
0,0.000183317,20,200
0,0.000222422,21,220
0,0.000127132,22,242
0,0.000316318,23,264
0,0.00010111,24,288
0,0.000220399,25,312
0,0.00017478,26,338
0,0.000406865,27,364
0,0.00015429,28,392
0,0.000149162,29,420
0,0.000173017,30,450
0,0.000198926,31,480
0,0.000352003,32,512
0,0.000235723,33,544
0,0.000341216,34,578
0,0.000334204,35,612
0,0.000375372,36,648
0,0.000324372,37,684
0,0.000304048,38,722
0,0.000364658,39,760
0,0.000360672,40,800
0,0.000333123,41,840
0,0.000327682,42,882
0,0.00033839,43,924
0,0.000393432,44,968
0,0.000409696,45,1012
0,0.000383696,46,1058
0,0.000447865,47,1104
0,0.000471371,48,1152
0,0.000630758,49,1200
0,0.000546389,50,1250
