tam,tiempo,agentes,votos
1,4.969e-06,1,0
0,3.44e-06,2,2
1,1.6091e-05,3,4
3,1.175e-05,4,8
2,1.2887e-05,5,12
1,2.6547e-05,6,18
0,2.5309e-05,7,24
2,2.5429e-05,8,32
0,4.9092e-05,9,40
0,4.4178e-05,10,50
1,5.4066e-05,11,60
0,7.3975e-05,12,72
1,6.8646e-05,13,84
0,6.4508e-05,14,98
0,0.000120103,15,112
0,9.2931e-05,16,128
1,0.000142973,17,144
1,7.3185e-05,18,162
0,0.000121886,19,180
0,0.000242356,20,200
0,0.000170011,21,220
0,0.000154075,22,242
0,0.000152933,23,264
0,0.000128958,24,288
0,0.000139074,25,312
0,0.000253021,26,338
0,0.000357793,27,364
0,0.000195933,28,392
0,0.000159549,29,420
0,0.00017827,30,450
0,0.000288648,31,480
0,0.000210438,32,512
0,0.000432927,33,544
0,0.000434644,34,578
0,0.000300844,35,612
0,0.000328914,36,648
0,0.000484097,37,684
0,0.000331017,38,722
0,0.000338784,39,760
0,0.000331665,40,800
0,0.00048038,41,840
0,0.000366541,42,882
0,0.000362548,43,924
0,0.000497624,44,968
0,0.000483501,45,1012
0,0.000391168,46,1058
0,0.000685735,47,1104
0,0.000542529,48,1152
0,0.000640166,49,1200
0,0.000514237,50,1250
