tam,tiempo,agentes,votos
1,4.94e-06,1,0
2,4.548e-06,2,2
1,5.174e-06,3,4
1,1.1712e-05,4,8
1,1.3838e-05,5,12
1,3.2083e-05,6,18
2,5.1828e-05,7,24
0,2.9011e-05,8,32
0,3.8671e-05,9,40
1,9.5204e-05,10,50
0,5.7898e-05,11,60
1,4.9677e-05,12,72
0,9.5689e-05,13,84
1,5.8986e-05,14,98
0,9.6384e-05,15,112
0,9.3684e-05,16,128
0,0.000209162,17,144
0,0.000115501,18,162
0,0.000115076,19,180
0,0.000246282,20,200
0,0.000196704,21,220
0,0.000181157,22,242
0,0.000124001,23,264
0,0.000202936,24,288
0,0.000206481,25,312
0,0.000120652,26,338
0,0.000208963,27,364
0,0.000135498,28,392
0,0.000197071,29,420
0,0.000242361,30,450
0,0.000339467,31,480
0,0.000192545,32,512
0,0.000216571,33,544
0,0.000304202,34,578
0,0.000475283,35,612
0,0.000314538,36,648
0,0.000261795,37,684
0,0.000592127,38,722
0,0.000374682,39,760
0,0.000345972,40,800
0,0.000376669,41,840
0,0.000358968,42,882
0,0.000402807,43,924
0,0.000417536,44,968
0,0.000533219,45,1012
0,0.000484145,46,1058
0,0.000445947,47,1104
0,0.000469603,48,1152
0,0.000624795,49,1200
0,0.000452927,50,1250
