tam,tiempo,agentes,votos
1,5.188e-06,1,0
2,4.233e-06,2,2
0,3.749e-06,3,4
2,1.26e-05,4,8
1,1.3502e-05,5,12
2,2.3023e-05,6,18
0,3.8239e-05,7,24
2,4.8313e-05,8,32
0,3.092e-05,9,40
0,3.5836e-05,10,50
1,4.1145e-05,11,60
1,6.0475e-05,12,72
0,9.751e-05,13,84
1,0.000169718,14,98
0,0.00013499,15,112
0,9.7686e-05,16,128
0,0.00015184,17,144
0,0.000146473,18,162
0,0.000111385,19,180
0,0.000145777,20,200
0,0.000198798,21,220
0,0.000123344,22,242
0,0.000159649,23,264
0,0.000269737,24,288
0,0.000117304,25,312
0,0.000138579,26,338
0,0.000213106,27,364
0,0.000168175,28,392
0,0.000319655,29,420
0,0.000288293,30,450
0,0.000283564,31,480
0,0.000543576,32,512
0,0.000307438,33,544
0,0.000235556,34,578
0,0.000302156,35,612
0,0.000328115,36,648
0,0.000262269,37,684
0,0.000262163,38,722
0,0.000289366,39,760
0,0.000347098,40,800
0,0.000347711,41,840
0,0.000492467,42,882
0,0.000457342,43,924
0,0.000505891,44,968
0,0.000474797,45,1012
0,0.000434036,46,1058
0,0.00042288,47,1104
0,0.000445972,48,1152
0,0.000481995,49,1200
0,0.000461065,50,1250
