tam,tiempo,agentes,votos
1,5.038e-06,1,0
0,2.975e-06,2,2
1,5.703e-06,3,4
0,5.331e-06,4,8
3,2.7856e-05,5,12
1,1.6401e-05,6,18
1,3.2072e-05,7,24
1,4.6511e-05,8,32
3,9.1767e-05,9,40
2,5.4646e-05,10,50
2,6.3683e-05,11,60
1,0.000106573,12,72
0,0.000106568,13,84
0,9.9031e-05,14,98
0,9.75e-05,15,112
0,0.000117076,16,128
0,0.0001169,17,144
1,0.000210358,18,162
0,0.000181715,19,180
0,0.000191385,20,200
0,0.000119099,21,220
0,0.000108372,22,242
0,0.000153607,23,264
0,0.000177951,24,288
0,0.000268497,25,312
0,0.000147657,26,338
0,0.000135371,27,364
0,0.000308052,28,392
0,0.000615146,29,420
0,0.000223369,30,450
0,0.000232323,31,480
0,0.000512924,32,512
0,0.00025542,33,544
0,0.000290986,34,578
0,0.000333777,35,612
0,0.000315044,36,648
0,0.000329333,37,684
0,0.000413382,38,722
0,0.000570619,39,760
0,0.00041001,40,800
0,0.000359147,41,840
0,0.000513173,42,882
0,0.000643144,43,924
0,0.000433354,44,968
0,0.000459932,45,1012
0,0.000424546,46,1058
0,0.000481008,47,1104
0,0.00046857,48,1152
0,0.00050197,49,1200
0,0.000524255,50,1250
