tam,tiempo,agentes,votos
1,5.463e-06,1,0
1,3.657e-06,2,2
2,5.45e-06,3,4
1,7.904e-06,4,8
1,1.4976e-05,5,12
1,2.3699e-05,6,18
0,3.0452e-05,7,24
0,3.6223e-05,8,32
0,1.7252e-05,9,40
1,4.3524e-05,10,50
0,4.6312e-05,11,60
0,7.4011e-05,12,72
1,9.8225e-05,13,84
0,7.2199e-05,14,98
0,7.3516e-05,15,112
0,9.043e-05,16,128
1,0.000154375,17,144
0,8.7509e-05,18,162
0,8.9934e-05,19,180
0,0.000169245,20,200
0,0.000120666,21,220
0,0.000183255,22,242
0,0.000185802,23,264
0,0.000171451,24,288
0,0.000122761,25,312
0,0.000226835,26,338
0,0.000152252,27,364
0,0.000171484,28,392
0,0.000225997,29,420
0,0.000247508,30,450
0,0.000239233,31,480
0,0.000210178,32,512
0,0.000206992,33,544
0,0.000253055,34,578
0,0.000249059,35,612
0,0.000342453,36,648
0,0.000262543,37,684
0,0.000282389,38,722
0,0.000291834,39,760
0,0.00030402,40,800
0,0.000403859,41,840
0,0.000423739,42,882
0,0.000338895,43,924
0,0.000421003,44,968
0,0.000378018,45,1012
0,0.000402713,46,1058
0,0.000405265,47,1104
0,0.000429296,48,1152
0,0.000436201,49,1200
0,0.000523703,50,1250
