tam,tiempo,agentes,votos
1,6.09e-06,1,0
1,3.564e-06,2,2
3,7.674e-06,3,4
1,6.578e-06,4,8
1,1.8258e-05,5,12
2,3.1232e-05,6,18
1,2.9998e-05,7,24
0,2.2191e-05,8,32
0,5.4466e-05,9,40
2,6.2336e-05,10,50
0,5.8426e-05,11,60
0,4.178e-05,12,72
0,0.00010623,13,84
0,0.000107432,14,98
0,7.1301e-05,15,112
0,7.0963e-05,16,128
0,8.7954e-05,17,144
0,0.000199585,18,162
0,0.000117543,19,180
0,8.4877e-05,20,200
0,0.000204763,21,220
0,0.000104466,22,242
0,0.000122658,23,264
0,0.000128985,24,288
0,0.000206687,25,312
0,0.000163337,26,338
0,0.000172593,27,364
0,0.000147086,28,392
0,0.000187005,29,420
0,0.000159327,30,450
0,0.000221712,31,480
0,0.000258589,32,512
0,0.000212883,33,544
0,0.000248436,34,578
0,0.000228448,35,612
0,0.000317816,36,648
0,0.000277601,37,684
0,0.00026981,38,722
0,0.000283972,39,760
0,0.000337134,40,800
0,0.000337943,41,840
0,0.000388193,42,882
0,0.000347558,43,924
0,0.000361507,44,968
0,0.000386881,45,1012
0,0.00038357,46,1058
0,0.000404615,47,1104
0,0.000428862,48,1152
0,0.000435681,49,1200
0,0.000538471,50,1250
