tam,tiempo,agentes,votos
1,5.784e-06,1,0
1,3.983e-06,2,2
1,5.744e-06,3,4
1,1.1201e-05,4,8
1,9.164e-06,5,12
2,2.729e-05,6,18
0,4.005e-05,7,24
0,3.4376e-05,8,32
0,5.3644e-05,9,40
2,9.3019e-05,10,50
0,3.2281e-05,11,60
2,0.000108912,12,72
0,4.3616e-05,13,84
0,7.7545e-05,14,98
0,5.8634e-05,15,112
0,9.2666e-05,16,128
0,8.8245e-05,17,144
0,6.7089e-05,18,162
0,0.000144447,19,180
0,0.000119709,20,200
0,0.000143248,21,220
0,0.000112481,22,242
0,0.000143783,23,264
0,0.000122305,24,288
0,0.000118767,25,312
0,0.000159291,26,338
0,0.000155131,27,364
0,0.000156437,28,392
0,0.000161065,29,420
0,0.000160235,30,450
0,0.000238641,31,480
0,0.000207868,32,512
0,0.000212996,33,544
0,0.00022063,34,578
0,0.000227893,35,612
0,0.000254421,36,648
0,0.000254556,37,684
0,0.000274139,38,722
0,0.00029237,39,760
0,0.000351089,40,800
0,0.000335803,41,840
0,0.000425365,42,882
0,0.000357278,43,924
0,0.000436391,44,968
0,0.000380311,45,1012
0,0.000393225,46,1058
0,0.000404421,47,1104
0,0.000475687,48,1152
0,0.000445869,49,1200
0,0.000451665,50,1250
