tam,tiempo,agentes,votos
1,5.563e-06,1,0
2,4.623e-06,2,2
1,5.926e-06,3,4
2,9.148e-06,4,8
2,1.3765e-05,5,12
1,1.8633e-05,6,18
1,2.0548e-05,7,24
1,4.0098e-05,8,32
3,4.0538e-05,9,40
1,5.0921e-05,10,50
0,4.6697e-05,11,60
1,3.4346e-05,12,72
0,5.1768e-05,13,84
1,7.7459e-05,14,98
0,4.6224e-05,15,112
0,0.000114489,16,128
0,0.000140571,17,144
0,7.7491e-05,18,162
0,0.000121685,19,180
0,8.0873e-05,20,200
0,0.000129943,21,220
0,9.1242e-05,22,242
0,0.000135363,23,264
0,0.000180792,24,288
0,0.000166809,25,312
0,0.00014167,26,338
0,0.000127206,27,364
0,0.000184502,28,392
0,0.000144905,29,420
0,0.000207301,30,450
0,0.000297351,31,480
0,0.000226915,32,512
0,0.000232604,33,544
0,0.000208191,34,578
0,0.000229197,35,612
0,0.000276178,36,648
0,0.000262319,37,684
0,0.000325386,38,722
0,0.000299434,39,760
0,0.000435192,40,800
0,0.000334652,41,840
0,0.000395538,42,882
0,0.000338562,43,924
0,0.00037236,44,968
0,0.00037792,45,1012
0,0.000392491,46,1058
0,0.000424514,47,1104
0,0.000458274,48,1152
0,0.000489425,49,1200
0,0.000482095,50,1250
