tam,tiempo,agentes,votos
1,5.19e-06,1,0
1,3.396e-06,2,2
2,6.196e-06,3,4
1,1.214e-05,4,8
2,1.1735e-05,5,12
0,3.4024e-05,6,18
0,3.5395e-05,7,24
1,5.5574e-05,8,32
0,3.2755e-05,9,40
0,6.9555e-05,10,50
0,0.000100304,11,60
0,6.2207e-05,12,72
0,9.483e-05,13,84
0,0.000132466,14,98
1,0.000108215,15,112
0,8.4534e-05,16,128
1,0.00013739,17,144
0,6.7068e-05,18,162
0,0.00010346,19,180
0,0.000132424,20,200
0,0.000132958,21,220
0,0.000117321,22,242
0,0.000154399,23,264
0,0.000141473,24,288
0,0.000169057,25,312
0,0.000177857,26,338
0,0.000153109,27,364
0,0.000162226,28,392
0,0.000202386,29,420
0,0.000177209,30,450
0,0.000326865,31,480
0,0.000258153,32,512
0,0.000219627,33,544
0,0.000215665,34,578
0,0.000274756,35,612
0,0.000284266,36,648
0,0.000248367,37,684
0,0.00027604,38,722
0,0.000553311,39,760
0,0.000305817,40,800
0,0.000443771,41,840
0,0.000344816,42,882
0,0.000480928,43,924
0,0.000379241,44,968
0,0.000439409,45,1012
0,0.000404885,46,1058
0,0.000717251,47,1104
0,0.000541527,48,1152
0,0.00044607,49,1200
0,0.000451161,50,1250
