tam,tiempo,agentes,votos
1,5.528e-06,1,0
2,8.108e-06,2,2
2,8.803e-06,3,4
2,2.5271e-05,4,8
1,2.1556e-05,5,12
2,2.6022e-05,6,18
2,4.9529e-05,7,24
0,3.5568e-05,8,32
0,3.4169e-05,9,40
0,5.7076e-05,10,50
1,7.506e-05,11,60
1,0.000108054,12,72
1,0.000113588,13,84
0,7.5737e-05,14,98
0,0.000100163,15,112
0,0.000102336,16,128
0,9.57e-05,17,144
0,0.000167173,18,162
0,0.000110307,19,180
0,0.000119099,20,200
0,0.000124836,21,220
0,0.000112621,22,242
1,0.000224011,23,264
0,0.000127779,24,288
0,0.000148865,25,312
0,0.000127814,26,338
0,0.000171712,27,364
0,0.000151467,28,392
0,0.000155052,29,420
0,0.00016519,30,450
0,0.000203946,31,480
0,0.00026349,32,512
0,0.000231986,33,544
0,0.000221857,34,578
0,0.000291325,35,612
0,0.000310193,36,648
0,0.000281599,37,684
0,0.000355147,38,722
0,0.000345635,39,760
0,0.000314376,40,800
0,0.000346318,41,840
0,0.000547508,42,882
0,0.000347051,43,924
0,0.000389163,44,968
0,0.000369737,45,1012
0,0.000411292,46,1058
0,0.000477798,47,1104
0,0.000443156,48,1152
0,0.000493232,49,1200
0,0.000482082,50,1250
