tam,tiempo,agentes,votos
1,5.564e-06,1,0
0,2.383e-06,2,2
1,7.173e-06,3,4
1,1.0158e-05,4,8
1,1.6471e-05,5,12
2,2.4894e-05,6,18
0,2.4651e-05,7,24
0,3.6965e-05,8,32
1,4.2678e-05,9,40
1,4.0904e-05,10,50
0,9.7571e-05,11,60
0,7.3415e-05,12,72
1,6.9193e-05,13,84
0,4.9639e-05,14,98
0,0.000128856,15,112
0,0.000102871,16,128
0,6.8111e-05,17,144
0,9.2071e-05,18,162
0,0.00021935,19,180
0,9.74e-05,20,200
0,0.000202715,21,220
0,0.000183019,22,242
0,0.000162802,23,264
0,0.000166725,24,288
0,0.000182164,25,312
0,0.000200667,26,338
0,0.000245795,27,364
0,0.000176144,28,392
0,0.000167372,29,420
0,0.000160069,30,450
0,0.000322588,31,480
0,0.000221898,32,512
0,0.000206815,33,544
0,0.000235128,34,578
0,0.000249527,35,612
0,0.000286791,36,648
0,0.000247318,37,684
0,0.000346375,38,722
0,0.000310336,39,760
0,0.000296758,40,800
0,0.000310402,41,840
0,0.000353262,42,882
0,0.000356722,43,924
0,0.000352663,44,968
0,0.000377283,45,1012
0,0.000392573,46,1058
0,0.000467604,47,1104
0,0.00046874,48,1152
0,0.000496192,49,1200
0,0.000472418,50,1250
