tam,tiempo,agentes,votos
1,5.616e-06,1,0
1,3.342e-06,2,2
1,7.551e-06,3,4
2,9.394e-06,4,8
2,1.9735e-05,5,12
1,1.9901e-05,6,18
2,3.3626e-05,7,24
1,3.1668e-05,8,32
0,4.8415e-05,9,40
1,4.8982e-05,10,50
0,6.942e-05,11,60
0,4.2114e-05,12,72
0,6.0427e-05,13,84
0,9.6947e-05,14,98
1,0.000128713,15,112
0,7.3559e-05,16,128
0,5.3832e-05,17,144
0,0.000105533,18,162
0,7.3996e-05,19,180
0,0.000111611,20,200
0,0.000108114,21,220
0,0.000189326,22,242
0,0.000167778,23,264
0,0.00012822,24,288
0,0.000123344,25,312
0,0.000113313,26,338
0,0.000181843,27,364
0,0.000141461,28,392
0,0.000162594,29,420
0,0.000318577,30,450
0,0.000293781,31,480
0,0.000215645,32,512
0,0.000364141,33,544
0,0.000223309,34,578
0,0.00024976,35,612
0,0.000274785,36,648
0,0.000295467,37,684
0,0.000280681,38,722
0,0.000284019,39,760
0,0.00031146,40,800
0,0.000310166,41,840
0,0.000337071,42,882
0,0.000339046,43,924
0,0.000353224,44,968
0,0.000377945,45,1012
0,0.000425025,46,1058
0,0.00040502,47,1104
0,0.000464492,48,1152
0,0.000487684,49,1200
0,0.000471648,50,1250
