tam,tiempo,agentes,votos
1,5.407e-06,1,0
1,3.602e-06,2,2
2,5.947e-06,3,4
2,8.264e-06,4,8
0,2.7146e-05,5,12
0,1.8331e-05,6,18
1,2.0453e-05,7,24
0,3.0747e-05,8,32
1,5.0349e-05,9,40
1,7.6184e-05,10,50
1,0.000104774,11,60
1,4.6918e-05,12,72
0,6.3022e-05,13,84
0,6.9236e-05,14,98
1,9.7616e-05,15,112
1,0.000145835,16,128
0,8.1569e-05,17,144
0,9.0967e-05,18,162
0,7.4131e-05,19,180
0,0.000112732,20,200
0,0.000120375,21,220
0,0.000243761,22,242
0,0.000164273,23,264
0,0.000158614,24,288
0,0.000272519,25,312
0,0.000163719,26,338
0,0.000148112,27,364
0,0.000198284,28,392
0,0.00018358,29,420
0,0.000180519,30,450
0,0.000210186,31,480
0,0.000189614,32,512
0,0.00028846,33,544
0,0.000208082,34,578
0,0.000230921,35,612
0,0.000256351,36,648
0,0.000255358,37,684
0,0.000298067,38,722
0,0.000292234,39,760
0,0.000335608,40,800
0,0.000366594,41,840
0,0.000344679,42,882
0,0.000338704,43,924
0,0.000485264,44,968
0,0.000386731,45,1012
0,0.000402589,46,1058
0,0.000414624,47,1104
0,0.00042027,48,1152
0,0.000548486,49,1200
0,0.00051462,50,1250
