tam,tiempo,agentes,votos
1,5.713e-06,1,0
1,3.544e-06,2,2
2,1.0267e-05,3,4
3,9.447e-06,4,8
1,2.5172e-05,5,12
0,1.8105e-05,6,18
2,2.9753e-05,7,24
1,4.8972e-05,8,32
1,4.2367e-05,9,40
0,4.0546e-05,10,50
1,5.0289e-05,11,60
0,3.9275e-05,12,72
1,4.9781e-05,13,84
1,0.000117405,14,98
0,5.2516e-05,15,112
0,7.4899e-05,16,128
0,0.000122057,17,144
0,0.000113597,18,162
0,0.000108407,19,180
0,0.000112229,20,200
0,0.000115786,21,220
0,0.000113743,22,242
0,0.000136323,23,264
0,0.000121262,24,288
0,0.000152096,25,312
0,0.000123109,26,338
0,0.000142964,27,364
0,0.000141964,28,392
0,0.000197277,29,420
0,0.000176333,30,450
0,0.000237673,31,480
0,0.000220744,32,512
0,0.000200203,33,544
0,0.000341452,34,578
0,0.000235898,35,612
0,0.000255548,36,648
0,0.000276552,37,684
0,0.00026695,38,722
0,0.000283363,39,760
0,0.000288264,40,800
0,0.00031888,41,840
0,0.000400578,42,882
0,0.000413362,43,924
0,0.000379679,44,968
0,0.000377692,45,1012
0,0.00038612,46,1058
0,0.000425567,47,1104
0,0.000486954,48,1152
0,0.000447597,49,1200
0,0.000473865,50,1250
