tam,tiempo,agentes,votos
1,5.249e-06,1,0
1,3.554e-06,2,2
1,5.862e-06,3,4
2,1.2612e-05,4,8
2,9.924e-06,5,12
1,1.6986e-05,6,18
2,2.5403e-05,7,24
0,3.957e-05,8,32
2,3.9678e-05,9,40
1,4.802e-05,10,50
0,4.2594e-05,11,60
2,4.6977e-05,12,72
0,9.4097e-05,13,84
0,4.6318e-05,14,98
0,6.7883e-05,15,112
0,7.4194e-05,16,128
1,0.000134766,17,144
1,0.000132264,18,162
1,8.254e-05,19,180
0,0.000127695,20,200
0,0.000132379,21,220
0,0.000104349,22,242
0,0.000113774,23,264
0,0.000125813,24,288
0,0.000134919,25,312
0,0.000144146,26,338
0,0.000134072,27,364
0,0.000159923,28,392
0,0.00021758,29,420
0,0.000173451,30,450
0,0.000234156,31,480
0,0.000221312,32,512
0,0.000287134,33,544
0,0.000248145,34,578
0,0.000242228,35,612
0,0.00026309,36,648
0,0.000255191,37,684
0,0.000316823,38,722
0,0.000283456,39,760
0,0.000320508,40,800
0,0.000302581,41,840
0,0.000352754,42,882
0,0.000373024,43,924
0,0.000380674,44,968
0,0.000387246,45,1012
0,0.0004578,46,1058
0,0.000424019,47,1104
0,0.000440366,48,1152
0,0.000456103,49,1200
0,0.000453501,50,1250
