tam,tiempo,agentes,votos
1,5.608e-06,1,0
1,3.465e-06,2,2
2,5.973e-06,3,4
1,2.4996e-05,4,8
2,1.6915e-05,5,12
0,1.6894e-05,6,18
1,2.7158e-05,7,24
2,8.2491e-05,8,32
2,5.8304e-05,9,40
1,6.2918e-05,10,50
0,5.8512e-05,11,60
0,6.7312e-05,12,72
0,6.4765e-05,13,84
1,9.345e-05,14,98
0,6.201e-05,15,112
0,6.5262e-05,16,128
0,0.000162435,17,144
0,6.3036e-05,18,162
0,0.000181636,19,180
0,0.000127156,20,200
0,0.000117774,21,220
0,0.000116575,22,242
0,0.00016802,23,264
0,0.000203593,24,288
0,0.000150086,25,312
0,0.000132788,26,338
1,0.0002063,27,364
0,0.000136221,28,392
0,0.000145366,29,420
0,0.000303491,30,450
0,0.000209248,31,480
0,0.000234192,32,512
0,0.000201963,33,544
0,0.00024868,34,578
0,0.000355382,35,612
0,0.000275318,36,648
0,0.000262606,37,684
0,0.000274521,38,722
0,0.000298859,39,760
0,0.000288385,40,800
0,0.000318721,41,840
0,0.000352574,42,882
0,0.000462877,43,924
0,0.000370746,44,968
0,0.000435411,45,1012
0,0.000392248,46,1058
0,0.000423797,47,1104
0,0.000429043,48,1152
0,0.000435905,49,1200
0,0.000451188,50,1250
