tam,tiempo,agentes,votos
1,5.403e-06,1,0
1,3.543e-06,2,2
1,5.562e-06,3,4
1,1.0735e-05,4,8
1,2.3001e-05,5,12
2,1.5682e-05,6,18
1,2.2397e-05,7,24
3,5.7779e-05,8,32
0,2.9168e-05,9,40
0,2.5461e-05,10,50
2,6.636e-05,11,60
1,0.000103987,12,72
1,0.000102214,13,84
0,6.0621e-05,14,98
0,0.000104635,15,112
0,0.000111359,16,128
1,9.8279e-05,17,144
0,0.000109523,18,162
0,0.000137918,19,180
0,0.0001339,20,200
0,0.000128038,21,220
1,0.000114086,22,242
0,0.000146284,23,264
0,0.000105993,24,288
0,0.000113753,25,312
0,0.000282859,26,338
0,0.000166229,27,364
0,0.000185202,28,392
0,0.000263491,29,420
0,0.000186819,30,450
0,0.00024619,31,480
0,0.000196243,32,512
0,0.000263578,33,544
0,0.000241173,34,578
0,0.000249336,35,612
0,0.000240904,36,648
0,0.000255152,37,684
0,0.00026742,38,722
0,0.000299154,39,760
0,0.00042414,40,800
0,0.000414216,41,840
0,0.000336643,42,882
0,0.000348796,43,924
0,0.000371959,44,968
0,0.000368711,45,1012
0,0.000403215,46,1058
0,0.000404975,47,1104
0,0.000456965,48,1152
0,0.00048721,49,1200
0,0.000463965,50,1250
