tam,tiempo,agentes,votos
1,5.519e-06,1,0
1,3.723e-06,2,2
1,5.736e-06,3,4
1,1.564e-05,4,8
1,1.8911e-05,5,12
2,2.9764e-05,6,18
1,2.3637e-05,7,24
1,3.8428e-05,8,32
0,4.2248e-05,9,40
0,4.6882e-05,10,50
2,0.000135024,11,60
2,9.4086e-05,12,72
0,7.8449e-05,13,84
0,5.2262e-05,14,98
0,0.000100642,15,112
0,8.2509e-05,16,128
0,7.7816e-05,17,144
0,8.539e-05,18,162
0,9.2671e-05,19,180
0,9.6364e-05,20,200
0,0.000101524,21,220
1,0.000169563,22,242
0,0.000122117,23,264
0,0.000115964,24,288
0,0.000114564,25,312
0,0.000132233,26,338
0,0.000133226,27,364
0,0.000160876,28,392
0,0.000291321,29,420
0,0.000181952,30,450
0,0.000238194,31,480
0,0.000263842,32,512
0,0.0002755,33,544
0,0.000260557,34,578
0,0.000265531,35,612
0,0.000254065,36,648
0,0.000276283,37,684
0,0.000289974,38,722
0,0.000323752,39,760
0,0.000305943,40,800
0,0.000319851,41,840
0,0.000383205,42,882
0,0.000412092,43,924
0,0.000405715,44,968
0,0.00038717,45,1012
0,0.000419694,46,1058
0,0.000445488,47,1104
0,0.000450646,48,1152
0,0.000434812,49,1200
0,0.000452197,50,1250
