tam,tiempo,agentes,votos
1,5.597e-06,1,0
2,4.676e-06,2,2
0,6.426e-06,3,4
0,1.505e-05,4,8
1,2.0386e-05,5,12
3,3.0931e-05,6,18
1,2.7865e-05,7,24
0,5.0585e-05,8,32
0,7.1624e-05,9,40
2,4.5643e-05,10,50
0,7.4321e-05,11,60
0,6.9454e-05,12,72
0,6.8217e-05,13,84
0,5.2414e-05,14,98
0,9.6405e-05,15,112
0,7.303e-05,16,128
0,9.0844e-05,17,144
1,0.000123372,18,162
0,0.000103128,19,180
0,0.0001008,20,200
0,0.00013102,21,220
1,0.000207339,22,242
0,0.000113164,23,264
0,0.000120064,24,288
0,0.000156115,25,312
0,0.000137011,26,338
0,0.000199586,27,364
0,0.000157348,28,392
0,0.000210781,29,420
0,0.000160182,30,450
0,0.000218436,31,480
0,0.000226017,32,512
0,0.000317492,33,544
0,0.000228917,34,578
0,0.000242748,35,612
0,0.000254126,36,648
0,0.000269549,37,684
0,0.00033465,38,722
0,0.000291892,39,760
0,0.000326608,40,800
0,0.00032725,41,840
0,0.000354152,42,882
0,0.000356605,43,924
0,0.000409467,44,968
0,0.000391648,45,1012
0,0.000402513,46,1058
0,0.00044415,47,1104
0,0.000449573,48,1152
0,0.000456837,49,1200
0,0.000462785,50,1250
