tam,tiempo,agentes,votos
1,5.502e-06,1,0
2,4.69e-06,2,2
2,8.339e-06,3,4
0,7.221e-06,4,8
2,9.993e-06,5,12
1,1.8271e-05,6,18
1,3.0247e-05,7,24
0,2.5337e-05,8,32
0,5.6191e-05,9,40
0,3.2132e-05,10,50
0,4.4131e-05,11,60
1,0.000104799,12,72
1,9.2978e-05,13,84
0,6.6052e-05,14,98
0,9.2473e-05,15,112
0,7.5157e-05,16,128
0,0.000103975,17,144
0,7.4221e-05,18,162
0,7.8747e-05,19,180
0,0.000141497,20,200
0,0.000167583,21,220
0,0.000168703,22,242
0,0.000121876,23,264
0,0.000167457,24,288
0,0.000123177,25,312
0,0.000132195,26,338
0,0.000165035,27,364
0,0.000220714,28,392
0,0.000167252,29,420
0,0.000154591,30,450
0,0.000208541,31,480
0,0.000220147,32,512
0,0.000214471,33,544
0,0.000227322,34,578
0,0.000269206,35,612
0,0.000401995,36,648
0,0.000276336,37,684
0,0.000274362,38,722
0,0.000343242,39,760
0,0.000395088,40,800
0,0.000358982,41,840
0,0.000326969,42,882
0,0.000381058,43,924
0,0.000405055,44,968
0,0.000387137,45,1012
0,0.000382927,46,1058
0,0.000434086,47,1104
0,0.000429048,48,1152
0,0.000466213,49,1200
0,0.00045259,50,1250
