tam,tiempo,agentes,votos
1,5.399e-06,1,0
1,3.7e-06,2,2
2,6.186e-06,3,4
2,8.671e-06,4,8
2,1.4163e-05,5,12
0,2.113e-05,6,18
1,3.3876e-05,7,24
2,6.2526e-05,8,32
1,5.101e-05,9,40
1,3.4556e-05,10,50
0,7.0396e-05,11,60
0,6.6515e-05,12,72
0,7.7216e-05,13,84
0,5.7444e-05,14,98
0,5.2309e-05,15,112
0,0.000130113,16,128
0,0.000108272,17,144
0,8.854e-05,18,162
0,0.000110533,19,180
0,0.000106913,20,200
0,0.000219585,21,220
0,0.000100122,22,242
0,0.000138484,23,264
0,0.000175825,24,288
0,0.000178538,25,312
0,0.000137567,26,338
0,0.000168625,27,364
0,0.000167502,28,392
0,0.000211897,29,420
0,0.000231164,30,450
0,0.000266348,31,480
0,0.000355276,32,512
0,0.000257821,33,544
0,0.000222021,34,578
0,0.00025645,35,612
0,0.000248676,36,648
0,0.000255146,37,684
0,0.000331635,38,722
0,0.000367693,39,760
0,0.000288936,40,800
0,0.000311296,41,840
0,0.000334806,42,882
0,0.000522866,43,924
0,0.000384294,44,968
0,0.00039501,45,1012
0,0.000400913,46,1058
0,0.000558731,47,1104
0,0.000429386,48,1152
0,0.000445356,49,1200
0,0.000471484,50,1250
