tam,tiempo,agentes,votos
1,6.567e-06,1,0
1,7.034e-06,2,2
1,8.779e-06,3,4
1,2.3669e-05,4,8
2,1.7947e-05,5,12
1,1.9186e-05,6,18
1,2.6881e-05,7,24
2,7.1507e-05,8,32
0,6.1149e-05,9,40
1,7.1863e-05,10,50
1,6.6568e-05,11,60
0,7.9333e-05,12,72
0,6.1422e-05,13,84
0,8.2411e-05,14,98
0,0.000132906,15,112
0,0.000218382,16,128
0,9.8869e-05,17,144
0,8.4167e-05,18,162
0,0.000147651,19,180
0,9.5639e-05,20,200
0,0.000149186,21,220
0,0.000178789,22,242
0,0.000160845,23,264
0,0.000126632,24,288
0,0.000149952,25,312
0,0.000171265,26,338
0,0.00017307,27,364
0,0.000171236,28,392
0,0.000171815,29,420
0,0.000185206,30,450
0,0.000197104,31,480
0,0.000251174,32,512
0,0.000213051,33,544
0,0.000292001,34,578
0,0.000235501,35,612
0,0.000248612,36,648
0,0.000304577,37,684
0,0.000289348,38,722
0,0.000337183,39,760
0,0.000335697,40,800
0,0.000334861,41,840
0,0.000358517,42,882
0,0.000348188,43,924
0,0.000389504,44,968
0,0.000386454,45,1012
0,0.000402564,46,1058
0,0.000414642,47,1104
0,0.000459331,48,1152
0,0.000446685,49,1200
0,0.000462526,50,1250
