tam,tiempo,agentes,votos
1,5.919e-06,1,0
1,3.423e-06,2,2
1,7.358e-06,3,4
1,9.901e-06,4,8
3,2.0503e-05,5,12
2,2.0129e-05,6,18
1,2.2273e-05,7,24
1,4.2727e-05,8,32
1,2.5591e-05,9,40
0,5.7186e-05,10,50
0,4.8158e-05,11,60
0,7.5186e-05,12,72
0,0.00013441,13,84
0,8.0988e-05,14,98
1,9.0753e-05,15,112
0,6.1408e-05,16,128
0,0.000160321,17,144
1,9.6331e-05,18,162
0,8.5197e-05,19,180
0,0.000115507,20,200
0,0.000116806,21,220
0,0.000213289,22,242
0,0.000182354,23,264
0,0.00017603,24,288
0,0.000138305,25,312
0,0.000152376,26,338
0,0.000217291,27,364
0,0.000220158,28,392
0,0.000170973,29,420
0,0.000181389,30,450
0,0.000196915,31,480
0,0.00028949,32,512
0,0.000225504,33,544
0,0.000221579,34,578
0,0.000255968,35,612
0,0.000315772,36,648
0,0.000269488,37,684
0,0.000281829,38,722
0,0.000291208,39,760
0,0.000316622,40,800
0,0.000333595,41,840
0,0.000351976,42,882
0,0.000376269,43,924
0,0.000380927,44,968
0,0.000386374,45,1012
0,0.000383284,46,1058
0,0.000416894,47,1104
0,0.000439337,48,1152
0,0.000446022,49,1200
0,0.000515811,50,1250
