tam,tiempo,agentes,votos
1,5.381e-06,1,0
1,3.36e-06,2,2
1,7.322e-06,3,4
0,5.919e-06,4,8
1,2.1157e-05,5,12
1,3.7485e-05,6,18
0,4.0094e-05,7,24
0,4.5087e-05,8,32
0,3.5479e-05,9,40
1,4.924e-05,10,50
0,5.8837e-05,11,60
1,0.000112629,12,72
1,0.000151026,13,84
0,5.246e-05,14,98
0,9.1946e-05,15,112
0,8.3152e-05,16,128
0,0.000100516,17,144
0,0.000140114,18,162
0,8.9702e-05,19,180
0,0.000105514,20,200
0,0.000131383,21,220
0,0.00013535,22,242
0,0.000146237,23,264
0,0.000156469,24,288
0,0.00017259,25,312
0,0.000136822,26,338
0,0.00020365,27,364
0,0.000156964,28,392
0,0.000244022,29,420
0,0.000253486,30,450
0,0.000209189,31,480
0,0.000214528,32,512
0,0.000212848,33,544
0,0.000240976,34,578
0,0.000320726,35,612
0,0.000281018,36,648
0,0.000269679,37,684
0,0.000282372,38,722
0,0.000307424,39,760
0,0.000304365,40,800
0,0.000327868,41,840
0,0.00042432,42,882
0,0.000386781,43,924
0,0.000416689,44,968
0,0.000520579,45,1012
0,0.000471097,46,1058
0,0.000456245,47,1104
0,0.000429205,48,1152
0,0.000436002,49,1200
0,0.000462861,50,1250
