tam,tiempo,agentes,votos
1,5.704e-06,1,0
1,3.348e-06,2,2
2,5.92e-06,3,4
1,1.2522e-05,4,8
1,1.6407e-05,5,12
2,3.0543e-05,6,18
0,2.8191e-05,7,24
1,4.1926e-05,8,32
1,6.0615e-05,9,40
0,3.8685e-05,10,50
0,4.8383e-05,11,60
1,4.4529e-05,12,72
0,5.7263e-05,13,84
1,8.9399e-05,14,98
1,0.000168335,15,112
0,0.000119533,16,128
0,8.4577e-05,17,144
0,0.000142039,18,162
0,0.00011462,19,180
0,0.00015148,20,200
0,0.000148155,21,220
1,0.000157795,22,242
0,0.000155235,23,264
0,0.00013867,24,288
0,0.000127086,25,312
0,0.000136908,26,338
0,0.000174743,27,364
0,0.000152058,28,392
0,0.000161181,29,420
0,0.000191675,30,450
0,0.000203057,31,480
0,0.000208048,32,512
0,0.000218537,33,544
0,0.000233561,34,578
0,0.000243683,35,612
0,0.000389192,36,648
0,0.000289103,37,684
0,0.000295411,38,722
0,0.00028441,39,760
0,0.000297627,40,800
0,0.000361032,41,840
0,0.000361235,42,882
0,0.000338668,43,924
0,0.000419446,44,968
0,0.000396433,45,1012
0,0.000392726,46,1058
0,0.000413951,47,1104
0,0.000428763,48,1152
0,0.000485554,49,1200
0,0.000460892,50,1250
