tam,tiempo,agentes,votos
1,5.181e-06,1,0
1,3.373e-06,2,2
2,6.142e-06,3,4
1,9.102e-06,4,8
2,2.2871e-05,5,12
1,2.2809e-05,6,18
2,2.1988e-05,7,24
1,3.6197e-05,8,32
0,2.7627e-05,9,40
0,4.5314e-05,10,50
1,4.2805e-05,11,60
1,6.9372e-05,12,72
0,6.0384e-05,13,84
0,4.9483e-05,14,98
0,0.000162668,15,112
0,6.4946e-05,16,128
1,0.000102089,17,144
0,6.6772e-05,18,162
0,0.000104656,19,180
2,0.000207773,20,200
0,0.000188627,21,220
0,0.000121171,22,242
0,0.000121993,23,264
0,0.000145629,24,288
0,0.000122889,25,312
0,0.000137371,26,338
0,0.000153635,27,364
0,0.000176292,28,392
0,0.00015642,29,420
0,0.000201214,30,450
0,0.000197401,31,480
0,0.000275117,32,512
0,0.000213087,33,544
0,0.000228338,34,578
0,0.000242853,35,612
0,0.000254386,36,648
0,0.000249796,37,684
0,0.00042411,38,722
0,0.000324815,39,760
0,0.000341938,40,800
0,0.000318801,41,840
0,0.000361254,42,882
0,0.000380104,43,924
0,0.000352656,44,968
0,0.000386341,45,1012
0,0.00040213,46,1058
0,0.000404304,47,1104
0,0.000567093,48,1152
0,0.000476507,49,1200
0,0.000452254,50,1250
