tam,tiempo,agentes,votos
1,5.559e-06,1,0
2,4.616e-06,2,2
2,5.686e-06,3,4
2,8.073e-06,4,8
1,1.1358e-05,5,12
1,1.5456e-05,6,18
1,2.3615e-05,7,24
0,2.7537e-05,8,32
0,4.9511e-05,9,40
2,6.9521e-05,10,50
1,8.28e-05,11,60
0,5.6557e-05,12,72
0,5.1875e-05,13,84
0,5.4835e-05,14,98
0,7.1246e-05,15,112
0,0.000118998,16,128
0,0.000113507,17,144
0,8.1569e-05,18,162
1,0.00013609,19,180
0,0.000104075,20,200
0,0.000130921,21,220
0,0.000100806,22,242
1,0.000190557,23,264
0,0.000182116,24,288
0,0.000168276,25,312
0,0.000122468,26,338
0,0.000209702,27,364
0,0.000187635,28,392
0,0.00017673,29,420
0,0.000170431,30,450
0,0.000190471,31,480
0,0.000250968,32,512
0,0.000211936,33,544
0,0.000227729,34,578
0,0.000241926,35,612
0,0.000239174,36,648
0,0.000253852,37,684
0,0.000317544,38,722
0,0.000380085,39,760
0,0.000371973,40,800
0,0.000361209,41,840
0,0.00035672,42,882
0,0.00035661,43,924
0,0.000395703,44,968
0,0.000386448,45,1012
0,0.000418418,46,1058
0,0.000413681,47,1104
0,0.000449568,48,1152
0,0.000435633,49,1200
0,0.000461219,50,1250
