tam,tiempo,agentes,votos
1,5.269e-06,1,0
2,4.827e-06,2,2
2,5.908e-06,3,4
1,8.783e-06,4,8
0,9.246e-06,5,12
0,1.6752e-05,6,18
3,3.4059e-05,7,24
1,4.2937e-05,8,32
2,3.6138e-05,9,40
0,3.3853e-05,10,50
0,3.2553e-05,11,60
0,5.6645e-05,12,72
2,0.000150401,13,84
0,7.7627e-05,14,98
0,8.8154e-05,15,112
0,6.7561e-05,16,128
0,0.000107798,17,144
0,9.161e-05,18,162
0,0.000138247,19,180
1,0.000112744,20,200
0,0.000154585,21,220
0,0.0001042,22,242
0,0.000284304,23,264
0,0.000176194,24,288
0,0.000177843,25,312
0,0.000117876,26,338
0,0.000205234,27,364
0,0.000220778,28,392
0,0.000166786,29,420
0,0.000171054,30,450
0,0.000197198,31,480
0,0.000202108,32,512
0,0.000257959,33,544
0,0.00033365,34,578
0,0.00024894,35,612
0,0.000255761,36,648
0,0.00039995,37,684
0,0.000277749,38,722
0,0.000307839,39,760
0,0.000319733,40,800
0,0.00041593,41,840
0,0.0003266,42,882
0,0.000357151,43,924
0,0.000420675,44,968
0,0.000410067,45,1012
0,0.000392505,46,1058
0,0.000424394,47,1104
0,0.000449138,48,1152
0,0.000456554,49,1200
0,0.000463609,50,1250
