tam,tiempo,agentes,votos
1,5.43e-06,1,0
1,3.586e-06,2,2
1,4.479e-06,3,4
0,7.68e-06,4,8
1,1.5174e-05,5,12
1,2.2281e-05,6,18
0,2.1863e-05,7,24
0,3.4302e-05,8,32
0,6.0159e-05,9,40
0,3.8174e-05,10,50
0,3.6871e-05,11,60
3,0.000107072,12,72
0,7.3945e-05,13,84
0,6.0869e-05,14,98
1,0.000115453,15,112
0,6.1453e-05,16,128
0,0.000115068,17,144
0,7.8008e-05,18,162
0,0.000119576,19,180
0,0.000104451,20,200
0,9.6502e-05,21,220
0,0.000117217,22,242
0,0.000113955,23,264
0,0.000171972,24,288
0,0.000132787,25,312
0,0.000176081,26,338
0,0.000128364,27,364
0,0.00016979,28,392
0,0.000150589,29,420
0,0.000268233,30,450
0,0.000301943,31,480
0,0.000189161,32,512
0,0.000225023,33,544
0,0.000221282,34,578
0,0.000241597,35,612
0,0.000261041,36,648
0,0.000270412,37,684
0,0.000258776,38,722
0,0.000292312,39,760
0,0.000297556,40,800
0,0.000358871,41,840
0,0.000378017,42,882
0,0.000365848,43,924
0,0.00037081,44,968
0,0.00041158,45,1012
0,0.000462278,46,1058
0,0.000432976,47,1104
0,0.00042929,48,1152
0,0.000447311,49,1200
0,0.000463833,50,1250
