tam,tiempo,agentes,votos
1,5.241e-06,1,0
2,4.692e-06,2,2
1,7.646e-06,3,4
0,7.278e-06,4,8
1,1.3555e-05,5,12
0,1.3428e-05,6,18
3,2.922e-05,7,24
1,3.5125e-05,8,32
1,2.6249e-05,9,40
0,3.4411e-05,10,50
0,4.8878e-05,11,60
0,4.3998e-05,12,72
0,6.4973e-05,13,84
0,9.251e-05,14,98
0,9.2033e-05,15,112
0,7.1666e-05,16,128
1,0.000116812,17,144
0,9.9772e-05,18,162
0,8.9594e-05,19,180
0,0.000135763,20,200
0,0.000156744,21,220
0,0.000138974,22,242
0,0.000215746,23,264
0,0.000153853,24,288
0,0.000109647,25,312
0,0.000156134,26,338
0,0.000188112,27,364
0,0.000136514,28,392
0,0.000195407,29,420
0,0.000301557,30,450
0,0.00020276,31,480
0,0.000285713,32,512
0,0.00019945,33,544
0,0.000214408,34,578
0,0.000256437,35,612
0,0.000255283,36,648
0,0.000297637,37,684
0,0.000368241,38,722
0,0.000314704,39,760
0,0.000296441,40,800
0,0.000412606,41,840
0,0.000326325,42,882
0,0.000389607,43,924
0,0.000394496,44,968
0,0.000377533,45,1012
0,0.000420653,46,1058
0,0.000414226,47,1104
0,0.000680101,48,1152
0,0.000581675,49,1200
0,0.00046124,50,1250
