tam,tiempo,agentes,votos
1,5.597e-06,1,0
1,3.414e-06,2,2
2,9.377e-06,3,4
1,1.0027e-05,4,8
2,1.1091e-05,5,12
1,1.234e-05,6,18
1,3.8826e-05,7,24
0,4.449e-05,8,32
1,3.4259e-05,9,40
2,6.3363e-05,10,50
1,6.7457e-05,11,60
0,3.9187e-05,12,72
0,3.8142e-05,13,84
1,0.000107919,14,98
0,0.000163223,15,112
0,9.8626e-05,16,128
1,0.000235448,17,144
1,0.000155992,18,162
0,8.5663e-05,19,180
0,0.000137135,20,200
0,9.6495e-05,21,220
0,0.00013282,22,242
0,0.000132383,23,264
0,0.00010631,24,288
0,0.000146119,25,312
0,0.000146098,26,338
0,0.000128033,27,364
0,0.000186159,28,392
0,0.000215667,29,420
0,0.000220607,30,450
0,0.000184833,31,480
0,0.000226624,32,512
0,0.000309062,33,544
0,0.000228012,34,578
0,0.000286347,35,612
0,0.000282339,36,648
0,0.000270156,37,684
0,0.00038391,38,722
0,0.00029899,39,760
0,0.000312162,40,800
0,0.000311132,41,840
0,0.000344741,42,882
0,0.000356183,43,924
0,0.000389901,44,968
0,0.000377943,45,1012
0,0.000435093,46,1058
0,0.000414718,47,1104
0,0.000429809,48,1152
0,0.000478489,49,1200
0,0.000474548,50,1250
