tam,tiempo,agentes,votos
1,5.229e-06,1,0
1,3.875e-06,2,2
1,5.965e-06,3,4
1,6.587e-06,4,8
1,1.1001e-05,5,12
0,1.8733e-05,6,18
1,1.5629e-05,7,24
2,3.1588e-05,8,32
2,4.8205e-05,9,40
1,3.6863e-05,10,50
0,3.4465e-05,11,60
1,6.1464e-05,12,72
0,6.4731e-05,13,84
1,6.3541e-05,14,98
0,6.8011e-05,15,112
0,0.000138097,16,128
0,7.4363e-05,17,144
0,0.000105978,18,162
0,7.7867e-05,19,180
0,0.000229903,20,200
0,0.000145607,21,220
0,9.5956e-05,22,242
0,0.000122296,23,264
0,0.00014817,24,288
0,0.000141086,25,312
0,0.000122823,26,338
0,0.000143104,27,364
1,0.000195933,28,392
0,0.000161659,29,420
0,0.000149122,30,450
0,0.000261407,31,480
0,0.00024433,32,512
0,0.000284681,33,544
0,0.000282948,34,578
0,0.000287448,35,612
0,0.00025432,36,648
0,0.00026777,37,684
0,0.000290749,38,722
0,0.000375494,39,760
0,0.000318281,40,800
0,0.000379244,41,840
0,0.000362147,42,882
0,0.00036371,43,924
0,0.000370957,44,968
0,0.000428009,45,1012
0,0.00039306,46,1058
0,0.000423413,47,1104
0,0.000486572,48,1152
0,0.000466588,49,1200
0,0.000472995,50,1250
