tam,tiempo,agentes,votos
1,5.394e-06,1,0
1,3.639e-06,2,2
3,7.552e-06,3,4
1,8.824e-06,4,8
1,1.5042e-05,5,12
0,9.21e-06,6,18
2,2.8672e-05,7,24
1,4.4422e-05,8,32
1,6.3096e-05,9,40
0,5.2388e-05,10,50
0,6.5426e-05,11,60
0,6.9308e-05,12,72
0,6.2161e-05,13,84
0,9.1705e-05,14,98
1,0.000101172,15,112
0,8.4376e-05,16,128
0,6.7843e-05,17,144
0,9.9299e-05,18,162
1,9.7271e-05,19,180
0,0.000176078,20,200
1,0.000126984,21,220
0,0.000117952,22,242
0,0.00010467,23,264
0,0.000179013,24,288
0,0.000171733,25,312
0,0.000127497,26,338
0,0.000203945,27,364
0,0.000162297,28,392
0,0.000206876,29,420
0,0.00017004,30,450
0,0.000191195,31,480
0,0.00020303,32,512
0,0.000213206,33,544
0,0.000312783,34,578
0,0.000235899,35,612
0,0.000241808,36,648
0,0.000407017,37,684
0,0.000377654,38,722
0,0.000285374,39,760
0,0.000313809,40,800
0,0.000312767,41,840
0,0.000362492,42,882
0,0.000357755,43,924
0,0.000363211,44,968
0,0.000396709,45,1012
0,0.000426496,46,1058
0,0.000415727,47,1104
0,0.000430672,48,1152
0,0.000456624,49,1200
0,0.000453406,50,1250
