tam,tiempo,agentes,votos
1,5.388e-06,1,0
2,4.57e-06,2,2
2,5.498e-06,3,4
1,7.837e-06,4,8
2,1.8925e-05,5,12
1,2.1871e-05,6,18
2,2.9397e-05,7,24
0,3.1353e-05,8,32
0,4.3806e-05,9,40
1,0.0001604,10,50
0,4.8361e-05,11,60
0,7.7669e-05,12,72
1,6.6921e-05,13,84
0,7.4825e-05,14,98
0,7.4176e-05,15,112
0,6.1626e-05,16,128
0,0.000110689,17,144
0,0.000242745,18,162
0,0.00011149,19,180
0,8.9224e-05,20,200
0,8.3949e-05,21,220
0,9.9884e-05,22,242
0,0.000234477,23,264
0,0.000105908,24,288
0,0.000140386,25,312
0,0.000112931,26,338
0,0.000122516,27,364
1,0.000332675,28,392
0,0.000161786,29,420
0,0.000182656,30,450
0,0.000275996,31,480
0,0.000208059,32,512
0,0.000415721,33,544
0,0.000275286,34,578
0,0.000288234,35,612
0,0.000238655,36,648
0,0.000400666,37,684
0,0.000285524,38,722
0,0.000273445,39,760
0,0.000407105,40,800
0,0.000309181,41,840
0,0.000346297,42,882
0,0.0003569,43,924
0,0.000352652,44,968
0,0.000417086,45,1012
0,0.000443767,46,1058
0,0.000414399,47,1104
0,0.000429229,48,1152
0,0.000476761,49,1200
0,0.000451694,50,1250
