tam,tiempo,agentes,votos
1,5.651e-06,1,0
2,4.801e-06,2,2
1,5.96e-06,3,4
2,8.041e-06,4,8
0,3.4087e-05,5,12
0,2.4233e-05,6,18
1,3.8711e-05,7,24
3,2.9151e-05,8,32
2,2.6689e-05,9,40
0,2.7379e-05,10,50
0,2.9888e-05,11,60
1,4.2567e-05,12,72
0,7.4131e-05,13,84
0,8.5506e-05,14,98
0,6.1709e-05,15,112
0,8.7559e-05,16,128
1,0.000129187,17,144
0,8.864e-05,18,162
0,8.6494e-05,19,180
0,9.2497e-05,20,200
1,0.000128995,21,220
0,0.000198801,22,242
0,0.000135837,23,264
0,0.000176855,24,288
0,0.000160799,25,312
0,0.0001264,26,338
0,0.000143015,27,364
0,0.000171657,28,392
0,0.000187589,29,420
0,0.00016516,30,450
0,0.000184783,31,480
0,0.000211206,32,512
0,0.000232351,33,544
0,0.000324648,34,578
0,0.000228682,35,612
0,0.000275716,36,648
0,0.00031901,37,684
0,0.000311414,38,722
0,0.000332906,39,760
0,0.000329553,40,800
0,0.000310923,41,840
0,0.000326871,42,882
0,0.000398061,43,924
0,0.000370182,44,968
0,0.000377043,45,1012
0,0.000401197,46,1058
0,0.000404025,47,1104
0,0.000428703,48,1152
0,0.000475563,49,1200
0,0.000507491,50,1250
