tam,tiempo,agentes,votos
1,6.084e-06,1,0
1,3.675e-06,2,2
0,5.382e-06,3,4
1,6.296e-06,4,8
2,1.1841e-05,5,12
3,3.3517e-05,6,18
1,2.8521e-05,7,24
0,2.1753e-05,8,32
0,5.413e-05,9,40
0,5.9142e-05,10,50
0,6.2903e-05,11,60
0,6.2453e-05,12,72
0,8.7135e-05,13,84
0,7.2477e-05,14,98
1,0.000148318,15,112
1,0.000107748,16,128
0,0.000261375,17,144
0,8.8531e-05,18,162
0,7.0488e-05,19,180
0,0.000100035,20,200
0,0.000165886,21,220
0,0.000155201,22,242
0,0.000108584,23,264
0,0.000102263,24,288
0,0.000136934,25,312
0,0.000122783,26,338
0,0.000204805,27,364
0,0.000268596,28,392
0,0.000265509,29,420
0,0.000165857,30,450
0,0.000197355,31,480
0,0.000232735,32,512
0,0.000230747,33,544
0,0.000378435,34,578
0,0.000249038,35,612
0,0.000267212,36,648
0,0.000349076,37,684
0,0.000267159,38,722
0,0.000322711,39,760
0,0.000305519,40,800
0,0.000311332,41,840
0,0.000435037,42,882
0,0.000446415,43,924
0,0.000397463,44,968
0,0.000412075,45,1012
0,0.000486493,46,1058
0,0.000413677,47,1104
0,0.000439234,48,1152
0,0.000560512,49,1200
0,0.000451718,50,1250
